-- role
INSERT INTO role (id, name, status, created_date, updated_date) VALUES (1, 'ROLE_ADMIN', 'active', '2025-01-01 00:00:00', '2025-01-01 00:00:00');
INSERT INTO role (id, name, status, created_date, updated_date) VALUES (2, 'ROLE_USER', 'active', '2025-01-01 00:00:00', '2025-01-01 00:00:00');

-- Users
-- Password: 123456
INSERT INTO users (id, username, password, full_name, birth_day, status, email, is_account_non_expired, is_account_non_locked, is_credentials_non_expired, is_enabled, created_date, updated_date, created_by, updated_by) VALUES (1, 'sys.admin', '$2a$10$N.zmdr9k7uOCQb376NoUnuTJ8iAt6Z5EHsM8lE9lBOcd7IA/7I3Cq', 'System Administrator', '1985-10-10', 'active', 'sys.admin@example.com', true, true, true, true, '2025-01-01 00:00:00', '2025-01-01 00:00:00', NULL, NULL);
INSERT INTO users (id, username, password, full_name, birth_day, status, email, is_account_non_expired, is_account_non_locked, is_credentials_non_expired, is_enabled, created_date, updated_date, created_by, updated_by) VALUES (2, 'content.mgr', '$2a$10$N.zmdr9k7uOCQb376NoUnuTJ8iAt6Z5EHsM8lE9lBOcd7IA/7I3Cq', 'Content Manager', '1988-03-12', 'active', 'manager@example.com', true, true, true, true, '2025-01-01 00:00:00', '2025-01-01 00:00:00', 1, 1);
INSERT INTO users (id, username, password, full_name, birth_day, status, email, is_account_non_expired, is_account_non_locked, is_credentials_non_expired, is_enabled, created_date, updated_date, created_by, updated_by) VALUES (3, 'alex.smith', '$2a$10$N.zmdr9k7uOCQb376NoUnuTJ8iAt6Z5EHsM8lE9lBOcd7IA/7I3Cq', 'Alex Smith', '1990-05-15', 'active', 'alex.smith@example.com', true, true, true, true, '2025-01-01 00:00:00', '2025-01-01 00:00:00', 1, 1);
INSERT INTO users (id, username, password, full_name, birth_day, status, email, is_account_non_expired, is_account_non_locked, is_credentials_non_expired, is_enabled, created_date, updated_date, created_by, updated_by) VALUES (4, 'sarah.jones', '$2a$10$N.zmdr9k7uOCQb376NoUnuTJ8iAt6Z5EHsM8lE9lBOcd7IA/7I3Cq', 'Sarah Jones', '1992-11-20', 'active', 'sarah.jones@example.com', true, true, true, true, '2025-01-01 00:00:00', '2025-01-01 00:00:00', 1, 1);

-- User role
INSERT INTO user_role (id, user_id, role_id, status, created_date, updated_date) VALUES (1, 1, 1, 'active', '2025-01-01 00:00:00', '2025-01-01 00:00:00');
INSERT INTO user_role (id, user_id, role_id, status, created_date, updated_date) VALUES (2, 1, 2, 'active', '2025-01-01 00:00:00', '2025-01-01 00:00:00');
INSERT INTO user_role (id, user_id, role_id, status, created_date, updated_date) VALUES (3, 2, 1, 'active', '2025-01-01 00:00:00', '2025-01-01 00:00:00');
INSERT INTO user_role (id, user_id, role_id, status, created_date, updated_date) VALUES (4, 2, 2, 'active', '2025-01-01 00:00:00', '2025-01-01 00:00:00');
INSERT INTO user_role (id, user_id, role_id, status, created_date, updated_date) VALUES (5, 3, 2, 'active', '2025-01-01 00:00:00', '2025-01-01 00:00:00');
INSERT INTO user_role (id, user_id, role_id, status, created_date, updated_date) VALUES (6, 4, 2, 'active', '2025-01-01 00:00:00', '2025-01-01 00:00:00');

-- size
INSERT INTO size (id, size_name, status, created_date, updated_date) VALUES (1, 'XXS', 'active', '2025-01-01 00:00:00', '2025-01-01 00:00:00');
INSERT INTO size (id, size_name, status, created_date, updated_date) VALUES (2, 'XS', 'active', '2025-01-01 00:00:00', '2025-01-01 00:00:00');
INSERT INTO size (id, size_name, status, created_date, updated_date) VALUES (3, 'S', 'active', '2025-01-01 00:00:00', '2025-01-01 00:00:00');
INSERT INTO size (id, size_name, status, created_date, updated_date) VALUES (4, 'M', 'active', '2025-01-01 00:00:00', '2025-01-01 00:00:00');
INSERT INTO size (id, size_name, status, created_date, updated_date) VALUES (5, 'L', 'active', '2025-01-01 00:00:00', '2025-01-01 00:00:00');
INSERT INTO size (id, size_name, status, created_date, updated_date) VALUES (6, 'XL', 'active', '2025-01-01 00:00:00', '2025-01-01 00:00:00');
INSERT INTO size (id, size_name, status, created_date, updated_date) VALUES (7, 'XXL', 'active', '2025-01-01 00:00:00', '2025-01-01 00:00:00');
INSERT INTO size (id, size_name, status, created_date, updated_date) VALUES (8, '3XL', 'active', '2025-01-01 00:00:00', '2025-01-01 00:00:00');
INSERT INTO size (id, size_name, status, created_date, updated_date) VALUES (9, '4XL', 'active', '2025-01-01 00:00:00', '2025-01-01 00:00:00');
INSERT INTO size (id, size_name, status, created_date, updated_date) VALUES (10, '5XL', 'active', '2025-01-01 00:00:00', '2025-01-01 00:00:00');

-- material
INSERT INTO material (id, material_name, status, created_date, updated_date) VALUES (1, 'Cotton', 'active', '2025-01-01 00:00:00', '2025-01-01 00:00:00');
INSERT INTO material (id, material_name, status, created_date, updated_date) VALUES (2, 'Wool', 'active', '2025-01-01 00:00:00', '2025-01-01 00:00:00');
INSERT INTO material (id, material_name, status, created_date, updated_date) VALUES (3, 'Leather', 'active', '2025-01-01 00:00:00', '2025-01-01 00:00:00');
INSERT INTO material (id, material_name, status, created_date, updated_date) VALUES (4, 'Polyester', 'active', '2025-01-01 00:00:00', '2025-01-01 00:00:00');
INSERT INTO material (id, material_name, status, created_date, updated_date) VALUES (5, 'Silk', 'active', '2025-01-01 00:00:00', '2025-01-01 00:00:00');
INSERT INTO material (id, material_name, status, created_date, updated_date) VALUES (6, 'Linen', 'active', '2025-01-01 00:00:00', '2025-01-01 00:00:00');
INSERT INTO material (id, material_name, status, created_date, updated_date) VALUES (7, 'Denim', 'active', '2025-01-01 00:00:00', '2025-01-01 00:00:00');

-- season
INSERT INTO season (id, season_name, status, created_date, updated_date) VALUES (1, 'Spring', 'active', '2025-01-01 00:00:00', '2025-01-01 00:00:00');
INSERT INTO season (id, season_name, status, created_date, updated_date) VALUES (2, 'Summer', 'active', '2025-01-01 00:00:00', '2025-01-01 00:00:00');
INSERT INTO season (id, season_name, status, created_date, updated_date) VALUES (3, 'Autumn', 'active', '2025-01-01 00:00:00', '2025-01-01 00:00:00');
INSERT INTO season (id, season_name, status, created_date, updated_date) VALUES (4, 'Winter', 'active', '2025-01-01 00:00:00', '2025-01-01 00:00:00');

-- category
INSERT INTO category (id, name, description, image_url, status, created_date, updated_date) VALUES (1, 'Dresses', 'Various product for Dresses', 'http://placehold.it/200x200', 'active', '2025-01-01 00:00:00', '2025-01-01 00:00:00');
INSERT INTO category (id, name, description, image_url, status, created_date, updated_date) VALUES (2, 'Jackets', 'Various product for Jackets', 'http://placehold.it/200x200', 'active', '2025-01-01 00:00:00', '2025-01-01 00:00:00');
INSERT INTO category (id, name, description, image_url, status, created_date, updated_date) VALUES (3, 'Coats', 'Various product for Coats', 'http://placehold.it/200x200', 'active', '2025-01-01 00:00:00', '2025-01-01 00:00:00');
INSERT INTO category (id, name, description, image_url, status, created_date, updated_date) VALUES (4, 'Shoe', 'Various product for Shoe', 'http://placehold.it/200x200', 'active', '2025-01-01 00:00:00', '2025-01-01 00:00:00');
INSERT INTO category (id, name, description, image_url, status, created_date, updated_date) VALUES (5, 'New product', 'Various product for New product', 'http://placehold.it/200x200', 'active', '2025-01-01 00:00:00', '2025-01-01 00:00:00');
INSERT INTO category (id, name, description, image_url, status, created_date, updated_date) VALUES (6, 'Shirts', 'Various product for Shirts', 'http://placehold.it/200x200', 'active', '2025-01-01 00:00:00', '2025-01-01 00:00:00');
INSERT INTO category (id, name, description, image_url, status, created_date, updated_date) VALUES (7, 'Collections', 'Various product for Collections', 'http://placehold.it/200x200', 'active', '2025-01-01 00:00:00', '2025-01-01 00:00:00');

-- color
INSERT INTO color (id, color_name, color_code, status, created_date, updated_date) VALUES (1, 'White', '#FFF8F8FF', 'active', '2025-01-01 00:00:00', '2025-01-01 00:00:00');
INSERT INTO color (id, color_name, color_code, status, created_date, updated_date) VALUES (2, 'Black', '#FF000000', 'active', '2025-01-01 00:00:00', '2025-01-01 00:00:00');
INSERT INTO color (id, color_name, color_code, status, created_date, updated_date) VALUES (3, 'Blue', '#FF2196F3', 'active', '2025-01-01 00:00:00', '2025-01-01 00:00:00');
INSERT INTO color (id, color_name, color_code, status, created_date, updated_date) VALUES (4, 'Brown', '#FF795548', 'active', '2025-01-01 00:00:00', '2025-01-01 00:00:00');
INSERT INTO color (id, color_name, color_code, status, created_date, updated_date) VALUES (5, 'Custom', '#FFCCCCCC', 'active', '2025-01-01 00:00:00', '2025-01-01 00:00:00');
INSERT INTO color (id, color_name, color_code, status, created_date, updated_date) VALUES (6, 'Red', '#FFF44336', 'active', '2025-01-01 00:00:00', '2025-01-01 00:00:00');
INSERT INTO color (id, color_name, color_code, status, created_date, updated_date) VALUES (7, 'Yellow', '#FFFFEB3B', 'active', '2025-01-01 00:00:00', '2025-01-01 00:00:00');
INSERT INTO color (id, color_name, color_code, status, created_date, updated_date) VALUES (8, 'Indigo', '#FF3F51B5', 'active', '2025-01-01 00:00:00', '2025-01-01 00:00:00');
INSERT INTO color (id, color_name, color_code, status, created_date, updated_date) VALUES (9, 'Grey', '#FF9E9E9E', 'active', '2025-01-01 00:00:00', '2025-01-01 00:00:00');
INSERT INTO color (id, color_name, color_code, status, created_date, updated_date) VALUES (10, 'Navy', '#FF000080', 'active', '2025-01-01 00:00:00', '2025-01-01 00:00:00');
INSERT INTO color (id, color_name, color_code, status, created_date, updated_date) VALUES (11, 'Pink', '#FFE91E63', 'active', '2025-01-01 00:00:00', '2025-01-01 00:00:00');
INSERT INTO color (id, color_name, color_code, status, created_date, updated_date) VALUES (12, 'Burgundy', '#FF800020', 'active', '2025-01-01 00:00:00', '2025-01-01 00:00:00');
INSERT INTO color (id, color_name, color_code, status, created_date, updated_date) VALUES (13, 'Green', '#FF4CAF50', 'active', '2025-01-01 00:00:00', '2025-01-01 00:00:00');
INSERT INTO color (id, color_name, color_code, status, created_date, updated_date) VALUES (14, 'Beige', '#FFF5F5DC', 'active', '2025-01-01 00:00:00', '2025-01-01 00:00:00');
INSERT INTO color (id, color_name, color_code, status, created_date, updated_date) VALUES (15, 'Tan', '#FFD2B48C', 'active', '2025-01-01 00:00:00', '2025-01-01 00:00:00');
INSERT INTO color (id, color_name, color_code, status, created_date, updated_date) VALUES (16, 'Khaki', '#FFF0E68C', 'active', '2025-01-01 00:00:00', '2025-01-01 00:00:00');
INSERT INTO color (id, color_name, color_code, status, created_date, updated_date) VALUES (17, 'Silver', '#FFC0C0C0', 'active', '2025-01-01 00:00:00', '2025-01-01 00:00:00');
INSERT INTO color (id, color_name, color_code, status, created_date, updated_date) VALUES (18, 'Olive', '#FF808000', 'active', '2025-01-01 00:00:00', '2025-01-01 00:00:00');
INSERT INTO color (id, color_name, color_code, status, created_date, updated_date) VALUES (19, 'Orange', '#FFFF9800', 'active', '2025-01-01 00:00:00', '2025-01-01 00:00:00');

-- product, Prices, Images, Variants
INSERT INTO product (id, name, description, category_id, status, created_date, updated_date, created_by, updated_by) VALUES (1, 'Gap × DÔEN Eyelet Midi Dress', 'Description for Gap × DÔEN Eyelet Midi Dress', 1, 'active', '2025-01-01 00:00:00', '2025-01-01 00:00:00', 1, 1);
INSERT INTO product_image (id, image_url, display_order, is_primary, product_id, created_date, updated_date) VALUES (1, 'https://www1.assets-gap.com/webcontent/0059/167/062/cn59167062.jpg?q=h&w=1152', 0, 1, 1, '2025-01-01 00:00:00', '2025-01-01 00:00:00');
INSERT INTO product_image (id, image_url, display_order, is_primary, product_id, created_date, updated_date) VALUES (2, 'https://www.gap.com/webcontent/0059/167/046/cn59167046.jpg', 1, 0, 1, '2025-01-01 00:00:00', '2025-01-01 00:00:00');
INSERT INTO product_image (id, image_url, display_order, is_primary, product_id, created_date, updated_date) VALUES (3, 'https://www.gap.com/webcontent/0059/370/023/cn59370023.jpg', 2, 0, 1, '2025-01-01 00:00:00', '2025-01-01 00:00:00');
INSERT INTO product_image (id, image_url, display_order, is_primary, product_id, created_date, updated_date) VALUES (4, 'https://www.gap.com/webcontent/0059/370/012/cn59370012.jpg', 3, 0, 1, '2025-01-01 00:00:00', '2025-01-01 00:00:00');
INSERT INTO product_image (id, image_url, display_order, is_primary, product_id, created_date, updated_date) VALUES (5, 'https://www.gap.com/webcontent/0059/166/696/cn59166696.jpg', 4, 0, 1, '2025-01-01 00:00:00', '2025-01-01 00:00:00');
INSERT INTO product_image (id, image_url, display_order, is_primary, product_id, created_date, updated_date) VALUES (6, 'https://www.gap.com/webcontent/0059/398/713/cn59398713.jpg', 5, 0, 1, '2025-01-01 00:00:00', '2025-01-01 00:00:00');
INSERT INTO product_image (id, image_url, display_order, is_primary, product_id, created_date, updated_date) VALUES (7, 'https://www.gap.com/webcontent/0059/398/714/cn59398714.jpg', 6, 0, 1, '2025-01-01 00:00:00', '2025-01-01 00:00:00');
INSERT INTO product_image (id, image_url, display_order, is_primary, product_id, created_date, updated_date) VALUES (8, 'https://www.gap.com/webcontent/0059/353/083/cn59353083.jpg', 7, 0, 1, '2025-01-01 00:00:00', '2025-01-01 00:00:00');
INSERT INTO product_image (id, image_url, display_order, is_primary, product_id, created_date, updated_date) VALUES (9, 'https://www.gap.com/webcontent/0059/437/053/cn59437053.jpg', 8, 0, 1, '2025-01-01 00:00:00', '2025-01-01 00:00:00');
INSERT INTO prices (id, base_price, sale_price, status, created_date, updated_date) VALUES (1, 158, 64.97, 'active', '2025-01-01 00:00:00', '2025-01-01 00:00:00');
INSERT INTO product_variants (id, product_id, color_id, size_id, price_id, material_id, season_id, status, created_date, updated_date) VALUES (1, 1, 1, 4, 1, 7, 2, 'active', '2025-01-01 00:00:00', '2025-01-01 00:00:00');
INSERT INTO prices (id, base_price, sale_price, status, created_date, updated_date) VALUES (2, 158, 64.97, 'active', '2025-01-01 00:00:00', '2025-01-01 00:00:00');
INSERT INTO product_variants (id, product_id, color_id, size_id, price_id, material_id, season_id, status, created_date, updated_date) VALUES (2, 1, 1, 3, 2, 1, 1, 'active', '2025-01-01 00:00:00', '2025-01-01 00:00:00');
INSERT INTO prices (id, base_price, sale_price, status, created_date, updated_date) VALUES (3, 158, 64.97, 'active', '2025-01-01 00:00:00', '2025-01-01 00:00:00');
INSERT INTO product_variants (id, product_id, color_id, size_id, price_id, material_id, season_id, status, created_date, updated_date) VALUES (3, 1, 1, 2, 3, 6, 4, 'active', '2025-01-01 00:00:00', '2025-01-01 00:00:00');
INSERT INTO prices (id, base_price, sale_price, status, created_date, updated_date) VALUES (4, 158, 64.97, 'active', '2025-01-01 00:00:00', '2025-01-01 00:00:00');
INSERT INTO product_variants (id, product_id, color_id, size_id, price_id, material_id, season_id, status, created_date, updated_date) VALUES (4, 1, 2, 3, 4, 6, 2, 'active', '2025-01-01 00:00:00', '2025-01-01 00:00:00');
INSERT INTO prices (id, base_price, sale_price, status, created_date, updated_date) VALUES (5, 158, 64.97, 'active', '2025-01-01 00:00:00', '2025-01-01 00:00:00');
INSERT INTO product_variants (id, product_id, color_id, size_id, price_id, material_id, season_id, status, created_date, updated_date) VALUES (5, 1, 2, 7, 5, 5, 1, 'active', '2025-01-01 00:00:00', '2025-01-01 00:00:00');
INSERT INTO product (id, name, description, category_id, status, created_date, updated_date, created_by, updated_by) VALUES (2, 'Lace-Trim V-Neck Crepe Maxi Dress', 'Description for Lace-Trim V-Neck Crepe Maxi Dress', 1, 'active', '2025-01-01 00:00:00', '2025-01-01 00:00:00', 1, 1);
INSERT INTO product_image (id, image_url, display_order, is_primary, product_id, created_date, updated_date) VALUES (10, 'https://www1.assets-gap.com/webcontent/0060/139/770/cn60139770.jpg?q=h&w=1152', 0, 1, 2, '2025-01-01 00:00:00', '2025-01-01 00:00:00');
INSERT INTO product_image (id, image_url, display_order, is_primary, product_id, created_date, updated_date) VALUES (11, 'https://www.gap.com/webcontent/0060/139/746/cn60139746.jpg', 1, 0, 2, '2025-01-01 00:00:00', '2025-01-01 00:00:00');
INSERT INTO product_image (id, image_url, display_order, is_primary, product_id, created_date, updated_date) VALUES (12, 'https://www.gap.com/webcontent/0060/139/763/cn60139763.jpg', 2, 0, 2, '2025-01-01 00:00:00', '2025-01-01 00:00:00');
INSERT INTO product_image (id, image_url, display_order, is_primary, product_id, created_date, updated_date) VALUES (13, 'https://www.gap.com/webcontent/0060/139/764/cn60139764.jpg', 3, 0, 2, '2025-01-01 00:00:00', '2025-01-01 00:00:00');
INSERT INTO product_image (id, image_url, display_order, is_primary, product_id, created_date, updated_date) VALUES (14, 'https://www.gap.com/webcontent/0060/139/766/cn60139766.jpg', 4, 0, 2, '2025-01-01 00:00:00', '2025-01-01 00:00:00');
INSERT INTO product_image (id, image_url, display_order, is_primary, product_id, created_date, updated_date) VALUES (15, 'https://www.gap.com/webcontent/0059/854/774/cn59854774.jpg', 5, 0, 2, '2025-01-01 00:00:00', '2025-01-01 00:00:00');
INSERT INTO product_image (id, image_url, display_order, is_primary, product_id, created_date, updated_date) VALUES (16, 'https://www.gap.com/webcontent/0059/854/778/cn59854778.jpg', 6, 0, 2, '2025-01-01 00:00:00', '2025-01-01 00:00:00');
INSERT INTO product_image (id, image_url, display_order, is_primary, product_id, created_date, updated_date) VALUES (17, 'https://www.gap.com/webcontent/0059/733/862/cn59733862.jpg', 7, 0, 2, '2025-01-01 00:00:00', '2025-01-01 00:00:00');
INSERT INTO product_image (id, image_url, display_order, is_primary, product_id, created_date, updated_date) VALUES (18, 'https://www.gap.com/webcontent/0059/763/192/cn59763192.jpg', 8, 0, 2, '2025-01-01 00:00:00', '2025-01-01 00:00:00');
INSERT INTO prices (id, base_price, sale_price, status, created_date, updated_date) VALUES (6, 118, 59, 'active', '2025-01-01 00:00:00', '2025-01-01 00:00:00');
INSERT INTO product_variants (id, product_id, color_id, size_id, price_id, material_id, season_id, status, created_date, updated_date) VALUES (6, 2, 3, 5, 6, 3, 1, 'active', '2025-01-01 00:00:00', '2025-01-01 00:00:00');
INSERT INTO prices (id, base_price, sale_price, status, created_date, updated_date) VALUES (7, 118, 59, 'active', '2025-01-01 00:00:00', '2025-01-01 00:00:00');
INSERT INTO product_variants (id, product_id, color_id, size_id, price_id, material_id, season_id, status, created_date, updated_date) VALUES (7, 2, 3, 4, 7, 1, 3, 'active', '2025-01-01 00:00:00', '2025-01-01 00:00:00');
INSERT INTO prices (id, base_price, sale_price, status, created_date, updated_date) VALUES (8, 118, 59, 'active', '2025-01-01 00:00:00', '2025-01-01 00:00:00');
INSERT INTO product_variants (id, product_id, color_id, size_id, price_id, material_id, season_id, status, created_date, updated_date) VALUES (8, 2, 4, 8, 8, 1, 2, 'active', '2025-01-01 00:00:00', '2025-01-01 00:00:00');
INSERT INTO prices (id, base_price, sale_price, status, created_date, updated_date) VALUES (9, 118, 59, 'active', '2025-01-01 00:00:00', '2025-01-01 00:00:00');
INSERT INTO product_variants (id, product_id, color_id, size_id, price_id, material_id, season_id, status, created_date, updated_date) VALUES (9, 2, 4, 2, 9, 2, 3, 'active', '2025-01-01 00:00:00', '2025-01-01 00:00:00');
INSERT INTO prices (id, base_price, sale_price, status, created_date, updated_date) VALUES (10, 118, 59, 'active', '2025-01-01 00:00:00', '2025-01-01 00:00:00');
INSERT INTO product_variants (id, product_id, color_id, size_id, price_id, material_id, season_id, status, created_date, updated_date) VALUES (10, 2, 4, 3, 10, 7, 3, 'active', '2025-01-01 00:00:00', '2025-01-01 00:00:00');
INSERT INTO prices (id, base_price, sale_price, status, created_date, updated_date) VALUES (11, 118, 59, 'active', '2025-01-01 00:00:00', '2025-01-01 00:00:00');
INSERT INTO product_variants (id, product_id, color_id, size_id, price_id, material_id, season_id, status, created_date, updated_date) VALUES (11, 2, 5, 4, 11, 5, 4, 'active', '2025-01-01 00:00:00', '2025-01-01 00:00:00');
INSERT INTO prices (id, base_price, sale_price, status, created_date, updated_date) VALUES (12, 118, 59, 'active', '2025-01-01 00:00:00', '2025-01-01 00:00:00');
INSERT INTO product_variants (id, product_id, color_id, size_id, price_id, material_id, season_id, status, created_date, updated_date) VALUES (12, 2, 5, 3, 12, 1, 3, 'active', '2025-01-01 00:00:00', '2025-01-01 00:00:00');
INSERT INTO product (id, name, description, category_id, status, created_date, updated_date, created_by, updated_by) VALUES (3, 'Linen-Blend Mini Shift Dress', 'Description for Linen-Blend Mini Shift Dress', 1, 'active', '2025-01-01 00:00:00', '2025-01-01 00:00:00', 1, 1);
INSERT INTO product_image (id, image_url, display_order, is_primary, product_id, created_date, updated_date) VALUES (19, 'https://www1.assets-gap.com/webcontent/0060/128/432/cn60128432.jpg?q=h&w=1152', 0, 1, 3, '2025-01-01 00:00:00', '2025-01-01 00:00:00');
INSERT INTO product_image (id, image_url, display_order, is_primary, product_id, created_date, updated_date) VALUES (20, 'https://www.gap.com/webcontent/0060/128/427/cn60128427.jpg', 1, 0, 3, '2025-01-01 00:00:00', '2025-01-01 00:00:00');
INSERT INTO product_image (id, image_url, display_order, is_primary, product_id, created_date, updated_date) VALUES (21, 'https://www.gap.com/webcontent/0060/128/439/cn60128439.jpg', 2, 0, 3, '2025-01-01 00:00:00', '2025-01-01 00:00:00');
INSERT INTO product_image (id, image_url, display_order, is_primary, product_id, created_date, updated_date) VALUES (22, 'https://www.gap.com/webcontent/0060/128/443/cn60128443.jpg', 3, 0, 3, '2025-01-01 00:00:00', '2025-01-01 00:00:00');
INSERT INTO product_image (id, image_url, display_order, is_primary, product_id, created_date, updated_date) VALUES (23, 'https://www.gap.com/webcontent/0060/131/331/cn60131331.jpg', 4, 0, 3, '2025-01-01 00:00:00', '2025-01-01 00:00:00');
INSERT INTO product_image (id, image_url, display_order, is_primary, product_id, created_date, updated_date) VALUES (24, 'https://www.gap.com/webcontent/0060/997/682/cn60997682.jpg', 5, 0, 3, '2025-01-01 00:00:00', '2025-01-01 00:00:00');
INSERT INTO prices (id, base_price, sale_price, status, created_date, updated_date) VALUES (13, 79.95, 24.97, 'active', '2025-01-01 00:00:00', '2025-01-01 00:00:00');
INSERT INTO product_variants (id, product_id, color_id, size_id, price_id, material_id, season_id, status, created_date, updated_date) VALUES (13, 3, 1, 2, 13, 7, 4, 'active', '2025-01-01 00:00:00', '2025-01-01 00:00:00');
INSERT INTO prices (id, base_price, sale_price, status, created_date, updated_date) VALUES (14, 79.95, 24.97, 'active', '2025-01-01 00:00:00', '2025-01-01 00:00:00');
INSERT INTO product_variants (id, product_id, color_id, size_id, price_id, material_id, season_id, status, created_date, updated_date) VALUES (14, 3, 1, 10, 14, 5, 4, 'active', '2025-01-01 00:00:00', '2025-01-01 00:00:00');
INSERT INTO prices (id, base_price, sale_price, status, created_date, updated_date) VALUES (15, 79.95, 24.97, 'active', '2025-01-01 00:00:00', '2025-01-01 00:00:00');
INSERT INTO product_variants (id, product_id, color_id, size_id, price_id, material_id, season_id, status, created_date, updated_date) VALUES (15, 3, 4, 7, 15, 4, 4, 'active', '2025-01-01 00:00:00', '2025-01-01 00:00:00');
INSERT INTO prices (id, base_price, sale_price, status, created_date, updated_date) VALUES (16, 79.95, 24.97, 'active', '2025-01-01 00:00:00', '2025-01-01 00:00:00');
INSERT INTO product_variants (id, product_id, color_id, size_id, price_id, material_id, season_id, status, created_date, updated_date) VALUES (16, 3, 4, 10, 16, 5, 4, 'active', '2025-01-01 00:00:00', '2025-01-01 00:00:00');
INSERT INTO prices (id, base_price, sale_price, status, created_date, updated_date) VALUES (17, 79.95, 24.97, 'active', '2025-01-01 00:00:00', '2025-01-01 00:00:00');
INSERT INTO product_variants (id, product_id, color_id, size_id, price_id, material_id, season_id, status, created_date, updated_date) VALUES (17, 3, 4, 8, 17, 6, 4, 'active', '2025-01-01 00:00:00', '2025-01-01 00:00:00');
INSERT INTO prices (id, base_price, sale_price, status, created_date, updated_date) VALUES (18, 79.95, 24.97, 'active', '2025-01-01 00:00:00', '2025-01-01 00:00:00');
INSERT INTO product_variants (id, product_id, color_id, size_id, price_id, material_id, season_id, status, created_date, updated_date) VALUES (18, 3, 3, 3, 18, 6, 1, 'active', '2025-01-01 00:00:00', '2025-01-01 00:00:00');
INSERT INTO prices (id, base_price, sale_price, status, created_date, updated_date) VALUES (19, 79.95, 24.97, 'active', '2025-01-01 00:00:00', '2025-01-01 00:00:00');
INSERT INTO product_variants (id, product_id, color_id, size_id, price_id, material_id, season_id, status, created_date, updated_date) VALUES (19, 3, 3, 4, 19, 6, 4, 'active', '2025-01-01 00:00:00', '2025-01-01 00:00:00');
INSERT INTO prices (id, base_price, sale_price, status, created_date, updated_date) VALUES (20, 79.95, 24.97, 'active', '2025-01-01 00:00:00', '2025-01-01 00:00:00');
INSERT INTO product_variants (id, product_id, color_id, size_id, price_id, material_id, season_id, status, created_date, updated_date) VALUES (20, 3, 3, 7, 20, 4, 3, 'active', '2025-01-01 00:00:00', '2025-01-01 00:00:00');
INSERT INTO prices (id, base_price, sale_price, status, created_date, updated_date) VALUES (21, 79.95, 24.97, 'active', '2025-01-01 00:00:00', '2025-01-01 00:00:00');
INSERT INTO product_variants (id, product_id, color_id, size_id, price_id, material_id, season_id, status, created_date, updated_date) VALUES (21, 3, 6, 10, 21, 7, 2, 'active', '2025-01-01 00:00:00', '2025-01-01 00:00:00');
INSERT INTO prices (id, base_price, sale_price, status, created_date, updated_date) VALUES (22, 79.95, 24.97, 'active', '2025-01-01 00:00:00', '2025-01-01 00:00:00');
INSERT INTO product_variants (id, product_id, color_id, size_id, price_id, material_id, season_id, status, created_date, updated_date) VALUES (22, 3, 6, 9, 22, 5, 2, 'active', '2025-01-01 00:00:00', '2025-01-01 00:00:00');
INSERT INTO prices (id, base_price, sale_price, status, created_date, updated_date) VALUES (23, 79.95, 24.97, 'active', '2025-01-01 00:00:00', '2025-01-01 00:00:00');
INSERT INTO product_variants (id, product_id, color_id, size_id, price_id, material_id, season_id, status, created_date, updated_date) VALUES (23, 3, 5, 8, 23, 1, 1, 'active', '2025-01-01 00:00:00', '2025-01-01 00:00:00');
INSERT INTO prices (id, base_price, sale_price, status, created_date, updated_date) VALUES (24, 79.95, 24.97, 'active', '2025-01-01 00:00:00', '2025-01-01 00:00:00');
INSERT INTO product_variants (id, product_id, color_id, size_id, price_id, material_id, season_id, status, created_date, updated_date) VALUES (24, 3, 5, 2, 24, 4, 3, 'active', '2025-01-01 00:00:00', '2025-01-01 00:00:00');
INSERT INTO product (id, name, description, category_id, status, created_date, updated_date, created_by, updated_by) VALUES (4, 'Boatneck Mini Shift Dress', 'Description for Boatneck Mini Shift Dress', 1, 'active', '2025-01-01 00:00:00', '2025-01-01 00:00:00', 1, 1);
INSERT INTO product_image (id, image_url, display_order, is_primary, product_id, created_date, updated_date) VALUES (25, 'https://www1.assets-gap.com/webcontent/0060/592/556/cn60592556.jpg?q=h&w=1152', 0, 1, 4, '2025-01-01 00:00:00', '2025-01-01 00:00:00');
INSERT INTO product_image (id, image_url, display_order, is_primary, product_id, created_date, updated_date) VALUES (26, 'https://www.gap.com/webcontent/0060/592/539/cn60592539.jpg', 1, 0, 4, '2025-01-01 00:00:00', '2025-01-01 00:00:00');
INSERT INTO product_image (id, image_url, display_order, is_primary, product_id, created_date, updated_date) VALUES (27, 'https://www.gap.com/webcontent/0060/592/155/cn60592155.jpg', 2, 0, 4, '2025-01-01 00:00:00', '2025-01-01 00:00:00');
INSERT INTO product_image (id, image_url, display_order, is_primary, product_id, created_date, updated_date) VALUES (28, 'https://www.gap.com/webcontent/0060/592/168/cn60592168.jpg', 3, 0, 4, '2025-01-01 00:00:00', '2025-01-01 00:00:00');
INSERT INTO product_image (id, image_url, display_order, is_primary, product_id, created_date, updated_date) VALUES (29, 'https://www.gap.com/webcontent/0060/592/175/cn60592175.jpg', 4, 0, 4, '2025-01-01 00:00:00', '2025-01-01 00:00:00');
INSERT INTO product_image (id, image_url, display_order, is_primary, product_id, created_date, updated_date) VALUES (30, 'https://www.gap.com/webcontent/0060/573/150/cn60573150.jpg', 5, 0, 4, '2025-01-01 00:00:00', '2025-01-01 00:00:00');
INSERT INTO prices (id, base_price, sale_price, status, created_date, updated_date) VALUES (25, 89.95, 69.99, 'active', '2025-01-01 00:00:00', '2025-01-01 00:00:00');
INSERT INTO product_variants (id, product_id, color_id, size_id, price_id, material_id, season_id, status, created_date, updated_date) VALUES (25, 4, 2, 8, 25, 6, 3, 'active', '2025-01-01 00:00:00', '2025-01-01 00:00:00');
INSERT INTO prices (id, base_price, sale_price, status, created_date, updated_date) VALUES (26, 89.95, 69.99, 'active', '2025-01-01 00:00:00', '2025-01-01 00:00:00');
INSERT INTO product_variants (id, product_id, color_id, size_id, price_id, material_id, season_id, status, created_date, updated_date) VALUES (26, 4, 2, 4, 26, 5, 2, 'active', '2025-01-01 00:00:00', '2025-01-01 00:00:00');
INSERT INTO prices (id, base_price, sale_price, status, created_date, updated_date) VALUES (27, 89.95, 69.99, 'active', '2025-01-01 00:00:00', '2025-01-01 00:00:00');
INSERT INTO product_variants (id, product_id, color_id, size_id, price_id, material_id, season_id, status, created_date, updated_date) VALUES (27, 4, 6, 5, 27, 4, 1, 'active', '2025-01-01 00:00:00', '2025-01-01 00:00:00');
INSERT INTO prices (id, base_price, sale_price, status, created_date, updated_date) VALUES (28, 89.95, 69.99, 'active', '2025-01-01 00:00:00', '2025-01-01 00:00:00');
INSERT INTO product_variants (id, product_id, color_id, size_id, price_id, material_id, season_id, status, created_date, updated_date) VALUES (28, 4, 6, 8, 28, 2, 1, 'active', '2025-01-01 00:00:00', '2025-01-01 00:00:00');
INSERT INTO prices (id, base_price, sale_price, status, created_date, updated_date) VALUES (29, 89.95, 69.99, 'active', '2025-01-01 00:00:00', '2025-01-01 00:00:00');
INSERT INTO product_variants (id, product_id, color_id, size_id, price_id, material_id, season_id, status, created_date, updated_date) VALUES (29, 4, 2, 9, 29, 5, 3, 'active', '2025-01-01 00:00:00', '2025-01-01 00:00:00');
INSERT INTO prices (id, base_price, sale_price, status, created_date, updated_date) VALUES (30, 89.95, 69.99, 'active', '2025-01-01 00:00:00', '2025-01-01 00:00:00');
INSERT INTO product_variants (id, product_id, color_id, size_id, price_id, material_id, season_id, status, created_date, updated_date) VALUES (30, 4, 2, 7, 30, 4, 2, 'active', '2025-01-01 00:00:00', '2025-01-01 00:00:00');
INSERT INTO prices (id, base_price, sale_price, status, created_date, updated_date) VALUES (31, 89.95, 69.99, 'active', '2025-01-01 00:00:00', '2025-01-01 00:00:00');
INSERT INTO product_variants (id, product_id, color_id, size_id, price_id, material_id, season_id, status, created_date, updated_date) VALUES (31, 4, 2, 6, 31, 4, 4, 'active', '2025-01-01 00:00:00', '2025-01-01 00:00:00');
INSERT INTO prices (id, base_price, sale_price, status, created_date, updated_date) VALUES (32, 89.95, 69.99, 'active', '2025-01-01 00:00:00', '2025-01-01 00:00:00');
INSERT INTO product_variants (id, product_id, color_id, size_id, price_id, material_id, season_id, status, created_date, updated_date) VALUES (32, 4, 4, 3, 32, 7, 2, 'active', '2025-01-01 00:00:00', '2025-01-01 00:00:00');
INSERT INTO prices (id, base_price, sale_price, status, created_date, updated_date) VALUES (33, 89.95, 69.99, 'active', '2025-01-01 00:00:00', '2025-01-01 00:00:00');
INSERT INTO product_variants (id, product_id, color_id, size_id, price_id, material_id, season_id, status, created_date, updated_date) VALUES (33, 4, 4, 4, 33, 2, 2, 'active', '2025-01-01 00:00:00', '2025-01-01 00:00:00');
INSERT INTO prices (id, base_price, sale_price, status, created_date, updated_date) VALUES (34, 89.95, 69.99, 'active', '2025-01-01 00:00:00', '2025-01-01 00:00:00');
INSERT INTO product_variants (id, product_id, color_id, size_id, price_id, material_id, season_id, status, created_date, updated_date) VALUES (34, 4, 4, 2, 34, 3, 4, 'active', '2025-01-01 00:00:00', '2025-01-01 00:00:00');
INSERT INTO product (id, name, description, category_id, status, created_date, updated_date, created_by, updated_by) VALUES (5, 'Lace-Trim V-Neck Maxi Dress', 'Description for Lace-Trim V-Neck Maxi Dress', 1, 'active', '2025-01-01 00:00:00', '2025-01-01 00:00:00', 1, 1);
INSERT INTO product_image (id, image_url, display_order, is_primary, product_id, created_date, updated_date) VALUES (31, 'https://www1.assets-gap.com/webcontent/0060/664/306/cn60664306.jpg?q=h&w=1152', 0, 1, 5, '2025-01-01 00:00:00', '2025-01-01 00:00:00');
INSERT INTO product_image (id, image_url, display_order, is_primary, product_id, created_date, updated_date) VALUES (32, 'https://www.gap.com/webcontent/0060/664/275/cn60664275.jpg', 1, 0, 5, '2025-01-01 00:00:00', '2025-01-01 00:00:00');
INSERT INTO product_image (id, image_url, display_order, is_primary, product_id, created_date, updated_date) VALUES (33, 'https://www.gap.com/webcontent/0060/626/704/cn60626704.jpg', 2, 0, 5, '2025-01-01 00:00:00', '2025-01-01 00:00:00');
INSERT INTO product_image (id, image_url, display_order, is_primary, product_id, created_date, updated_date) VALUES (34, 'https://www.gap.com/webcontent/0060/626/715/cn60626715.jpg', 3, 0, 5, '2025-01-01 00:00:00', '2025-01-01 00:00:00');
INSERT INTO product_image (id, image_url, display_order, is_primary, product_id, created_date, updated_date) VALUES (35, 'https://www.gap.com/webcontent/0060/626/727/cn60626727.jpg', 4, 0, 5, '2025-01-01 00:00:00', '2025-01-01 00:00:00');
INSERT INTO product_image (id, image_url, display_order, is_primary, product_id, created_date, updated_date) VALUES (36, 'https://www.gap.com/webcontent/0060/503/422/cn60503422.jpg', 5, 0, 5, '2025-01-01 00:00:00', '2025-01-01 00:00:00');
INSERT INTO prices (id, base_price, sale_price, status, created_date, updated_date) VALUES (35, 118, 89.99, 'active', '2025-01-01 00:00:00', '2025-01-01 00:00:00');
INSERT INTO product_variants (id, product_id, color_id, size_id, price_id, material_id, season_id, status, created_date, updated_date) VALUES (35, 5, 4, 10, 35, 1, 2, 'active', '2025-01-01 00:00:00', '2025-01-01 00:00:00');
INSERT INTO prices (id, base_price, sale_price, status, created_date, updated_date) VALUES (36, 118, 89.99, 'active', '2025-01-01 00:00:00', '2025-01-01 00:00:00');
INSERT INTO product_variants (id, product_id, color_id, size_id, price_id, material_id, season_id, status, created_date, updated_date) VALUES (36, 5, 4, 6, 36, 3, 3, 'active', '2025-01-01 00:00:00', '2025-01-01 00:00:00');
INSERT INTO prices (id, base_price, sale_price, status, created_date, updated_date) VALUES (37, 118, 89.99, 'active', '2025-01-01 00:00:00', '2025-01-01 00:00:00');
INSERT INTO product_variants (id, product_id, color_id, size_id, price_id, material_id, season_id, status, created_date, updated_date) VALUES (37, 5, 4, 1, 37, 4, 2, 'active', '2025-01-01 00:00:00', '2025-01-01 00:00:00');
INSERT INTO prices (id, base_price, sale_price, status, created_date, updated_date) VALUES (38, 118, 89.99, 'active', '2025-01-01 00:00:00', '2025-01-01 00:00:00');
INSERT INTO product_variants (id, product_id, color_id, size_id, price_id, material_id, season_id, status, created_date, updated_date) VALUES (38, 5, 2, 8, 38, 6, 2, 'active', '2025-01-01 00:00:00', '2025-01-01 00:00:00');
INSERT INTO prices (id, base_price, sale_price, status, created_date, updated_date) VALUES (39, 118, 89.99, 'active', '2025-01-01 00:00:00', '2025-01-01 00:00:00');
INSERT INTO product_variants (id, product_id, color_id, size_id, price_id, material_id, season_id, status, created_date, updated_date) VALUES (39, 5, 2, 9, 39, 4, 4, 'active', '2025-01-01 00:00:00', '2025-01-01 00:00:00');
INSERT INTO prices (id, base_price, sale_price, status, created_date, updated_date) VALUES (40, 118, 89.99, 'active', '2025-01-01 00:00:00', '2025-01-01 00:00:00');
INSERT INTO product_variants (id, product_id, color_id, size_id, price_id, material_id, season_id, status, created_date, updated_date) VALUES (40, 5, 2, 7, 40, 5, 4, 'active', '2025-01-01 00:00:00', '2025-01-01 00:00:00');
INSERT INTO product (id, name, description, category_id, status, created_date, updated_date, created_by, updated_by) VALUES (6, 'Lace-Trim Mini Dress', 'Description for Lace-Trim Mini Dress', 1, 'active', '2025-01-01 00:00:00', '2025-01-01 00:00:00', 1, 1);
INSERT INTO product_image (id, image_url, display_order, is_primary, product_id, created_date, updated_date) VALUES (37, 'https://www1.assets-gap.com/webcontent/0057/424/601/cn57424601.jpg?q=h&w=1152', 0, 1, 6, '2025-01-01 00:00:00', '2025-01-01 00:00:00');
INSERT INTO product_image (id, image_url, display_order, is_primary, product_id, created_date, updated_date) VALUES (38, 'https://www.gap.com/webcontent/0057/424/555/cn57424555.jpg', 1, 0, 6, '2025-01-01 00:00:00', '2025-01-01 00:00:00');
INSERT INTO product_image (id, image_url, display_order, is_primary, product_id, created_date, updated_date) VALUES (39, 'https://www.gap.com/webcontent/0057/424/574/cn57424574.jpg', 2, 0, 6, '2025-01-01 00:00:00', '2025-01-01 00:00:00');
INSERT INTO product_image (id, image_url, display_order, is_primary, product_id, created_date, updated_date) VALUES (40, 'https://www.gap.com/webcontent/0057/424/576/cn57424576.jpg', 3, 0, 6, '2025-01-01 00:00:00', '2025-01-01 00:00:00');
INSERT INTO product_image (id, image_url, display_order, is_primary, product_id, created_date, updated_date) VALUES (41, 'https://www.gap.com/webcontent/0057/424/295/cn57424295.jpg', 4, 0, 6, '2025-01-01 00:00:00', '2025-01-01 00:00:00');
INSERT INTO product_image (id, image_url, display_order, is_primary, product_id, created_date, updated_date) VALUES (42, 'https://www.gap.com/webcontent/0057/393/055/cn57393055.jpg', 5, 0, 6, '2025-01-01 00:00:00', '2025-01-01 00:00:00');
INSERT INTO product_image (id, image_url, display_order, is_primary, product_id, created_date, updated_date) VALUES (43, 'https://www.gap.com/webcontent/0057/393/043/cn57393043.jpg', 6, 0, 6, '2025-01-01 00:00:00', '2025-01-01 00:00:00');
INSERT INTO product_image (id, image_url, display_order, is_primary, product_id, created_date, updated_date) VALUES (44, 'https://www.gap.com/webcontent/0061/052/569/cn61052569.jpg', 7, 0, 6, '2025-01-01 00:00:00', '2025-01-01 00:00:00');
INSERT INTO prices (id, base_price, sale_price, status, created_date, updated_date) VALUES (41, 98, 39.97, 'active', '2025-01-01 00:00:00', '2025-01-01 00:00:00');
INSERT INTO product_variants (id, product_id, color_id, size_id, price_id, material_id, season_id, status, created_date, updated_date) VALUES (41, 6, 1, 10, 41, 3, 4, 'active', '2025-01-01 00:00:00', '2025-01-01 00:00:00');
INSERT INTO prices (id, base_price, sale_price, status, created_date, updated_date) VALUES (42, 98, 39.97, 'active', '2025-01-01 00:00:00', '2025-01-01 00:00:00');
INSERT INTO product_variants (id, product_id, color_id, size_id, price_id, material_id, season_id, status, created_date, updated_date) VALUES (42, 6, 1, 5, 42, 7, 3, 'active', '2025-01-01 00:00:00', '2025-01-01 00:00:00');
INSERT INTO prices (id, base_price, sale_price, status, created_date, updated_date) VALUES (43, 98, 39.97, 'active', '2025-01-01 00:00:00', '2025-01-01 00:00:00');
INSERT INTO product_variants (id, product_id, color_id, size_id, price_id, material_id, season_id, status, created_date, updated_date) VALUES (43, 6, 1, 8, 43, 2, 3, 'active', '2025-01-01 00:00:00', '2025-01-01 00:00:00');
INSERT INTO product (id, name, description, category_id, status, created_date, updated_date, created_by, updated_by) VALUES (7, 'Linen-Blend Seamed Corset Midi Dress', 'Description for Linen-Blend Seamed Corset Midi Dress', 1, 'active', '2025-01-01 00:00:00', '2025-01-01 00:00:00', 1, 1);
INSERT INTO product_image (id, image_url, display_order, is_primary, product_id, created_date, updated_date) VALUES (45, 'https://www1.assets-gap.com/webcontent/0060/062/118/cn60062118.jpg?q=h&w=1152', 0, 1, 7, '2025-01-01 00:00:00', '2025-01-01 00:00:00');
INSERT INTO product_image (id, image_url, display_order, is_primary, product_id, created_date, updated_date) VALUES (46, 'https://www.gap.com/webcontent/0060/062/089/cn60062089.jpg', 1, 0, 7, '2025-01-01 00:00:00', '2025-01-01 00:00:00');
INSERT INTO product_image (id, image_url, display_order, is_primary, product_id, created_date, updated_date) VALUES (47, 'https://www.gap.com/webcontent/0060/063/253/cn60063253.jpg', 2, 0, 7, '2025-01-01 00:00:00', '2025-01-01 00:00:00');
INSERT INTO product_image (id, image_url, display_order, is_primary, product_id, created_date, updated_date) VALUES (48, 'https://www.gap.com/webcontent/0060/062/114/cn60062114.jpg', 3, 0, 7, '2025-01-01 00:00:00', '2025-01-01 00:00:00');
INSERT INTO product_image (id, image_url, display_order, is_primary, product_id, created_date, updated_date) VALUES (49, 'https://www.gap.com/webcontent/0060/063/861/cn60063861.jpg', 4, 0, 7, '2025-01-01 00:00:00', '2025-01-01 00:00:00');
INSERT INTO product_image (id, image_url, display_order, is_primary, product_id, created_date, updated_date) VALUES (50, 'https://www.gap.com/webcontent/0059/986/005/cn59986005.jpg', 5, 0, 7, '2025-01-01 00:00:00', '2025-01-01 00:00:00');
INSERT INTO product_image (id, image_url, display_order, is_primary, product_id, created_date, updated_date) VALUES (51, 'https://www.gap.com/webcontent/0060/063/874/cn60063874.jpg', 6, 0, 7, '2025-01-01 00:00:00', '2025-01-01 00:00:00');
INSERT INTO prices (id, base_price, sale_price, status, created_date, updated_date) VALUES (44, 128, 44.97, 'active', '2025-01-01 00:00:00', '2025-01-01 00:00:00');
INSERT INTO product_variants (id, product_id, color_id, size_id, price_id, material_id, season_id, status, created_date, updated_date) VALUES (44, 7, 4, 5, 44, 5, 4, 'active', '2025-01-01 00:00:00', '2025-01-01 00:00:00');
INSERT INTO prices (id, base_price, sale_price, status, created_date, updated_date) VALUES (45, 128, 44.97, 'active', '2025-01-01 00:00:00', '2025-01-01 00:00:00');
INSERT INTO product_variants (id, product_id, color_id, size_id, price_id, material_id, season_id, status, created_date, updated_date) VALUES (45, 7, 4, 6, 45, 5, 2, 'active', '2025-01-01 00:00:00', '2025-01-01 00:00:00');
INSERT INTO prices (id, base_price, sale_price, status, created_date, updated_date) VALUES (46, 128, 44.97, 'active', '2025-01-01 00:00:00', '2025-01-01 00:00:00');
INSERT INTO product_variants (id, product_id, color_id, size_id, price_id, material_id, season_id, status, created_date, updated_date) VALUES (46, 7, 4, 4, 46, 2, 2, 'active', '2025-01-01 00:00:00', '2025-01-01 00:00:00');
INSERT INTO prices (id, base_price, sale_price, status, created_date, updated_date) VALUES (47, 128, 44.97, 'active', '2025-01-01 00:00:00', '2025-01-01 00:00:00');
INSERT INTO product_variants (id, product_id, color_id, size_id, price_id, material_id, season_id, status, created_date, updated_date) VALUES (47, 7, 7, 2, 47, 6, 2, 'active', '2025-01-01 00:00:00', '2025-01-01 00:00:00');
INSERT INTO prices (id, base_price, sale_price, status, created_date, updated_date) VALUES (48, 128, 44.97, 'active', '2025-01-01 00:00:00', '2025-01-01 00:00:00');
INSERT INTO product_variants (id, product_id, color_id, size_id, price_id, material_id, season_id, status, created_date, updated_date) VALUES (48, 7, 7, 4, 48, 4, 2, 'active', '2025-01-01 00:00:00', '2025-01-01 00:00:00');
INSERT INTO prices (id, base_price, sale_price, status, created_date, updated_date) VALUES (49, 128, 44.97, 'active', '2025-01-01 00:00:00', '2025-01-01 00:00:00');
INSERT INTO product_variants (id, product_id, color_id, size_id, price_id, material_id, season_id, status, created_date, updated_date) VALUES (49, 7, 7, 10, 49, 7, 4, 'active', '2025-01-01 00:00:00', '2025-01-01 00:00:00');
INSERT INTO product (id, name, description, category_id, status, created_date, updated_date, created_by, updated_by) VALUES (8, 'Lace-Trim Midi Dress', 'Description for Lace-Trim Midi Dress', 1, 'active', '2025-01-01 00:00:00', '2025-01-01 00:00:00', 1, 1);
INSERT INTO product_image (id, image_url, display_order, is_primary, product_id, created_date, updated_date) VALUES (52, 'https://www1.assets-gap.com/webcontent/0060/020/243/cn60020243.jpg?q=h&w=1152', 0, 1, 8, '2025-01-01 00:00:00', '2025-01-01 00:00:00');
INSERT INTO product_image (id, image_url, display_order, is_primary, product_id, created_date, updated_date) VALUES (53, 'https://www.gap.com/webcontent/0060/020/208/cn60020208.jpg', 1, 0, 8, '2025-01-01 00:00:00', '2025-01-01 00:00:00');
INSERT INTO product_image (id, image_url, display_order, is_primary, product_id, created_date, updated_date) VALUES (54, 'https://www.gap.com/webcontent/0060/020/232/cn60020232.jpg', 2, 0, 8, '2025-01-01 00:00:00', '2025-01-01 00:00:00');
INSERT INTO product_image (id, image_url, display_order, is_primary, product_id, created_date, updated_date) VALUES (55, 'https://www.gap.com/webcontent/0060/020/247/cn60020247.jpg', 3, 0, 8, '2025-01-01 00:00:00', '2025-01-01 00:00:00');
INSERT INTO product_image (id, image_url, display_order, is_primary, product_id, created_date, updated_date) VALUES (56, 'https://www.gap.com/webcontent/0059/807/945/cn59807945.jpg', 4, 0, 8, '2025-01-01 00:00:00', '2025-01-01 00:00:00');
INSERT INTO product_image (id, image_url, display_order, is_primary, product_id, created_date, updated_date) VALUES (57, 'https://www.gap.com/webcontent/0059/807/956/cn59807956.jpg', 5, 0, 8, '2025-01-01 00:00:00', '2025-01-01 00:00:00');
INSERT INTO prices (id, base_price, sale_price, status, created_date, updated_date) VALUES (50, 118, 70, 'active', '2025-01-01 00:00:00', '2025-01-01 00:00:00');
INSERT INTO product_variants (id, product_id, color_id, size_id, price_id, material_id, season_id, status, created_date, updated_date) VALUES (50, 8, 8, 1, 50, 7, 3, 'active', '2025-01-01 00:00:00', '2025-01-01 00:00:00');
INSERT INTO prices (id, base_price, sale_price, status, created_date, updated_date) VALUES (51, 118, 70, 'active', '2025-01-01 00:00:00', '2025-01-01 00:00:00');
INSERT INTO product_variants (id, product_id, color_id, size_id, price_id, material_id, season_id, status, created_date, updated_date) VALUES (51, 8, 8, 8, 51, 1, 2, 'active', '2025-01-01 00:00:00', '2025-01-01 00:00:00');
INSERT INTO prices (id, base_price, sale_price, status, created_date, updated_date) VALUES (52, 118, 70, 'active', '2025-01-01 00:00:00', '2025-01-01 00:00:00');
INSERT INTO product_variants (id, product_id, color_id, size_id, price_id, material_id, season_id, status, created_date, updated_date) VALUES (52, 8, 8, 2, 52, 6, 2, 'active', '2025-01-01 00:00:00', '2025-01-01 00:00:00');
INSERT INTO product (id, name, description, category_id, status, created_date, updated_date, created_by, updated_by) VALUES (9, 'Adult VintageSoft Arch Logo Zip Hoodie', 'Description for Adult VintageSoft Arch Logo Zip Hoodie', 2, 'active', '2025-01-01 00:00:00', '2025-01-01 00:00:00', 1, 1);
INSERT INTO product_image (id, image_url, display_order, is_primary, product_id, created_date, updated_date) VALUES (58, 'https://www1.assets-gap.com/webcontent/0056/583/088/cn56583088.jpg?q=h&w=1152', 0, 1, 9, '2025-01-01 00:00:00', '2025-01-01 00:00:00');
INSERT INTO product_image (id, image_url, display_order, is_primary, product_id, created_date, updated_date) VALUES (59, 'https://www.gap.com/webcontent/0056/583/062/cn56583062.jpg', 1, 0, 9, '2025-01-01 00:00:00', '2025-01-01 00:00:00');
INSERT INTO product_image (id, image_url, display_order, is_primary, product_id, created_date, updated_date) VALUES (60, 'https://www.gap.com/webcontent/0059/203/469/cn59203469.jpg', 2, 0, 9, '2025-01-01 00:00:00', '2025-01-01 00:00:00');
INSERT INTO product_image (id, image_url, display_order, is_primary, product_id, created_date, updated_date) VALUES (61, 'https://www.gap.com/webcontent/0059/203/462/cn59203462.jpg', 3, 0, 9, '2025-01-01 00:00:00', '2025-01-01 00:00:00');
INSERT INTO product_image (id, image_url, display_order, is_primary, product_id, created_date, updated_date) VALUES (62, 'https://www.gap.com/webcontent/0060/799/583/cn60799583.jpg', 4, 0, 9, '2025-01-01 00:00:00', '2025-01-01 00:00:00');
INSERT INTO product_image (id, image_url, display_order, is_primary, product_id, created_date, updated_date) VALUES (63, 'https://www.gap.com/webcontent/0056/593/346/cn56593346.jpg', 5, 0, 9, '2025-01-01 00:00:00', '2025-01-01 00:00:00');
INSERT INTO product_image (id, image_url, display_order, is_primary, product_id, created_date, updated_date) VALUES (64, 'https://www.gap.com/webcontent/0060/801/384/cn60801384.jpg', 6, 0, 9, '2025-01-01 00:00:00', '2025-01-01 00:00:00');
INSERT INTO prices (id, base_price, sale_price, status, created_date, updated_date) VALUES (53, 69.95, 55, 'active', '2025-01-01 00:00:00', '2025-01-01 00:00:00');
INSERT INTO product_variants (id, product_id, color_id, size_id, price_id, material_id, season_id, status, created_date, updated_date) VALUES (53, 9, 2, 4, 53, 5, 3, 'active', '2025-01-01 00:00:00', '2025-01-01 00:00:00');
INSERT INTO prices (id, base_price, sale_price, status, created_date, updated_date) VALUES (54, 69.95, 55, 'active', '2025-01-01 00:00:00', '2025-01-01 00:00:00');
INSERT INTO product_variants (id, product_id, color_id, size_id, price_id, material_id, season_id, status, created_date, updated_date) VALUES (54, 9, 2, 2, 54, 4, 4, 'active', '2025-01-01 00:00:00', '2025-01-01 00:00:00');
INSERT INTO prices (id, base_price, sale_price, status, created_date, updated_date) VALUES (55, 69.95, 55, 'active', '2025-01-01 00:00:00', '2025-01-01 00:00:00');
INSERT INTO product_variants (id, product_id, color_id, size_id, price_id, material_id, season_id, status, created_date, updated_date) VALUES (55, 9, 2, 2, 55, 7, 3, 'active', '2025-01-01 00:00:00', '2025-01-01 00:00:00');
INSERT INTO prices (id, base_price, sale_price, status, created_date, updated_date) VALUES (56, 69.95, 55, 'active', '2025-01-01 00:00:00', '2025-01-01 00:00:00');
INSERT INTO product_variants (id, product_id, color_id, size_id, price_id, material_id, season_id, status, created_date, updated_date) VALUES (56, 9, 2, 5, 56, 3, 2, 'active', '2025-01-01 00:00:00', '2025-01-01 00:00:00');
INSERT INTO prices (id, base_price, sale_price, status, created_date, updated_date) VALUES (57, 69.95, 55, 'active', '2025-01-01 00:00:00', '2025-01-01 00:00:00');
INSERT INTO product_variants (id, product_id, color_id, size_id, price_id, material_id, season_id, status, created_date, updated_date) VALUES (57, 9, 2, 8, 57, 3, 2, 'active', '2025-01-01 00:00:00', '2025-01-01 00:00:00');
INSERT INTO prices (id, base_price, sale_price, status, created_date, updated_date) VALUES (58, 69.95, 55, 'active', '2025-01-01 00:00:00', '2025-01-01 00:00:00');
INSERT INTO product_variants (id, product_id, color_id, size_id, price_id, material_id, season_id, status, created_date, updated_date) VALUES (58, 9, 9, 10, 58, 5, 1, 'active', '2025-01-01 00:00:00', '2025-01-01 00:00:00');
INSERT INTO prices (id, base_price, sale_price, status, created_date, updated_date) VALUES (59, 69.95, 55, 'active', '2025-01-01 00:00:00', '2025-01-01 00:00:00');
INSERT INTO product_variants (id, product_id, color_id, size_id, price_id, material_id, season_id, status, created_date, updated_date) VALUES (59, 9, 9, 3, 59, 4, 3, 'active', '2025-01-01 00:00:00', '2025-01-01 00:00:00');
INSERT INTO prices (id, base_price, sale_price, status, created_date, updated_date) VALUES (60, 69.95, 55, 'active', '2025-01-01 00:00:00', '2025-01-01 00:00:00');
INSERT INTO product_variants (id, product_id, color_id, size_id, price_id, material_id, season_id, status, created_date, updated_date) VALUES (60, 9, 10, 7, 60, 3, 1, 'active', '2025-01-01 00:00:00', '2025-01-01 00:00:00');
INSERT INTO prices (id, base_price, sale_price, status, created_date, updated_date) VALUES (61, 69.95, 55, 'active', '2025-01-01 00:00:00', '2025-01-01 00:00:00');
INSERT INTO product_variants (id, product_id, color_id, size_id, price_id, material_id, season_id, status, created_date, updated_date) VALUES (61, 9, 10, 9, 61, 5, 4, 'active', '2025-01-01 00:00:00', '2025-01-01 00:00:00');
INSERT INTO prices (id, base_price, sale_price, status, created_date, updated_date) VALUES (62, 69.95, 55, 'active', '2025-01-01 00:00:00', '2025-01-01 00:00:00');
INSERT INTO product_variants (id, product_id, color_id, size_id, price_id, material_id, season_id, status, created_date, updated_date) VALUES (62, 9, 10, 6, 62, 5, 2, 'active', '2025-01-01 00:00:00', '2025-01-01 00:00:00');
INSERT INTO prices (id, base_price, sale_price, status, created_date, updated_date) VALUES (63, 69.95, 55, 'active', '2025-01-01 00:00:00', '2025-01-01 00:00:00');
INSERT INTO product_variants (id, product_id, color_id, size_id, price_id, material_id, season_id, status, created_date, updated_date) VALUES (63, 9, 1, 8, 63, 3, 1, 'active', '2025-01-01 00:00:00', '2025-01-01 00:00:00');
INSERT INTO prices (id, base_price, sale_price, status, created_date, updated_date) VALUES (64, 69.95, 55, 'active', '2025-01-01 00:00:00', '2025-01-01 00:00:00');
INSERT INTO product_variants (id, product_id, color_id, size_id, price_id, material_id, season_id, status, created_date, updated_date) VALUES (64, 9, 1, 2, 64, 3, 2, 'active', '2025-01-01 00:00:00', '2025-01-01 00:00:00');
INSERT INTO product (id, name, description, category_id, status, created_date, updated_date, created_by, updated_by) VALUES (10, 'Adult VintageSoft Arch Logo Zip Hoodie', 'Description for Adult VintageSoft Arch Logo Zip Hoodie', 2, 'active', '2025-01-01 00:00:00', '2025-01-01 00:00:00', 1, 1);
INSERT INTO product_image (id, image_url, display_order, is_primary, product_id, created_date, updated_date) VALUES (65, 'https://www1.assets-gap.com/webcontent/0056/735/643/cn56735643.jpg?q=h&w=1152', 0, 1, 10, '2025-01-01 00:00:00', '2025-01-01 00:00:00');
INSERT INTO product_image (id, image_url, display_order, is_primary, product_id, created_date, updated_date) VALUES (66, 'https://www.gap.com/webcontent/0056/735/615/cn56735615.jpg', 1, 0, 10, '2025-01-01 00:00:00', '2025-01-01 00:00:00');
INSERT INTO product_image (id, image_url, display_order, is_primary, product_id, created_date, updated_date) VALUES (67, 'https://www.gap.com/webcontent/0059/202/459/cn59202459.jpg', 2, 0, 10, '2025-01-01 00:00:00', '2025-01-01 00:00:00');
INSERT INTO product_image (id, image_url, display_order, is_primary, product_id, created_date, updated_date) VALUES (68, 'https://www.gap.com/webcontent/0057/982/137/cn57982137.jpg', 3, 0, 10, '2025-01-01 00:00:00', '2025-01-01 00:00:00');
INSERT INTO product_image (id, image_url, display_order, is_primary, product_id, created_date, updated_date) VALUES (69, 'https://www.gap.com/webcontent/0057/982/144/cn57982144.jpg', 4, 0, 10, '2025-01-01 00:00:00', '2025-01-01 00:00:00');
INSERT INTO product_image (id, image_url, display_order, is_primary, product_id, created_date, updated_date) VALUES (70, 'https://www.gap.com/webcontent/0057/982/060/cn57982060.jpg', 5, 0, 10, '2025-01-01 00:00:00', '2025-01-01 00:00:00');
INSERT INTO product_image (id, image_url, display_order, is_primary, product_id, created_date, updated_date) VALUES (71, 'https://www.gap.com/webcontent/0057/982/102/cn57982102.jpg', 6, 0, 10, '2025-01-01 00:00:00', '2025-01-01 00:00:00');
INSERT INTO product_image (id, image_url, display_order, is_primary, product_id, created_date, updated_date) VALUES (72, 'https://www.gap.com/webcontent/0056/679/822/cn56679822.jpg', 7, 0, 10, '2025-01-01 00:00:00', '2025-01-01 00:00:00');
INSERT INTO product_image (id, image_url, display_order, is_primary, product_id, created_date, updated_date) VALUES (73, 'https://www.gap.com/webcontent/0057/031/198/cn57031198.jpg', 8, 0, 10, '2025-01-01 00:00:00', '2025-01-01 00:00:00');
INSERT INTO prices (id, base_price, sale_price, status, created_date, updated_date) VALUES (65, 69.95, 55, 'active', '2025-01-01 00:00:00', '2025-01-01 00:00:00');
INSERT INTO product_variants (id, product_id, color_id, size_id, price_id, material_id, season_id, status, created_date, updated_date) VALUES (65, 10, 2, 4, 65, 4, 1, 'active', '2025-01-01 00:00:00', '2025-01-01 00:00:00');
INSERT INTO prices (id, base_price, sale_price, status, created_date, updated_date) VALUES (66, 69.95, 55, 'active', '2025-01-01 00:00:00', '2025-01-01 00:00:00');
INSERT INTO product_variants (id, product_id, color_id, size_id, price_id, material_id, season_id, status, created_date, updated_date) VALUES (66, 10, 2, 2, 66, 5, 2, 'active', '2025-01-01 00:00:00', '2025-01-01 00:00:00');
INSERT INTO prices (id, base_price, sale_price, status, created_date, updated_date) VALUES (67, 69.95, 55, 'active', '2025-01-01 00:00:00', '2025-01-01 00:00:00');
INSERT INTO product_variants (id, product_id, color_id, size_id, price_id, material_id, season_id, status, created_date, updated_date) VALUES (67, 10, 2, 6, 67, 7, 3, 'active', '2025-01-01 00:00:00', '2025-01-01 00:00:00');
INSERT INTO prices (id, base_price, sale_price, status, created_date, updated_date) VALUES (68, 69.95, 55, 'active', '2025-01-01 00:00:00', '2025-01-01 00:00:00');
INSERT INTO product_variants (id, product_id, color_id, size_id, price_id, material_id, season_id, status, created_date, updated_date) VALUES (68, 10, 2, 7, 68, 5, 3, 'active', '2025-01-01 00:00:00', '2025-01-01 00:00:00');
INSERT INTO prices (id, base_price, sale_price, status, created_date, updated_date) VALUES (69, 69.95, 55, 'active', '2025-01-01 00:00:00', '2025-01-01 00:00:00');
INSERT INTO product_variants (id, product_id, color_id, size_id, price_id, material_id, season_id, status, created_date, updated_date) VALUES (69, 10, 9, 10, 69, 2, 3, 'active', '2025-01-01 00:00:00', '2025-01-01 00:00:00');
INSERT INTO prices (id, base_price, sale_price, status, created_date, updated_date) VALUES (70, 69.95, 55, 'active', '2025-01-01 00:00:00', '2025-01-01 00:00:00');
INSERT INTO product_variants (id, product_id, color_id, size_id, price_id, material_id, season_id, status, created_date, updated_date) VALUES (70, 10, 9, 1, 70, 6, 4, 'active', '2025-01-01 00:00:00', '2025-01-01 00:00:00');
INSERT INTO prices (id, base_price, sale_price, status, created_date, updated_date) VALUES (71, 69.95, 55, 'active', '2025-01-01 00:00:00', '2025-01-01 00:00:00');
INSERT INTO product_variants (id, product_id, color_id, size_id, price_id, material_id, season_id, status, created_date, updated_date) VALUES (71, 10, 10, 3, 71, 6, 4, 'active', '2025-01-01 00:00:00', '2025-01-01 00:00:00');
INSERT INTO prices (id, base_price, sale_price, status, created_date, updated_date) VALUES (72, 69.95, 55, 'active', '2025-01-01 00:00:00', '2025-01-01 00:00:00');
INSERT INTO product_variants (id, product_id, color_id, size_id, price_id, material_id, season_id, status, created_date, updated_date) VALUES (72, 10, 10, 9, 72, 5, 1, 'active', '2025-01-01 00:00:00', '2025-01-01 00:00:00');
INSERT INTO prices (id, base_price, sale_price, status, created_date, updated_date) VALUES (73, 69.95, 55, 'active', '2025-01-01 00:00:00', '2025-01-01 00:00:00');
INSERT INTO product_variants (id, product_id, color_id, size_id, price_id, material_id, season_id, status, created_date, updated_date) VALUES (73, 10, 1, 8, 73, 6, 1, 'active', '2025-01-01 00:00:00', '2025-01-01 00:00:00');
INSERT INTO prices (id, base_price, sale_price, status, created_date, updated_date) VALUES (74, 69.95, 55, 'active', '2025-01-01 00:00:00', '2025-01-01 00:00:00');
INSERT INTO product_variants (id, product_id, color_id, size_id, price_id, material_id, season_id, status, created_date, updated_date) VALUES (74, 10, 1, 1, 74, 5, 2, 'active', '2025-01-01 00:00:00', '2025-01-01 00:00:00');
INSERT INTO product (id, name, description, category_id, status, created_date, updated_date, created_by, updated_by) VALUES (11, 'Adult VintageSoft Arch Logo Zip Hoodie', 'Description for Adult VintageSoft Arch Logo Zip Hoodie', 2, 'active', '2025-01-01 00:00:00', '2025-01-01 00:00:00', 1, 1);
INSERT INTO product_image (id, image_url, display_order, is_primary, product_id, created_date, updated_date) VALUES (74, 'https://www1.assets-gap.com/webcontent/0056/100/507/cn56100507.jpg?q=h&w=1152', 0, 1, 11, '2025-01-01 00:00:00', '2025-01-01 00:00:00');
INSERT INTO product_image (id, image_url, display_order, is_primary, product_id, created_date, updated_date) VALUES (75, 'https://www.gap.com/webcontent/0056/100/489/cn56100489.jpg', 1, 0, 11, '2025-01-01 00:00:00', '2025-01-01 00:00:00');
INSERT INTO product_image (id, image_url, display_order, is_primary, product_id, created_date, updated_date) VALUES (76, 'https://www.gap.com/webcontent/0059/203/455/cn59203455.jpg', 2, 0, 11, '2025-01-01 00:00:00', '2025-01-01 00:00:00');
INSERT INTO product_image (id, image_url, display_order, is_primary, product_id, created_date, updated_date) VALUES (77, 'https://www.gap.com/webcontent/0059/203/990/cn59203990.jpg', 3, 0, 11, '2025-01-01 00:00:00', '2025-01-01 00:00:00');
INSERT INTO product_image (id, image_url, display_order, is_primary, product_id, created_date, updated_date) VALUES (78, 'https://www.gap.com/webcontent/0059/204/020/cn59204020.jpg', 4, 0, 11, '2025-01-01 00:00:00', '2025-01-01 00:00:00');
INSERT INTO product_image (id, image_url, display_order, is_primary, product_id, created_date, updated_date) VALUES (79, 'https://www.gap.com/webcontent/0055/934/696/cn55934696.jpg', 5, 0, 11, '2025-01-01 00:00:00', '2025-01-01 00:00:00');
INSERT INTO product_image (id, image_url, display_order, is_primary, product_id, created_date, updated_date) VALUES (80, 'https://www.gap.com/webcontent/0060/427/412/cn60427412.jpg', 6, 0, 11, '2025-01-01 00:00:00', '2025-01-01 00:00:00');
INSERT INTO prices (id, base_price, sale_price, status, created_date, updated_date) VALUES (75, 69.95, 55, 'active', '2025-01-01 00:00:00', '2025-01-01 00:00:00');
INSERT INTO product_variants (id, product_id, color_id, size_id, price_id, material_id, season_id, status, created_date, updated_date) VALUES (75, 11, 2, 2, 75, 2, 2, 'active', '2025-01-01 00:00:00', '2025-01-01 00:00:00');
INSERT INTO prices (id, base_price, sale_price, status, created_date, updated_date) VALUES (76, 69.95, 55, 'active', '2025-01-01 00:00:00', '2025-01-01 00:00:00');
INSERT INTO product_variants (id, product_id, color_id, size_id, price_id, material_id, season_id, status, created_date, updated_date) VALUES (76, 11, 2, 9, 76, 6, 4, 'active', '2025-01-01 00:00:00', '2025-01-01 00:00:00');
INSERT INTO prices (id, base_price, sale_price, status, created_date, updated_date) VALUES (77, 69.95, 55, 'active', '2025-01-01 00:00:00', '2025-01-01 00:00:00');
INSERT INTO product_variants (id, product_id, color_id, size_id, price_id, material_id, season_id, status, created_date, updated_date) VALUES (77, 11, 2, 9, 77, 7, 2, 'active', '2025-01-01 00:00:00', '2025-01-01 00:00:00');
INSERT INTO prices (id, base_price, sale_price, status, created_date, updated_date) VALUES (78, 69.95, 55, 'active', '2025-01-01 00:00:00', '2025-01-01 00:00:00');
INSERT INTO product_variants (id, product_id, color_id, size_id, price_id, material_id, season_id, status, created_date, updated_date) VALUES (78, 11, 2, 10, 78, 5, 2, 'active', '2025-01-01 00:00:00', '2025-01-01 00:00:00');
INSERT INTO prices (id, base_price, sale_price, status, created_date, updated_date) VALUES (79, 69.95, 55, 'active', '2025-01-01 00:00:00', '2025-01-01 00:00:00');
INSERT INTO product_variants (id, product_id, color_id, size_id, price_id, material_id, season_id, status, created_date, updated_date) VALUES (79, 11, 9, 4, 79, 6, 1, 'active', '2025-01-01 00:00:00', '2025-01-01 00:00:00');
INSERT INTO prices (id, base_price, sale_price, status, created_date, updated_date) VALUES (80, 69.95, 55, 'active', '2025-01-01 00:00:00', '2025-01-01 00:00:00');
INSERT INTO product_variants (id, product_id, color_id, size_id, price_id, material_id, season_id, status, created_date, updated_date) VALUES (80, 11, 9, 3, 80, 2, 4, 'active', '2025-01-01 00:00:00', '2025-01-01 00:00:00');
INSERT INTO prices (id, base_price, sale_price, status, created_date, updated_date) VALUES (81, 69.95, 55, 'active', '2025-01-01 00:00:00', '2025-01-01 00:00:00');
INSERT INTO product_variants (id, product_id, color_id, size_id, price_id, material_id, season_id, status, created_date, updated_date) VALUES (81, 11, 10, 3, 81, 7, 3, 'active', '2025-01-01 00:00:00', '2025-01-01 00:00:00');
INSERT INTO prices (id, base_price, sale_price, status, created_date, updated_date) VALUES (82, 69.95, 55, 'active', '2025-01-01 00:00:00', '2025-01-01 00:00:00');
INSERT INTO product_variants (id, product_id, color_id, size_id, price_id, material_id, season_id, status, created_date, updated_date) VALUES (82, 11, 10, 7, 82, 4, 2, 'active', '2025-01-01 00:00:00', '2025-01-01 00:00:00');
INSERT INTO prices (id, base_price, sale_price, status, created_date, updated_date) VALUES (83, 69.95, 55, 'active', '2025-01-01 00:00:00', '2025-01-01 00:00:00');
INSERT INTO product_variants (id, product_id, color_id, size_id, price_id, material_id, season_id, status, created_date, updated_date) VALUES (83, 11, 1, 8, 83, 6, 4, 'active', '2025-01-01 00:00:00', '2025-01-01 00:00:00');
INSERT INTO prices (id, base_price, sale_price, status, created_date, updated_date) VALUES (84, 69.95, 55, 'active', '2025-01-01 00:00:00', '2025-01-01 00:00:00');
INSERT INTO product_variants (id, product_id, color_id, size_id, price_id, material_id, season_id, status, created_date, updated_date) VALUES (84, 11, 1, 10, 84, 7, 1, 'active', '2025-01-01 00:00:00', '2025-01-01 00:00:00');
INSERT INTO product (id, name, description, category_id, status, created_date, updated_date, created_by, updated_by) VALUES (12, 'Adult VintageSoft Arch Logo Zip Hoodie', 'Description for Adult VintageSoft Arch Logo Zip Hoodie', 2, 'active', '2025-01-01 00:00:00', '2025-01-01 00:00:00', 1, 1);
INSERT INTO product_image (id, image_url, display_order, is_primary, product_id, created_date, updated_date) VALUES (81, 'https://www1.assets-gap.com/webcontent/0057/694/900/cn57694900.jpg?q=h&w=1152', 0, 1, 12, '2025-01-01 00:00:00', '2025-01-01 00:00:00');
INSERT INTO product_image (id, image_url, display_order, is_primary, product_id, created_date, updated_date) VALUES (82, 'https://www.gap.com/webcontent/0057/694/895/cn57694895.jpg', 1, 0, 12, '2025-01-01 00:00:00', '2025-01-01 00:00:00');
INSERT INTO product_image (id, image_url, display_order, is_primary, product_id, created_date, updated_date) VALUES (83, 'https://www.gap.com/webcontent/0059/203/572/cn59203572.jpg', 2, 0, 12, '2025-01-01 00:00:00', '2025-01-01 00:00:00');
INSERT INTO product_image (id, image_url, display_order, is_primary, product_id, created_date, updated_date) VALUES (84, 'https://www.gap.com/webcontent/0059/203/565/cn59203565.jpg', 3, 0, 12, '2025-01-01 00:00:00', '2025-01-01 00:00:00');
INSERT INTO product_image (id, image_url, display_order, is_primary, product_id, created_date, updated_date) VALUES (85, 'https://www.gap.com/webcontent/0057/699/994/cn57699994.jpg', 4, 0, 12, '2025-01-01 00:00:00', '2025-01-01 00:00:00');
INSERT INTO product_image (id, image_url, display_order, is_primary, product_id, created_date, updated_date) VALUES (86, 'https://www.gap.com/webcontent/0057/699/660/cn57699660.jpg', 5, 0, 12, '2025-01-01 00:00:00', '2025-01-01 00:00:00');
INSERT INTO product_image (id, image_url, display_order, is_primary, product_id, created_date, updated_date) VALUES (87, 'https://www.gap.com/webcontent/0060/427/419/cn60427419.jpg', 6, 0, 12, '2025-01-01 00:00:00', '2025-01-01 00:00:00');
INSERT INTO prices (id, base_price, sale_price, status, created_date, updated_date) VALUES (85, 69.95, 55, 'active', '2025-01-01 00:00:00', '2025-01-01 00:00:00');
INSERT INTO product_variants (id, product_id, color_id, size_id, price_id, material_id, season_id, status, created_date, updated_date) VALUES (85, 12, 2, 1, 85, 4, 4, 'active', '2025-01-01 00:00:00', '2025-01-01 00:00:00');
INSERT INTO prices (id, base_price, sale_price, status, created_date, updated_date) VALUES (86, 69.95, 55, 'active', '2025-01-01 00:00:00', '2025-01-01 00:00:00');
INSERT INTO product_variants (id, product_id, color_id, size_id, price_id, material_id, season_id, status, created_date, updated_date) VALUES (86, 12, 2, 6, 86, 7, 2, 'active', '2025-01-01 00:00:00', '2025-01-01 00:00:00');
INSERT INTO prices (id, base_price, sale_price, status, created_date, updated_date) VALUES (87, 69.95, 55, 'active', '2025-01-01 00:00:00', '2025-01-01 00:00:00');
INSERT INTO product_variants (id, product_id, color_id, size_id, price_id, material_id, season_id, status, created_date, updated_date) VALUES (87, 12, 2, 7, 87, 2, 4, 'active', '2025-01-01 00:00:00', '2025-01-01 00:00:00');
INSERT INTO prices (id, base_price, sale_price, status, created_date, updated_date) VALUES (88, 69.95, 55, 'active', '2025-01-01 00:00:00', '2025-01-01 00:00:00');
INSERT INTO product_variants (id, product_id, color_id, size_id, price_id, material_id, season_id, status, created_date, updated_date) VALUES (88, 12, 2, 3, 88, 7, 3, 'active', '2025-01-01 00:00:00', '2025-01-01 00:00:00');
INSERT INTO prices (id, base_price, sale_price, status, created_date, updated_date) VALUES (89, 69.95, 55, 'active', '2025-01-01 00:00:00', '2025-01-01 00:00:00');
INSERT INTO product_variants (id, product_id, color_id, size_id, price_id, material_id, season_id, status, created_date, updated_date) VALUES (89, 12, 2, 5, 89, 1, 1, 'active', '2025-01-01 00:00:00', '2025-01-01 00:00:00');
INSERT INTO prices (id, base_price, sale_price, status, created_date, updated_date) VALUES (90, 69.95, 55, 'active', '2025-01-01 00:00:00', '2025-01-01 00:00:00');
INSERT INTO product_variants (id, product_id, color_id, size_id, price_id, material_id, season_id, status, created_date, updated_date) VALUES (90, 12, 2, 1, 90, 5, 1, 'active', '2025-01-01 00:00:00', '2025-01-01 00:00:00');
INSERT INTO prices (id, base_price, sale_price, status, created_date, updated_date) VALUES (91, 69.95, 55, 'active', '2025-01-01 00:00:00', '2025-01-01 00:00:00');
INSERT INTO product_variants (id, product_id, color_id, size_id, price_id, material_id, season_id, status, created_date, updated_date) VALUES (91, 12, 9, 5, 91, 5, 3, 'active', '2025-01-01 00:00:00', '2025-01-01 00:00:00');
INSERT INTO prices (id, base_price, sale_price, status, created_date, updated_date) VALUES (92, 69.95, 55, 'active', '2025-01-01 00:00:00', '2025-01-01 00:00:00');
INSERT INTO product_variants (id, product_id, color_id, size_id, price_id, material_id, season_id, status, created_date, updated_date) VALUES (92, 12, 9, 9, 92, 3, 3, 'active', '2025-01-01 00:00:00', '2025-01-01 00:00:00');
INSERT INTO prices (id, base_price, sale_price, status, created_date, updated_date) VALUES (93, 69.95, 55, 'active', '2025-01-01 00:00:00', '2025-01-01 00:00:00');
INSERT INTO product_variants (id, product_id, color_id, size_id, price_id, material_id, season_id, status, created_date, updated_date) VALUES (93, 12, 10, 10, 93, 6, 4, 'active', '2025-01-01 00:00:00', '2025-01-01 00:00:00');
INSERT INTO prices (id, base_price, sale_price, status, created_date, updated_date) VALUES (94, 69.95, 55, 'active', '2025-01-01 00:00:00', '2025-01-01 00:00:00');
INSERT INTO product_variants (id, product_id, color_id, size_id, price_id, material_id, season_id, status, created_date, updated_date) VALUES (94, 12, 10, 7, 94, 4, 1, 'active', '2025-01-01 00:00:00', '2025-01-01 00:00:00');
INSERT INTO prices (id, base_price, sale_price, status, created_date, updated_date) VALUES (95, 69.95, 55, 'active', '2025-01-01 00:00:00', '2025-01-01 00:00:00');
INSERT INTO product_variants (id, product_id, color_id, size_id, price_id, material_id, season_id, status, created_date, updated_date) VALUES (95, 12, 1, 8, 95, 4, 4, 'active', '2025-01-01 00:00:00', '2025-01-01 00:00:00');
INSERT INTO prices (id, base_price, sale_price, status, created_date, updated_date) VALUES (96, 69.95, 55, 'active', '2025-01-01 00:00:00', '2025-01-01 00:00:00');
INSERT INTO product_variants (id, product_id, color_id, size_id, price_id, material_id, season_id, status, created_date, updated_date) VALUES (96, 12, 1, 5, 96, 1, 4, 'active', '2025-01-01 00:00:00', '2025-01-01 00:00:00');
INSERT INTO prices (id, base_price, sale_price, status, created_date, updated_date) VALUES (97, 69.95, 55, 'active', '2025-01-01 00:00:00', '2025-01-01 00:00:00');
INSERT INTO product_variants (id, product_id, color_id, size_id, price_id, material_id, season_id, status, created_date, updated_date) VALUES (97, 12, 1, 7, 97, 3, 1, 'active', '2025-01-01 00:00:00', '2025-01-01 00:00:00');
INSERT INTO product (id, name, description, category_id, status, created_date, updated_date, created_by, updated_by) VALUES (13, 'Adult VintageSoft Arch Logo Zip Hoodie', 'Description for Adult VintageSoft Arch Logo Zip Hoodie', 2, 'active', '2025-01-01 00:00:00', '2025-01-01 00:00:00', 1, 1);
INSERT INTO product_image (id, image_url, display_order, is_primary, product_id, created_date, updated_date) VALUES (88, 'https://www1.assets-gap.com/webcontent/0056/747/419/cn56747419.jpg?q=h&w=1152', 0, 1, 13, '2025-01-01 00:00:00', '2025-01-01 00:00:00');
INSERT INTO product_image (id, image_url, display_order, is_primary, product_id, created_date, updated_date) VALUES (89, 'https://www.gap.com/webcontent/0056/747/398/cn56747398.jpg', 1, 0, 13, '2025-01-01 00:00:00', '2025-01-01 00:00:00');
INSERT INTO product_image (id, image_url, display_order, is_primary, product_id, created_date, updated_date) VALUES (90, 'https://www.gap.com/webcontent/0057/981/661/cn57981661.jpg', 2, 0, 13, '2025-01-01 00:00:00', '2025-01-01 00:00:00');
INSERT INTO product_image (id, image_url, display_order, is_primary, product_id, created_date, updated_date) VALUES (91, 'https://www.gap.com/webcontent/0057/981/629/cn57981629.jpg', 3, 0, 13, '2025-01-01 00:00:00', '2025-01-01 00:00:00');
INSERT INTO product_image (id, image_url, display_order, is_primary, product_id, created_date, updated_date) VALUES (92, 'https://www.gap.com/webcontent/0057/981/675/cn57981675.jpg', 4, 0, 13, '2025-01-01 00:00:00', '2025-01-01 00:00:00');
INSERT INTO product_image (id, image_url, display_order, is_primary, product_id, created_date, updated_date) VALUES (93, 'https://www.gap.com/webcontent/0057/982/045/cn57982045.jpg', 5, 0, 13, '2025-01-01 00:00:00', '2025-01-01 00:00:00');
INSERT INTO product_image (id, image_url, display_order, is_primary, product_id, created_date, updated_date) VALUES (94, 'https://www.gap.com/webcontent/0057/982/095/cn57982095.jpg', 6, 0, 13, '2025-01-01 00:00:00', '2025-01-01 00:00:00');
INSERT INTO product_image (id, image_url, display_order, is_primary, product_id, created_date, updated_date) VALUES (95, 'https://www.gap.com/webcontent/0056/656/706/cn56656706.jpg', 7, 0, 13, '2025-01-01 00:00:00', '2025-01-01 00:00:00');
INSERT INTO product_image (id, image_url, display_order, is_primary, product_id, created_date, updated_date) VALUES (96, 'https://www.gap.com/webcontent/0057/031/121/cn57031121.jpg', 8, 0, 13, '2025-01-01 00:00:00', '2025-01-01 00:00:00');
INSERT INTO prices (id, base_price, sale_price, status, created_date, updated_date) VALUES (98, 69.95, 55, 'active', '2025-01-01 00:00:00', '2025-01-01 00:00:00');
INSERT INTO product_variants (id, product_id, color_id, size_id, price_id, material_id, season_id, status, created_date, updated_date) VALUES (98, 13, 2, 4, 98, 3, 1, 'active', '2025-01-01 00:00:00', '2025-01-01 00:00:00');
INSERT INTO prices (id, base_price, sale_price, status, created_date, updated_date) VALUES (99, 69.95, 55, 'active', '2025-01-01 00:00:00', '2025-01-01 00:00:00');
INSERT INTO product_variants (id, product_id, color_id, size_id, price_id, material_id, season_id, status, created_date, updated_date) VALUES (99, 13, 2, 2, 99, 1, 4, 'active', '2025-01-01 00:00:00', '2025-01-01 00:00:00');
INSERT INTO prices (id, base_price, sale_price, status, created_date, updated_date) VALUES (100, 69.95, 55, 'active', '2025-01-01 00:00:00', '2025-01-01 00:00:00');
INSERT INTO product_variants (id, product_id, color_id, size_id, price_id, material_id, season_id, status, created_date, updated_date) VALUES (100, 13, 2, 5, 100, 6, 3, 'active', '2025-01-01 00:00:00', '2025-01-01 00:00:00');
INSERT INTO prices (id, base_price, sale_price, status, created_date, updated_date) VALUES (101, 69.95, 55, 'active', '2025-01-01 00:00:00', '2025-01-01 00:00:00');
INSERT INTO product_variants (id, product_id, color_id, size_id, price_id, material_id, season_id, status, created_date, updated_date) VALUES (101, 13, 2, 10, 101, 6, 1, 'active', '2025-01-01 00:00:00', '2025-01-01 00:00:00');
INSERT INTO prices (id, base_price, sale_price, status, created_date, updated_date) VALUES (102, 69.95, 55, 'active', '2025-01-01 00:00:00', '2025-01-01 00:00:00');
INSERT INTO product_variants (id, product_id, color_id, size_id, price_id, material_id, season_id, status, created_date, updated_date) VALUES (102, 13, 2, 5, 102, 2, 4, 'active', '2025-01-01 00:00:00', '2025-01-01 00:00:00');
INSERT INTO prices (id, base_price, sale_price, status, created_date, updated_date) VALUES (103, 69.95, 55, 'active', '2025-01-01 00:00:00', '2025-01-01 00:00:00');
INSERT INTO product_variants (id, product_id, color_id, size_id, price_id, material_id, season_id, status, created_date, updated_date) VALUES (103, 13, 9, 1, 103, 6, 1, 'active', '2025-01-01 00:00:00', '2025-01-01 00:00:00');
INSERT INTO prices (id, base_price, sale_price, status, created_date, updated_date) VALUES (104, 69.95, 55, 'active', '2025-01-01 00:00:00', '2025-01-01 00:00:00');
INSERT INTO product_variants (id, product_id, color_id, size_id, price_id, material_id, season_id, status, created_date, updated_date) VALUES (104, 13, 9, 4, 104, 1, 1, 'active', '2025-01-01 00:00:00', '2025-01-01 00:00:00');
INSERT INTO prices (id, base_price, sale_price, status, created_date, updated_date) VALUES (105, 69.95, 55, 'active', '2025-01-01 00:00:00', '2025-01-01 00:00:00');
INSERT INTO product_variants (id, product_id, color_id, size_id, price_id, material_id, season_id, status, created_date, updated_date) VALUES (105, 13, 9, 3, 105, 6, 1, 'active', '2025-01-01 00:00:00', '2025-01-01 00:00:00');
INSERT INTO prices (id, base_price, sale_price, status, created_date, updated_date) VALUES (106, 69.95, 55, 'active', '2025-01-01 00:00:00', '2025-01-01 00:00:00');
INSERT INTO product_variants (id, product_id, color_id, size_id, price_id, material_id, season_id, status, created_date, updated_date) VALUES (106, 13, 10, 5, 106, 3, 4, 'active', '2025-01-01 00:00:00', '2025-01-01 00:00:00');
INSERT INTO prices (id, base_price, sale_price, status, created_date, updated_date) VALUES (107, 69.95, 55, 'active', '2025-01-01 00:00:00', '2025-01-01 00:00:00');
INSERT INTO product_variants (id, product_id, color_id, size_id, price_id, material_id, season_id, status, created_date, updated_date) VALUES (107, 13, 10, 8, 107, 5, 2, 'active', '2025-01-01 00:00:00', '2025-01-01 00:00:00');
INSERT INTO prices (id, base_price, sale_price, status, created_date, updated_date) VALUES (108, 69.95, 55, 'active', '2025-01-01 00:00:00', '2025-01-01 00:00:00');
INSERT INTO product_variants (id, product_id, color_id, size_id, price_id, material_id, season_id, status, created_date, updated_date) VALUES (108, 13, 1, 7, 108, 6, 1, 'active', '2025-01-01 00:00:00', '2025-01-01 00:00:00');
INSERT INTO prices (id, base_price, sale_price, status, created_date, updated_date) VALUES (109, 69.95, 55, 'active', '2025-01-01 00:00:00', '2025-01-01 00:00:00');
INSERT INTO product_variants (id, product_id, color_id, size_id, price_id, material_id, season_id, status, created_date, updated_date) VALUES (109, 13, 1, 5, 109, 7, 3, 'active', '2025-01-01 00:00:00', '2025-01-01 00:00:00');
INSERT INTO prices (id, base_price, sale_price, status, created_date, updated_date) VALUES (110, 69.95, 55, 'active', '2025-01-01 00:00:00', '2025-01-01 00:00:00');
INSERT INTO product_variants (id, product_id, color_id, size_id, price_id, material_id, season_id, status, created_date, updated_date) VALUES (110, 13, 1, 3, 110, 6, 2, 'active', '2025-01-01 00:00:00', '2025-01-01 00:00:00');
INSERT INTO product (id, name, description, category_id, status, created_date, updated_date, created_by, updated_by) VALUES (14, 'Kids VintageSoft Gap Arch Logo Hoodie', 'Description for Kids VintageSoft Gap Arch Logo Hoodie', 2, 'active', '2025-01-01 00:00:00', '2025-01-01 00:00:00', 1, 1);
INSERT INTO product_image (id, image_url, display_order, is_primary, product_id, created_date, updated_date) VALUES (97, 'https://www1.assets-gap.com/webcontent/0061/016/467/cn61016467.jpg?q=h&w=1152', 0, 1, 14, '2025-01-01 00:00:00', '2025-01-01 00:00:00');
INSERT INTO product_image (id, image_url, display_order, is_primary, product_id, created_date, updated_date) VALUES (98, 'https://www.gap.com/webcontent/0061/016/462/cn61016462.jpg', 1, 0, 14, '2025-01-01 00:00:00', '2025-01-01 00:00:00');
INSERT INTO product_image (id, image_url, display_order, is_primary, product_id, created_date, updated_date) VALUES (99, 'https://www.gap.com/webcontent/0061/015/645/cn61015645.jpg', 2, 0, 14, '2025-01-01 00:00:00', '2025-01-01 00:00:00');
INSERT INTO product_image (id, image_url, display_order, is_primary, product_id, created_date, updated_date) VALUES (100, 'https://www.gap.com/webcontent/0060/979/386/cn60979386.jpg', 3, 0, 14, '2025-01-01 00:00:00', '2025-01-01 00:00:00');
INSERT INTO product_image (id, image_url, display_order, is_primary, product_id, created_date, updated_date) VALUES (101, 'https://www.gap.com/webcontent/0061/015/682/cn61015682.jpg', 4, 0, 14, '2025-01-01 00:00:00', '2025-01-01 00:00:00');
INSERT INTO prices (id, base_price, sale_price, status, created_date, updated_date) VALUES (111, 54.95, 32, 'active', '2025-01-01 00:00:00', '2025-01-01 00:00:00');
INSERT INTO product_variants (id, product_id, color_id, size_id, price_id, material_id, season_id, status, created_date, updated_date) VALUES (111, 14, 3, 8, 111, 3, 4, 'active', '2025-01-01 00:00:00', '2025-01-01 00:00:00');
INSERT INTO prices (id, base_price, sale_price, status, created_date, updated_date) VALUES (112, 54.95, 32, 'active', '2025-01-01 00:00:00', '2025-01-01 00:00:00');
INSERT INTO product_variants (id, product_id, color_id, size_id, price_id, material_id, season_id, status, created_date, updated_date) VALUES (112, 14, 3, 4, 112, 3, 1, 'active', '2025-01-01 00:00:00', '2025-01-01 00:00:00');
INSERT INTO prices (id, base_price, sale_price, status, created_date, updated_date) VALUES (113, 54.95, 32, 'active', '2025-01-01 00:00:00', '2025-01-01 00:00:00');
INSERT INTO product_variants (id, product_id, color_id, size_id, price_id, material_id, season_id, status, created_date, updated_date) VALUES (113, 14, 11, 8, 113, 1, 4, 'active', '2025-01-01 00:00:00', '2025-01-01 00:00:00');
INSERT INTO prices (id, base_price, sale_price, status, created_date, updated_date) VALUES (114, 54.95, 32, 'active', '2025-01-01 00:00:00', '2025-01-01 00:00:00');
INSERT INTO product_variants (id, product_id, color_id, size_id, price_id, material_id, season_id, status, created_date, updated_date) VALUES (114, 14, 11, 10, 114, 1, 3, 'active', '2025-01-01 00:00:00', '2025-01-01 00:00:00');
INSERT INTO product (id, name, description, category_id, status, created_date, updated_date, created_by, updated_by) VALUES (15, 'VintageSoft Crop Logo Hoodie', 'Description for VintageSoft Crop Logo Hoodie', 2, 'active', '2025-01-01 00:00:00', '2025-01-01 00:00:00', 1, 1);
INSERT INTO product_image (id, image_url, display_order, is_primary, product_id, created_date, updated_date) VALUES (102, 'https://www1.assets-gap.com/webcontent/0059/846/500/cn59846500.jpg?q=h&w=1152', 0, 1, 15, '2025-01-01 00:00:00', '2025-01-01 00:00:00');
INSERT INTO product_image (id, image_url, display_order, is_primary, product_id, created_date, updated_date) VALUES (103, 'https://www.gap.com/webcontent/0057/411/288/cn57411288.jpg', 1, 0, 15, '2025-01-01 00:00:00', '2025-01-01 00:00:00');
INSERT INTO product_image (id, image_url, display_order, is_primary, product_id, created_date, updated_date) VALUES (104, 'https://www.gap.com/webcontent/0057/411/290/cn57411290.jpg', 2, 0, 15, '2025-01-01 00:00:00', '2025-01-01 00:00:00');
INSERT INTO product_image (id, image_url, display_order, is_primary, product_id, created_date, updated_date) VALUES (105, 'https://www.gap.com/webcontent/0057/411/293/cn57411293.jpg', 3, 0, 15, '2025-01-01 00:00:00', '2025-01-01 00:00:00');
INSERT INTO product_image (id, image_url, display_order, is_primary, product_id, created_date, updated_date) VALUES (106, 'https://www.gap.com/webcontent/0057/475/895/cn57475895.jpg', 4, 0, 15, '2025-01-01 00:00:00', '2025-01-01 00:00:00');
INSERT INTO prices (id, base_price, sale_price, status, created_date, updated_date) VALUES (115, 69.95, 55, 'active', '2025-01-01 00:00:00', '2025-01-01 00:00:00');
INSERT INTO product_variants (id, product_id, color_id, size_id, price_id, material_id, season_id, status, created_date, updated_date) VALUES (115, 15, 2, 6, 115, 3, 2, 'active', '2025-01-01 00:00:00', '2025-01-01 00:00:00');
INSERT INTO prices (id, base_price, sale_price, status, created_date, updated_date) VALUES (116, 69.95, 55, 'active', '2025-01-01 00:00:00', '2025-01-01 00:00:00');
INSERT INTO product_variants (id, product_id, color_id, size_id, price_id, material_id, season_id, status, created_date, updated_date) VALUES (116, 15, 2, 3, 116, 4, 4, 'active', '2025-01-01 00:00:00', '2025-01-01 00:00:00');
INSERT INTO prices (id, base_price, sale_price, status, created_date, updated_date) VALUES (117, 69.95, 55, 'active', '2025-01-01 00:00:00', '2025-01-01 00:00:00');
INSERT INTO product_variants (id, product_id, color_id, size_id, price_id, material_id, season_id, status, created_date, updated_date) VALUES (117, 15, 2, 6, 117, 2, 4, 'active', '2025-01-01 00:00:00', '2025-01-01 00:00:00');
INSERT INTO product (id, name, description, category_id, status, created_date, updated_date, created_by, updated_by) VALUES (16, 'Kids Vintage Soft  Logo Zip Hoodie', 'Description for Kids Vintage Soft  Logo Zip Hoodie', 2, 'active', '2025-01-01 00:00:00', '2025-01-01 00:00:00', 1, 1);
INSERT INTO product_image (id, image_url, display_order, is_primary, product_id, created_date, updated_date) VALUES (107, 'https://www1.assets-gap.com/webcontent/0057/010/159/cn57010159.jpg?q=h&w=1152', 0, 1, 16, '2025-01-01 00:00:00', '2025-01-01 00:00:00');
INSERT INTO product_image (id, image_url, display_order, is_primary, product_id, created_date, updated_date) VALUES (108, 'https://www.gap.com/webcontent/0057/010/128/cn57010128.jpg', 1, 0, 16, '2025-01-01 00:00:00', '2025-01-01 00:00:00');
INSERT INTO product_image (id, image_url, display_order, is_primary, product_id, created_date, updated_date) VALUES (109, 'https://www.gap.com/webcontent/0056/976/963/cn56976963.jpg', 2, 0, 16, '2025-01-01 00:00:00', '2025-01-01 00:00:00');
INSERT INTO product_image (id, image_url, display_order, is_primary, product_id, created_date, updated_date) VALUES (110, 'https://www.gap.com/webcontent/0056/976/964/cn56976964.jpg', 3, 0, 16, '2025-01-01 00:00:00', '2025-01-01 00:00:00');
INSERT INTO product_image (id, image_url, display_order, is_primary, product_id, created_date, updated_date) VALUES (111, 'https://www.gap.com/webcontent/0056/827/822/cn56827822.jpg', 4, 0, 16, '2025-01-01 00:00:00', '2025-01-01 00:00:00');
INSERT INTO product_image (id, image_url, display_order, is_primary, product_id, created_date, updated_date) VALUES (112, 'https://www.gap.com/webcontent/0056/842/735/cn56842735.jpg', 5, 0, 16, '2025-01-01 00:00:00', '2025-01-01 00:00:00');
INSERT INTO prices (id, base_price, sale_price, status, created_date, updated_date) VALUES (118, 54.95, 43, 'active', '2025-01-01 00:00:00', '2025-01-01 00:00:00');
INSERT INTO product_variants (id, product_id, color_id, size_id, price_id, material_id, season_id, status, created_date, updated_date) VALUES (118, 16, 9, 3, 118, 6, 3, 'active', '2025-01-01 00:00:00', '2025-01-01 00:00:00');
INSERT INTO prices (id, base_price, sale_price, status, created_date, updated_date) VALUES (119, 54.95, 43, 'active', '2025-01-01 00:00:00', '2025-01-01 00:00:00');
INSERT INTO product_variants (id, product_id, color_id, size_id, price_id, material_id, season_id, status, created_date, updated_date) VALUES (119, 16, 9, 5, 119, 2, 4, 'active', '2025-01-01 00:00:00', '2025-01-01 00:00:00');
INSERT INTO prices (id, base_price, sale_price, status, created_date, updated_date) VALUES (120, 54.95, 43, 'active', '2025-01-01 00:00:00', '2025-01-01 00:00:00');
INSERT INTO product_variants (id, product_id, color_id, size_id, price_id, material_id, season_id, status, created_date, updated_date) VALUES (120, 16, 10, 4, 120, 7, 1, 'active', '2025-01-01 00:00:00', '2025-01-01 00:00:00');
INSERT INTO prices (id, base_price, sale_price, status, created_date, updated_date) VALUES (121, 54.95, 43, 'active', '2025-01-01 00:00:00', '2025-01-01 00:00:00');
INSERT INTO product_variants (id, product_id, color_id, size_id, price_id, material_id, season_id, status, created_date, updated_date) VALUES (121, 16, 10, 9, 121, 2, 4, 'active', '2025-01-01 00:00:00', '2025-01-01 00:00:00');
INSERT INTO prices (id, base_price, sale_price, status, created_date, updated_date) VALUES (122, 54.95, 43, 'active', '2025-01-01 00:00:00', '2025-01-01 00:00:00');
INSERT INTO product_variants (id, product_id, color_id, size_id, price_id, material_id, season_id, status, created_date, updated_date) VALUES (122, 16, 10, 10, 122, 6, 3, 'active', '2025-01-01 00:00:00', '2025-01-01 00:00:00');
INSERT INTO prices (id, base_price, sale_price, status, created_date, updated_date) VALUES (123, 54.95, 43, 'active', '2025-01-01 00:00:00', '2025-01-01 00:00:00');
INSERT INTO product_variants (id, product_id, color_id, size_id, price_id, material_id, season_id, status, created_date, updated_date) VALUES (123, 16, 2, 1, 123, 4, 1, 'active', '2025-01-01 00:00:00', '2025-01-01 00:00:00');
INSERT INTO prices (id, base_price, sale_price, status, created_date, updated_date) VALUES (124, 54.95, 43, 'active', '2025-01-01 00:00:00', '2025-01-01 00:00:00');
INSERT INTO product_variants (id, product_id, color_id, size_id, price_id, material_id, season_id, status, created_date, updated_date) VALUES (124, 16, 2, 10, 124, 7, 1, 'active', '2025-01-01 00:00:00', '2025-01-01 00:00:00');
INSERT INTO prices (id, base_price, sale_price, status, created_date, updated_date) VALUES (125, 54.95, 43, 'active', '2025-01-01 00:00:00', '2025-01-01 00:00:00');
INSERT INTO product_variants (id, product_id, color_id, size_id, price_id, material_id, season_id, status, created_date, updated_date) VALUES (125, 16, 2, 2, 125, 5, 3, 'active', '2025-01-01 00:00:00', '2025-01-01 00:00:00');
INSERT INTO product (id, name, description, category_id, status, created_date, updated_date, created_by, updated_by) VALUES (17, 'Belted Long Puffer Coat', 'Description for Belted Long Puffer Coat', 3, 'active', '2025-01-01 00:00:00', '2025-01-01 00:00:00', 1, 1);
INSERT INTO product_image (id, image_url, display_order, is_primary, product_id, created_date, updated_date) VALUES (113, 'https://www1.assets-gap.com/webcontent/0060/586/666/cn60586666.jpg?q=h&w=1152', 0, 1, 17, '2025-01-01 00:00:00', '2025-01-01 00:00:00');
INSERT INTO product_image (id, image_url, display_order, is_primary, product_id, created_date, updated_date) VALUES (114, 'https://www.gap.com/webcontent/0060/586/627/cn60586627.jpg', 1, 0, 17, '2025-01-01 00:00:00', '2025-01-01 00:00:00');
INSERT INTO product_image (id, image_url, display_order, is_primary, product_id, created_date, updated_date) VALUES (115, 'https://www.gap.com/webcontent/0060/586/435/cn60586435.jpg', 2, 0, 17, '2025-01-01 00:00:00', '2025-01-01 00:00:00');
INSERT INTO product_image (id, image_url, display_order, is_primary, product_id, created_date, updated_date) VALUES (116, 'https://www.gap.com/webcontent/0060/586/443/cn60586443.jpg', 3, 0, 17, '2025-01-01 00:00:00', '2025-01-01 00:00:00');
INSERT INTO product_image (id, image_url, display_order, is_primary, product_id, created_date, updated_date) VALUES (117, 'https://www.gap.com/webcontent/0060/165/937/cn60165937.jpg', 4, 0, 17, '2025-01-01 00:00:00', '2025-01-01 00:00:00');
INSERT INTO product_image (id, image_url, display_order, is_primary, product_id, created_date, updated_date) VALUES (118, 'https://www.gap.com/webcontent/0060/168/731/cn60168731.jpg', 5, 0, 17, '2025-01-01 00:00:00', '2025-01-01 00:00:00');
INSERT INTO prices (id, base_price, sale_price, status, created_date, updated_date) VALUES (126, 268, 160, 'active', '2025-01-01 00:00:00', '2025-01-01 00:00:00');
INSERT INTO product_variants (id, product_id, color_id, size_id, price_id, material_id, season_id, status, created_date, updated_date) VALUES (126, 17, 4, 2, 126, 2, 3, 'active', '2025-01-01 00:00:00', '2025-01-01 00:00:00');
INSERT INTO prices (id, base_price, sale_price, status, created_date, updated_date) VALUES (127, 268, 160, 'active', '2025-01-01 00:00:00', '2025-01-01 00:00:00');
INSERT INTO product_variants (id, product_id, color_id, size_id, price_id, material_id, season_id, status, created_date, updated_date) VALUES (127, 17, 4, 9, 127, 3, 3, 'active', '2025-01-01 00:00:00', '2025-01-01 00:00:00');
INSERT INTO prices (id, base_price, sale_price, status, created_date, updated_date) VALUES (128, 268, 160, 'active', '2025-01-01 00:00:00', '2025-01-01 00:00:00');
INSERT INTO product_variants (id, product_id, color_id, size_id, price_id, material_id, season_id, status, created_date, updated_date) VALUES (128, 17, 4, 10, 128, 3, 1, 'active', '2025-01-01 00:00:00', '2025-01-01 00:00:00');
INSERT INTO prices (id, base_price, sale_price, status, created_date, updated_date) VALUES (129, 268, 160, 'active', '2025-01-01 00:00:00', '2025-01-01 00:00:00');
INSERT INTO product_variants (id, product_id, color_id, size_id, price_id, material_id, season_id, status, created_date, updated_date) VALUES (129, 17, 2, 1, 129, 5, 3, 'active', '2025-01-01 00:00:00', '2025-01-01 00:00:00');
INSERT INTO prices (id, base_price, sale_price, status, created_date, updated_date) VALUES (130, 268, 160, 'active', '2025-01-01 00:00:00', '2025-01-01 00:00:00');
INSERT INTO product_variants (id, product_id, color_id, size_id, price_id, material_id, season_id, status, created_date, updated_date) VALUES (130, 17, 2, 2, 130, 3, 4, 'active', '2025-01-01 00:00:00', '2025-01-01 00:00:00');
INSERT INTO product (id, name, description, category_id, status, created_date, updated_date, created_by, updated_by) VALUES (18, 'Wool-Blend Chesterfield Coat', 'Description for Wool-Blend Chesterfield Coat', 3, 'active', '2025-01-01 00:00:00', '2025-01-01 00:00:00', 1, 1);
INSERT INTO product_image (id, image_url, display_order, is_primary, product_id, created_date, updated_date) VALUES (119, 'https://www1.assets-gap.com/webcontent/0060/567/250/cn60567250.jpg?q=h&w=1152', 0, 1, 18, '2025-01-01 00:00:00', '2025-01-01 00:00:00');
INSERT INTO product_image (id, image_url, display_order, is_primary, product_id, created_date, updated_date) VALUES (120, 'https://www.gap.com/webcontent/0060/567/218/cn60567218.jpg', 1, 0, 18, '2025-01-01 00:00:00', '2025-01-01 00:00:00');
INSERT INTO product_image (id, image_url, display_order, is_primary, product_id, created_date, updated_date) VALUES (121, 'https://www.gap.com/webcontent/0060/567/018/cn60567018.jpg', 2, 0, 18, '2025-01-01 00:00:00', '2025-01-01 00:00:00');
INSERT INTO product_image (id, image_url, display_order, is_primary, product_id, created_date, updated_date) VALUES (122, 'https://www.gap.com/webcontent/0060/567/048/cn60567048.jpg', 3, 0, 18, '2025-01-01 00:00:00', '2025-01-01 00:00:00');
INSERT INTO product_image (id, image_url, display_order, is_primary, product_id, created_date, updated_date) VALUES (123, 'https://www.gap.com/webcontent/0060/425/799/cn60425799.jpg', 4, 0, 18, '2025-01-01 00:00:00', '2025-01-01 00:00:00');
INSERT INTO product_image (id, image_url, display_order, is_primary, product_id, created_date, updated_date) VALUES (124, 'https://www.gap.com/webcontent/0060/427/303/cn60427303.jpg', 5, 0, 18, '2025-01-01 00:00:00', '2025-01-01 00:00:00');
INSERT INTO prices (id, base_price, sale_price, status, created_date, updated_date) VALUES (131, 248, 124, 'active', '2025-01-01 00:00:00', '2025-01-01 00:00:00');
INSERT INTO product_variants (id, product_id, color_id, size_id, price_id, material_id, season_id, status, created_date, updated_date) VALUES (131, 18, 2, 10, 131, 6, 1, 'active', '2025-01-01 00:00:00', '2025-01-01 00:00:00');
INSERT INTO prices (id, base_price, sale_price, status, created_date, updated_date) VALUES (132, 248, 124, 'active', '2025-01-01 00:00:00', '2025-01-01 00:00:00');
INSERT INTO product_variants (id, product_id, color_id, size_id, price_id, material_id, season_id, status, created_date, updated_date) VALUES (132, 18, 2, 5, 132, 6, 1, 'active', '2025-01-01 00:00:00', '2025-01-01 00:00:00');
INSERT INTO prices (id, base_price, sale_price, status, created_date, updated_date) VALUES (133, 248, 124, 'active', '2025-01-01 00:00:00', '2025-01-01 00:00:00');
INSERT INTO product_variants (id, product_id, color_id, size_id, price_id, material_id, season_id, status, created_date, updated_date) VALUES (133, 18, 9, 3, 133, 7, 1, 'active', '2025-01-01 00:00:00', '2025-01-01 00:00:00');
INSERT INTO prices (id, base_price, sale_price, status, created_date, updated_date) VALUES (134, 248, 124, 'active', '2025-01-01 00:00:00', '2025-01-01 00:00:00');
INSERT INTO product_variants (id, product_id, color_id, size_id, price_id, material_id, season_id, status, created_date, updated_date) VALUES (134, 18, 9, 8, 134, 1, 3, 'active', '2025-01-01 00:00:00', '2025-01-01 00:00:00');
INSERT INTO product (id, name, description, category_id, status, created_date, updated_date, created_by, updated_by) VALUES (19, 'Wool-Blend Wrap Coat', 'Description for Wool-Blend Wrap Coat', 3, 'active', '2025-01-01 00:00:00', '2025-01-01 00:00:00', 1, 1);
INSERT INTO product_image (id, image_url, display_order, is_primary, product_id, created_date, updated_date) VALUES (125, 'https://www1.assets-gap.com/webcontent/0060/264/674/cn60264674.jpg?q=h&w=1152', 0, 1, 19, '2025-01-01 00:00:00', '2025-01-01 00:00:00');
INSERT INTO product_image (id, image_url, display_order, is_primary, product_id, created_date, updated_date) VALUES (126, 'https://www.gap.com/webcontent/0060/264/654/cn60264654.jpg', 1, 0, 19, '2025-01-01 00:00:00', '2025-01-01 00:00:00');
INSERT INTO product_image (id, image_url, display_order, is_primary, product_id, created_date, updated_date) VALUES (127, 'https://www.gap.com/webcontent/0060/213/636/cn60213636.jpg', 2, 0, 19, '2025-01-01 00:00:00', '2025-01-01 00:00:00');
INSERT INTO product_image (id, image_url, display_order, is_primary, product_id, created_date, updated_date) VALUES (128, 'https://www.gap.com/webcontent/0060/213/638/cn60213638.jpg', 3, 0, 19, '2025-01-01 00:00:00', '2025-01-01 00:00:00');
INSERT INTO product_image (id, image_url, display_order, is_primary, product_id, created_date, updated_date) VALUES (129, 'https://www.gap.com/webcontent/0059/830/908/cn59830908.jpg', 4, 0, 19, '2025-01-01 00:00:00', '2025-01-01 00:00:00');
INSERT INTO product_image (id, image_url, display_order, is_primary, product_id, created_date, updated_date) VALUES (130, 'https://www.gap.com/webcontent/0059/830/893/cn59830893.jpg', 5, 0, 19, '2025-01-01 00:00:00', '2025-01-01 00:00:00');
INSERT INTO prices (id, base_price, sale_price, status, created_date, updated_date) VALUES (135, 248, 198, 'active', '2025-01-01 00:00:00', '2025-01-01 00:00:00');
INSERT INTO product_variants (id, product_id, color_id, size_id, price_id, material_id, season_id, status, created_date, updated_date) VALUES (135, 19, 2, 10, 135, 7, 3, 'active', '2025-01-01 00:00:00', '2025-01-01 00:00:00');
INSERT INTO prices (id, base_price, sale_price, status, created_date, updated_date) VALUES (136, 248, 198, 'active', '2025-01-01 00:00:00', '2025-01-01 00:00:00');
INSERT INTO product_variants (id, product_id, color_id, size_id, price_id, material_id, season_id, status, created_date, updated_date) VALUES (136, 19, 12, 3, 136, 2, 2, 'active', '2025-01-01 00:00:00', '2025-01-01 00:00:00');
INSERT INTO prices (id, base_price, sale_price, status, created_date, updated_date) VALUES (137, 248, 198, 'active', '2025-01-01 00:00:00', '2025-01-01 00:00:00');
INSERT INTO product_variants (id, product_id, color_id, size_id, price_id, material_id, season_id, status, created_date, updated_date) VALUES (137, 19, 12, 6, 137, 2, 2, 'active', '2025-01-01 00:00:00', '2025-01-01 00:00:00');
INSERT INTO product (id, name, description, category_id, status, created_date, updated_date, created_by, updated_by) VALUES (20, 'Wool-Blend Wrap Coat', 'Description for Wool-Blend Wrap Coat', 3, 'active', '2025-01-01 00:00:00', '2025-01-01 00:00:00', 1, 1);
INSERT INTO product_image (id, image_url, display_order, is_primary, product_id, created_date, updated_date) VALUES (131, 'https://www1.assets-gap.com/webcontent/0060/772/404/cn60772404.jpg?q=h&w=1152', 0, 1, 20, '2025-01-01 00:00:00', '2025-01-01 00:00:00');
INSERT INTO product_image (id, image_url, display_order, is_primary, product_id, created_date, updated_date) VALUES (132, 'https://www.gap.com/webcontent/0060/772/353/cn60772353.jpg', 1, 0, 20, '2025-01-01 00:00:00', '2025-01-01 00:00:00');
INSERT INTO product_image (id, image_url, display_order, is_primary, product_id, created_date, updated_date) VALUES (133, 'https://www.gap.com/webcontent/0060/772/379/cn60772379.jpg', 2, 0, 20, '2025-01-01 00:00:00', '2025-01-01 00:00:00');
INSERT INTO product_image (id, image_url, display_order, is_primary, product_id, created_date, updated_date) VALUES (134, 'https://www.gap.com/webcontent/0060/772/348/cn60772348.jpg', 3, 0, 20, '2025-01-01 00:00:00', '2025-01-01 00:00:00');
INSERT INTO product_image (id, image_url, display_order, is_primary, product_id, created_date, updated_date) VALUES (135, 'https://www.gap.com/webcontent/0060/868/713/cn60868713.jpg', 4, 0, 20, '2025-01-01 00:00:00', '2025-01-01 00:00:00');
INSERT INTO product_image (id, image_url, display_order, is_primary, product_id, created_date, updated_date) VALUES (136, 'https://www.gap.com/webcontent/0060/239/258/cn60239258.jpg', 5, 0, 20, '2025-01-01 00:00:00', '2025-01-01 00:00:00');
INSERT INTO prices (id, base_price, sale_price, status, created_date, updated_date) VALUES (138, 248, 99, 'active', '2025-01-01 00:00:00', '2025-01-01 00:00:00');
INSERT INTO product_variants (id, product_id, color_id, size_id, price_id, material_id, season_id, status, created_date, updated_date) VALUES (138, 20, 2, 9, 138, 7, 4, 'active', '2025-01-01 00:00:00', '2025-01-01 00:00:00');
INSERT INTO prices (id, base_price, sale_price, status, created_date, updated_date) VALUES (139, 248, 99, 'active', '2025-01-01 00:00:00', '2025-01-01 00:00:00');
INSERT INTO product_variants (id, product_id, color_id, size_id, price_id, material_id, season_id, status, created_date, updated_date) VALUES (139, 20, 2, 4, 139, 6, 1, 'active', '2025-01-01 00:00:00', '2025-01-01 00:00:00');
INSERT INTO prices (id, base_price, sale_price, status, created_date, updated_date) VALUES (140, 248, 99, 'active', '2025-01-01 00:00:00', '2025-01-01 00:00:00');
INSERT INTO product_variants (id, product_id, color_id, size_id, price_id, material_id, season_id, status, created_date, updated_date) VALUES (140, 20, 2, 1, 140, 6, 2, 'active', '2025-01-01 00:00:00', '2025-01-01 00:00:00');
INSERT INTO prices (id, base_price, sale_price, status, created_date, updated_date) VALUES (141, 248, 99, 'active', '2025-01-01 00:00:00', '2025-01-01 00:00:00');
INSERT INTO product_variants (id, product_id, color_id, size_id, price_id, material_id, season_id, status, created_date, updated_date) VALUES (141, 20, 12, 4, 141, 5, 4, 'active', '2025-01-01 00:00:00', '2025-01-01 00:00:00');
INSERT INTO prices (id, base_price, sale_price, status, created_date, updated_date) VALUES (142, 248, 99, 'active', '2025-01-01 00:00:00', '2025-01-01 00:00:00');
INSERT INTO product_variants (id, product_id, color_id, size_id, price_id, material_id, season_id, status, created_date, updated_date) VALUES (142, 20, 12, 1, 142, 1, 2, 'active', '2025-01-01 00:00:00', '2025-01-01 00:00:00');
INSERT INTO product (id, name, description, category_id, status, created_date, updated_date, created_by, updated_by) VALUES (21, 'Faux Fur-Trim Midi Puffer Jacket', 'Description for Faux Fur-Trim Midi Puffer Jacket', 3, 'active', '2025-01-01 00:00:00', '2025-01-01 00:00:00', 1, 1);
INSERT INTO product_image (id, image_url, display_order, is_primary, product_id, created_date, updated_date) VALUES (137, 'https://www1.assets-gap.com/webcontent/0060/608/526/cn60608526.jpg?q=h&w=1152', 0, 1, 21, '2025-01-01 00:00:00', '2025-01-01 00:00:00');
INSERT INTO product_image (id, image_url, display_order, is_primary, product_id, created_date, updated_date) VALUES (138, 'https://www.gap.com/webcontent/0060/608/503/cn60608503.jpg', 1, 0, 21, '2025-01-01 00:00:00', '2025-01-01 00:00:00');
INSERT INTO product_image (id, image_url, display_order, is_primary, product_id, created_date, updated_date) VALUES (139, 'https://www.gap.com/webcontent/0060/608/274/cn60608274.jpg', 2, 0, 21, '2025-01-01 00:00:00', '2025-01-01 00:00:00');
INSERT INTO product_image (id, image_url, display_order, is_primary, product_id, created_date, updated_date) VALUES (140, 'https://www.gap.com/webcontent/0060/608/278/cn60608278.jpg', 3, 0, 21, '2025-01-01 00:00:00', '2025-01-01 00:00:00');
INSERT INTO product_image (id, image_url, display_order, is_primary, product_id, created_date, updated_date) VALUES (141, 'https://www.gap.com/webcontent/0060/168/709/cn60168709.jpg', 4, 0, 21, '2025-01-01 00:00:00', '2025-01-01 00:00:00');
INSERT INTO product_image (id, image_url, display_order, is_primary, product_id, created_date, updated_date) VALUES (142, 'https://www.gap.com/webcontent/0060/168/711/cn60168711.jpg', 5, 0, 21, '2025-01-01 00:00:00', '2025-01-01 00:00:00');
INSERT INTO prices (id, base_price, sale_price, status, created_date, updated_date) VALUES (143, 248, 99, 'active', '2025-01-01 00:00:00', '2025-01-01 00:00:00');
INSERT INTO product_variants (id, product_id, color_id, size_id, price_id, material_id, season_id, status, created_date, updated_date) VALUES (143, 21, 13, 10, 143, 7, 1, 'active', '2025-01-01 00:00:00', '2025-01-01 00:00:00');
INSERT INTO prices (id, base_price, sale_price, status, created_date, updated_date) VALUES (144, 248, 99, 'active', '2025-01-01 00:00:00', '2025-01-01 00:00:00');
INSERT INTO product_variants (id, product_id, color_id, size_id, price_id, material_id, season_id, status, created_date, updated_date) VALUES (144, 21, 13, 1, 144, 1, 1, 'active', '2025-01-01 00:00:00', '2025-01-01 00:00:00');
INSERT INTO prices (id, base_price, sale_price, status, created_date, updated_date) VALUES (145, 248, 99, 'active', '2025-01-01 00:00:00', '2025-01-01 00:00:00');
INSERT INTO product_variants (id, product_id, color_id, size_id, price_id, material_id, season_id, status, created_date, updated_date) VALUES (145, 21, 2, 6, 145, 5, 4, 'active', '2025-01-01 00:00:00', '2025-01-01 00:00:00');
INSERT INTO prices (id, base_price, sale_price, status, created_date, updated_date) VALUES (146, 248, 99, 'active', '2025-01-01 00:00:00', '2025-01-01 00:00:00');
INSERT INTO product_variants (id, product_id, color_id, size_id, price_id, material_id, season_id, status, created_date, updated_date) VALUES (146, 21, 2, 9, 146, 7, 3, 'active', '2025-01-01 00:00:00', '2025-01-01 00:00:00');
INSERT INTO product (id, name, description, category_id, status, created_date, updated_date, created_by, updated_by) VALUES (22, 'Faux Fur-Trim Midi Puffer Jacket', 'Description for Faux Fur-Trim Midi Puffer Jacket', 3, 'active', '2025-01-01 00:00:00', '2025-01-01 00:00:00', 1, 1);
INSERT INTO product_image (id, image_url, display_order, is_primary, product_id, created_date, updated_date) VALUES (143, 'https://www1.assets-gap.com/webcontent/0060/567/260/cn60567260.jpg?q=h&w=1152', 0, 1, 22, '2025-01-01 00:00:00', '2025-01-01 00:00:00');
INSERT INTO product_image (id, image_url, display_order, is_primary, product_id, created_date, updated_date) VALUES (144, 'https://www.gap.com/webcontent/0060/567/240/cn60567240.jpg', 1, 0, 22, '2025-01-01 00:00:00', '2025-01-01 00:00:00');
INSERT INTO product_image (id, image_url, display_order, is_primary, product_id, created_date, updated_date) VALUES (145, 'https://www.gap.com/webcontent/0060/582/045/cn60582045.jpg', 2, 0, 22, '2025-01-01 00:00:00', '2025-01-01 00:00:00');
INSERT INTO product_image (id, image_url, display_order, is_primary, product_id, created_date, updated_date) VALUES (146, 'https://www.gap.com/webcontent/0060/567/068/cn60567068.jpg', 3, 0, 22, '2025-01-01 00:00:00', '2025-01-01 00:00:00');
INSERT INTO product_image (id, image_url, display_order, is_primary, product_id, created_date, updated_date) VALUES (147, 'https://www.gap.com/webcontent/0060/567/093/cn60567093.jpg', 4, 0, 22, '2025-01-01 00:00:00', '2025-01-01 00:00:00');
INSERT INTO product_image (id, image_url, display_order, is_primary, product_id, created_date, updated_date) VALUES (148, 'https://www.gap.com/webcontent/0060/168/729/cn60168729.jpg', 5, 0, 22, '2025-01-01 00:00:00', '2025-01-01 00:00:00');
INSERT INTO prices (id, base_price, sale_price, status, created_date, updated_date) VALUES (147, 248, 124, 'active', '2025-01-01 00:00:00', '2025-01-01 00:00:00');
INSERT INTO product_variants (id, product_id, color_id, size_id, price_id, material_id, season_id, status, created_date, updated_date) VALUES (147, 22, 13, 5, 147, 4, 1, 'active', '2025-01-01 00:00:00', '2025-01-01 00:00:00');
INSERT INTO prices (id, base_price, sale_price, status, created_date, updated_date) VALUES (148, 248, 124, 'active', '2025-01-01 00:00:00', '2025-01-01 00:00:00');
INSERT INTO product_variants (id, product_id, color_id, size_id, price_id, material_id, season_id, status, created_date, updated_date) VALUES (148, 22, 13, 3, 148, 3, 3, 'active', '2025-01-01 00:00:00', '2025-01-01 00:00:00');
INSERT INTO prices (id, base_price, sale_price, status, created_date, updated_date) VALUES (149, 248, 124, 'active', '2025-01-01 00:00:00', '2025-01-01 00:00:00');
INSERT INTO product_variants (id, product_id, color_id, size_id, price_id, material_id, season_id, status, created_date, updated_date) VALUES (149, 22, 13, 8, 149, 4, 4, 'active', '2025-01-01 00:00:00', '2025-01-01 00:00:00');
INSERT INTO prices (id, base_price, sale_price, status, created_date, updated_date) VALUES (150, 248, 124, 'active', '2025-01-01 00:00:00', '2025-01-01 00:00:00');
INSERT INTO product_variants (id, product_id, color_id, size_id, price_id, material_id, season_id, status, created_date, updated_date) VALUES (150, 22, 2, 6, 150, 2, 4, 'active', '2025-01-01 00:00:00', '2025-01-01 00:00:00');
INSERT INTO prices (id, base_price, sale_price, status, created_date, updated_date) VALUES (151, 248, 124, 'active', '2025-01-01 00:00:00', '2025-01-01 00:00:00');
INSERT INTO product_variants (id, product_id, color_id, size_id, price_id, material_id, season_id, status, created_date, updated_date) VALUES (151, 22, 2, 2, 151, 7, 2, 'active', '2025-01-01 00:00:00', '2025-01-01 00:00:00');
INSERT INTO product (id, name, description, category_id, status, created_date, updated_date, created_by, updated_by) VALUES (23, 'Faux Fur-Trim Puffer Jacket', 'Description for Faux Fur-Trim Puffer Jacket', 3, 'active', '2025-01-01 00:00:00', '2025-01-01 00:00:00', 1, 1);
INSERT INTO product_image (id, image_url, display_order, is_primary, product_id, created_date, updated_date) VALUES (149, 'https://www1.assets-gap.com/webcontent/0060/592/523/cn60592523.jpg?q=h&w=1152', 0, 1, 23, '2025-01-01 00:00:00', '2025-01-01 00:00:00');
INSERT INTO product_image (id, image_url, display_order, is_primary, product_id, created_date, updated_date) VALUES (150, 'https://www.gap.com/webcontent/0060/592/514/cn60592514.jpg', 1, 0, 23, '2025-01-01 00:00:00', '2025-01-01 00:00:00');
INSERT INTO product_image (id, image_url, display_order, is_primary, product_id, created_date, updated_date) VALUES (151, 'https://www.gap.com/webcontent/0060/592/017/cn60592017.jpg', 2, 0, 23, '2025-01-01 00:00:00', '2025-01-01 00:00:00');
INSERT INTO product_image (id, image_url, display_order, is_primary, product_id, created_date, updated_date) VALUES (152, 'https://www.gap.com/webcontent/0060/592/038/cn60592038.jpg', 3, 0, 23, '2025-01-01 00:00:00', '2025-01-01 00:00:00');
INSERT INTO product_image (id, image_url, display_order, is_primary, product_id, created_date, updated_date) VALUES (153, 'https://www.gap.com/webcontent/0060/592/041/cn60592041.jpg', 4, 0, 23, '2025-01-01 00:00:00', '2025-01-01 00:00:00');
INSERT INTO product_image (id, image_url, display_order, is_primary, product_id, created_date, updated_date) VALUES (154, 'https://www.gap.com/webcontent/0060/172/758/cn60172758.jpg', 5, 0, 23, '2025-01-01 00:00:00', '2025-01-01 00:00:00');
INSERT INTO prices (id, base_price, sale_price, status, created_date, updated_date) VALUES (152, 228, 114, 'active', '2025-01-01 00:00:00', '2025-01-01 00:00:00');
INSERT INTO product_variants (id, product_id, color_id, size_id, price_id, material_id, season_id, status, created_date, updated_date) VALUES (152, 23, 4, 9, 152, 3, 1, 'active', '2025-01-01 00:00:00', '2025-01-01 00:00:00');
INSERT INTO prices (id, base_price, sale_price, status, created_date, updated_date) VALUES (153, 228, 114, 'active', '2025-01-01 00:00:00', '2025-01-01 00:00:00');
INSERT INTO product_variants (id, product_id, color_id, size_id, price_id, material_id, season_id, status, created_date, updated_date) VALUES (153, 23, 4, 8, 153, 4, 1, 'active', '2025-01-01 00:00:00', '2025-01-01 00:00:00');
INSERT INTO prices (id, base_price, sale_price, status, created_date, updated_date) VALUES (154, 228, 114, 'active', '2025-01-01 00:00:00', '2025-01-01 00:00:00');
INSERT INTO product_variants (id, product_id, color_id, size_id, price_id, material_id, season_id, status, created_date, updated_date) VALUES (154, 23, 14, 3, 154, 6, 3, 'active', '2025-01-01 00:00:00', '2025-01-01 00:00:00');
INSERT INTO prices (id, base_price, sale_price, status, created_date, updated_date) VALUES (155, 228, 114, 'active', '2025-01-01 00:00:00', '2025-01-01 00:00:00');
INSERT INTO product_variants (id, product_id, color_id, size_id, price_id, material_id, season_id, status, created_date, updated_date) VALUES (155, 23, 14, 9, 155, 6, 3, 'active', '2025-01-01 00:00:00', '2025-01-01 00:00:00');
INSERT INTO prices (id, base_price, sale_price, status, created_date, updated_date) VALUES (156, 228, 114, 'active', '2025-01-01 00:00:00', '2025-01-01 00:00:00');
INSERT INTO product_variants (id, product_id, color_id, size_id, price_id, material_id, season_id, status, created_date, updated_date) VALUES (156, 23, 14, 10, 156, 5, 1, 'active', '2025-01-01 00:00:00', '2025-01-01 00:00:00');
INSERT INTO prices (id, base_price, sale_price, status, created_date, updated_date) VALUES (157, 228, 114, 'active', '2025-01-01 00:00:00', '2025-01-01 00:00:00');
INSERT INTO product_variants (id, product_id, color_id, size_id, price_id, material_id, season_id, status, created_date, updated_date) VALUES (157, 23, 4, 8, 157, 3, 2, 'active', '2025-01-01 00:00:00', '2025-01-01 00:00:00');
INSERT INTO prices (id, base_price, sale_price, status, created_date, updated_date) VALUES (158, 228, 114, 'active', '2025-01-01 00:00:00', '2025-01-01 00:00:00');
INSERT INTO product_variants (id, product_id, color_id, size_id, price_id, material_id, season_id, status, created_date, updated_date) VALUES (158, 23, 4, 10, 158, 1, 4, 'active', '2025-01-01 00:00:00', '2025-01-01 00:00:00');
INSERT INTO prices (id, base_price, sale_price, status, created_date, updated_date) VALUES (159, 228, 114, 'active', '2025-01-01 00:00:00', '2025-01-01 00:00:00');
INSERT INTO product_variants (id, product_id, color_id, size_id, price_id, material_id, season_id, status, created_date, updated_date) VALUES (159, 23, 4, 5, 159, 7, 3, 'active', '2025-01-01 00:00:00', '2025-01-01 00:00:00');
INSERT INTO prices (id, base_price, sale_price, status, created_date, updated_date) VALUES (160, 228, 114, 'active', '2025-01-01 00:00:00', '2025-01-01 00:00:00');
INSERT INTO product_variants (id, product_id, color_id, size_id, price_id, material_id, season_id, status, created_date, updated_date) VALUES (160, 23, 2, 5, 160, 3, 2, 'active', '2025-01-01 00:00:00', '2025-01-01 00:00:00');
INSERT INTO prices (id, base_price, sale_price, status, created_date, updated_date) VALUES (161, 228, 114, 'active', '2025-01-01 00:00:00', '2025-01-01 00:00:00');
INSERT INTO product_variants (id, product_id, color_id, size_id, price_id, material_id, season_id, status, created_date, updated_date) VALUES (161, 23, 2, 3, 161, 6, 2, 'active', '2025-01-01 00:00:00', '2025-01-01 00:00:00');
INSERT INTO prices (id, base_price, sale_price, status, created_date, updated_date) VALUES (162, 228, 114, 'active', '2025-01-01 00:00:00', '2025-01-01 00:00:00');
INSERT INTO product_variants (id, product_id, color_id, size_id, price_id, material_id, season_id, status, created_date, updated_date) VALUES (162, 23, 2, 2, 162, 4, 3, 'active', '2025-01-01 00:00:00', '2025-01-01 00:00:00');
INSERT INTO product (id, name, description, category_id, status, created_date, updated_date, created_by, updated_by) VALUES (24, 'Wool-Blend Chesterfield Coat', 'Description for Wool-Blend Chesterfield Coat', 3, 'active', '2025-01-01 00:00:00', '2025-01-01 00:00:00', 1, 1);
INSERT INTO product_image (id, image_url, display_order, is_primary, product_id, created_date, updated_date) VALUES (155, 'https://www1.assets-gap.com/webcontent/0060/577/355/cn60577355.jpg?q=h&w=1152', 0, 1, 24, '2025-01-01 00:00:00', '2025-01-01 00:00:00');
INSERT INTO product_image (id, image_url, display_order, is_primary, product_id, created_date, updated_date) VALUES (156, 'https://www.gap.com/webcontent/0060/577/263/cn60577263.jpg', 1, 0, 24, '2025-01-01 00:00:00', '2025-01-01 00:00:00');
INSERT INTO product_image (id, image_url, display_order, is_primary, product_id, created_date, updated_date) VALUES (157, 'https://www.gap.com/webcontent/0060/577/267/cn60577267.jpg', 2, 0, 24, '2025-01-01 00:00:00', '2025-01-01 00:00:00');
INSERT INTO product_image (id, image_url, display_order, is_primary, product_id, created_date, updated_date) VALUES (158, 'https://www.gap.com/webcontent/0060/577/290/cn60577290.jpg', 3, 0, 24, '2025-01-01 00:00:00', '2025-01-01 00:00:00');
INSERT INTO product_image (id, image_url, display_order, is_primary, product_id, created_date, updated_date) VALUES (159, 'https://www.gap.com/webcontent/0060/596/991/cn60596991.jpg', 4, 0, 24, '2025-01-01 00:00:00', '2025-01-01 00:00:00');
INSERT INTO product_image (id, image_url, display_order, is_primary, product_id, created_date, updated_date) VALUES (160, 'https://www.gap.com/webcontent/0060/586/459/cn60586459.jpg', 5, 0, 24, '2025-01-01 00:00:00', '2025-01-01 00:00:00');
INSERT INTO product_image (id, image_url, display_order, is_primary, product_id, created_date, updated_date) VALUES (161, 'https://www.gap.com/webcontent/0061/315/133/cn61315133.jpg', 6, 0, 24, '2025-01-01 00:00:00', '2025-01-01 00:00:00');
INSERT INTO prices (id, base_price, sale_price, status, created_date, updated_date) VALUES (163, 248, 124, 'active', '2025-01-01 00:00:00', '2025-01-01 00:00:00');
INSERT INTO product_variants (id, product_id, color_id, size_id, price_id, material_id, season_id, status, created_date, updated_date) VALUES (163, 24, 2, 3, 163, 1, 1, 'active', '2025-01-01 00:00:00', '2025-01-01 00:00:00');
INSERT INTO prices (id, base_price, sale_price, status, created_date, updated_date) VALUES (164, 248, 124, 'active', '2025-01-01 00:00:00', '2025-01-01 00:00:00');
INSERT INTO product_variants (id, product_id, color_id, size_id, price_id, material_id, season_id, status, created_date, updated_date) VALUES (164, 24, 2, 1, 164, 3, 3, 'active', '2025-01-01 00:00:00', '2025-01-01 00:00:00');
INSERT INTO prices (id, base_price, sale_price, status, created_date, updated_date) VALUES (165, 248, 124, 'active', '2025-01-01 00:00:00', '2025-01-01 00:00:00');
INSERT INTO product_variants (id, product_id, color_id, size_id, price_id, material_id, season_id, status, created_date, updated_date) VALUES (165, 24, 9, 2, 165, 4, 1, 'active', '2025-01-01 00:00:00', '2025-01-01 00:00:00');
INSERT INTO prices (id, base_price, sale_price, status, created_date, updated_date) VALUES (166, 248, 124, 'active', '2025-01-01 00:00:00', '2025-01-01 00:00:00');
INSERT INTO product_variants (id, product_id, color_id, size_id, price_id, material_id, season_id, status, created_date, updated_date) VALUES (166, 24, 9, 7, 166, 1, 4, 'active', '2025-01-01 00:00:00', '2025-01-01 00:00:00');
INSERT INTO product (id, name, description, category_id, status, created_date, updated_date, created_by, updated_by) VALUES (25, 'Recycled Heavyweight Puffer Jacket', 'Description for Recycled Heavyweight Puffer Jacket', 3, 'active', '2025-01-01 00:00:00', '2025-01-01 00:00:00', 1, 1);
INSERT INTO product_image (id, image_url, display_order, is_primary, product_id, created_date, updated_date) VALUES (162, 'https://www1.assets-gap.com/webcontent/0060/463/993/cn60463993.jpg?q=h&w=1152', 0, 1, 25, '2025-01-01 00:00:00', '2025-01-01 00:00:00');
INSERT INTO product_image (id, image_url, display_order, is_primary, product_id, created_date, updated_date) VALUES (163, 'https://www.gap.com/webcontent/0060/463/974/cn60463974.jpg', 1, 0, 25, '2025-01-01 00:00:00', '2025-01-01 00:00:00');
INSERT INTO product_image (id, image_url, display_order, is_primary, product_id, created_date, updated_date) VALUES (164, 'https://www.gap.com/webcontent/0060/448/738/cn60448738.jpg', 2, 0, 25, '2025-01-01 00:00:00', '2025-01-01 00:00:00');
INSERT INTO product_image (id, image_url, display_order, is_primary, product_id, created_date, updated_date) VALUES (165, 'https://www.gap.com/webcontent/0060/448/756/cn60448756.jpg', 3, 0, 25, '2025-01-01 00:00:00', '2025-01-01 00:00:00');
INSERT INTO product_image (id, image_url, display_order, is_primary, product_id, created_date, updated_date) VALUES (166, 'https://www.gap.com/webcontent/0061/092/239/cn61092239.jpg', 4, 0, 25, '2025-01-01 00:00:00', '2025-01-01 00:00:00');
INSERT INTO product_image (id, image_url, display_order, is_primary, product_id, created_date, updated_date) VALUES (167, 'https://www.gap.com/webcontent/0060/138/098/cn60138098.jpg', 5, 0, 25, '2025-01-01 00:00:00', '2025-01-01 00:00:00');
INSERT INTO prices (id, base_price, sale_price, status, created_date, updated_date) VALUES (167, 168, 134, 'active', '2025-01-01 00:00:00', '2025-01-01 00:00:00');
INSERT INTO product_variants (id, product_id, color_id, size_id, price_id, material_id, season_id, status, created_date, updated_date) VALUES (167, 25, 4, 3, 167, 5, 3, 'active', '2025-01-01 00:00:00', '2025-01-01 00:00:00');
INSERT INTO prices (id, base_price, sale_price, status, created_date, updated_date) VALUES (168, 168, 134, 'active', '2025-01-01 00:00:00', '2025-01-01 00:00:00');
INSERT INTO product_variants (id, product_id, color_id, size_id, price_id, material_id, season_id, status, created_date, updated_date) VALUES (168, 25, 4, 4, 168, 7, 3, 'active', '2025-01-01 00:00:00', '2025-01-01 00:00:00');
INSERT INTO prices (id, base_price, sale_price, status, created_date, updated_date) VALUES (169, 168, 134, 'active', '2025-01-01 00:00:00', '2025-01-01 00:00:00');
INSERT INTO product_variants (id, product_id, color_id, size_id, price_id, material_id, season_id, status, created_date, updated_date) VALUES (169, 25, 4, 9, 169, 5, 3, 'active', '2025-01-01 00:00:00', '2025-01-01 00:00:00');
INSERT INTO prices (id, base_price, sale_price, status, created_date, updated_date) VALUES (170, 168, 134, 'active', '2025-01-01 00:00:00', '2025-01-01 00:00:00');
INSERT INTO product_variants (id, product_id, color_id, size_id, price_id, material_id, season_id, status, created_date, updated_date) VALUES (170, 25, 2, 4, 170, 5, 4, 'active', '2025-01-01 00:00:00', '2025-01-01 00:00:00');
INSERT INTO prices (id, base_price, sale_price, status, created_date, updated_date) VALUES (171, 168, 134, 'active', '2025-01-01 00:00:00', '2025-01-01 00:00:00');
INSERT INTO product_variants (id, product_id, color_id, size_id, price_id, material_id, season_id, status, created_date, updated_date) VALUES (171, 25, 2, 3, 171, 2, 2, 'active', '2025-01-01 00:00:00', '2025-01-01 00:00:00');
INSERT INTO prices (id, base_price, sale_price, status, created_date, updated_date) VALUES (172, 168, 134, 'active', '2025-01-01 00:00:00', '2025-01-01 00:00:00');
INSERT INTO product_variants (id, product_id, color_id, size_id, price_id, material_id, season_id, status, created_date, updated_date) VALUES (172, 25, 6, 9, 172, 7, 3, 'active', '2025-01-01 00:00:00', '2025-01-01 00:00:00');
INSERT INTO prices (id, base_price, sale_price, status, created_date, updated_date) VALUES (173, 168, 134, 'active', '2025-01-01 00:00:00', '2025-01-01 00:00:00');
INSERT INTO product_variants (id, product_id, color_id, size_id, price_id, material_id, season_id, status, created_date, updated_date) VALUES (173, 25, 6, 2, 173, 4, 1, 'active', '2025-01-01 00:00:00', '2025-01-01 00:00:00');
INSERT INTO prices (id, base_price, sale_price, status, created_date, updated_date) VALUES (174, 168, 134, 'active', '2025-01-01 00:00:00', '2025-01-01 00:00:00');
INSERT INTO product_variants (id, product_id, color_id, size_id, price_id, material_id, season_id, status, created_date, updated_date) VALUES (174, 25, 6, 1, 174, 1, 1, 'active', '2025-01-01 00:00:00', '2025-01-01 00:00:00');
INSERT INTO prices (id, base_price, sale_price, status, created_date, updated_date) VALUES (175, 168, 134, 'active', '2025-01-01 00:00:00', '2025-01-01 00:00:00');
INSERT INTO product_variants (id, product_id, color_id, size_id, price_id, material_id, season_id, status, created_date, updated_date) VALUES (175, 25, 10, 2, 175, 6, 1, 'active', '2025-01-01 00:00:00', '2025-01-01 00:00:00');
INSERT INTO prices (id, base_price, sale_price, status, created_date, updated_date) VALUES (176, 168, 134, 'active', '2025-01-01 00:00:00', '2025-01-01 00:00:00');
INSERT INTO product_variants (id, product_id, color_id, size_id, price_id, material_id, season_id, status, created_date, updated_date) VALUES (176, 25, 10, 4, 176, 7, 2, 'active', '2025-01-01 00:00:00', '2025-01-01 00:00:00');
INSERT INTO prices (id, base_price, sale_price, status, created_date, updated_date) VALUES (177, 168, 134, 'active', '2025-01-01 00:00:00', '2025-01-01 00:00:00');
INSERT INTO product_variants (id, product_id, color_id, size_id, price_id, material_id, season_id, status, created_date, updated_date) VALUES (177, 25, 10, 7, 177, 7, 4, 'active', '2025-01-01 00:00:00', '2025-01-01 00:00:00');
INSERT INTO prices (id, base_price, sale_price, status, created_date, updated_date) VALUES (178, 168, 134, 'active', '2025-01-01 00:00:00', '2025-01-01 00:00:00');
INSERT INTO product_variants (id, product_id, color_id, size_id, price_id, material_id, season_id, status, created_date, updated_date) VALUES (178, 25, 13, 6, 178, 6, 4, 'active', '2025-01-01 00:00:00', '2025-01-01 00:00:00');
INSERT INTO prices (id, base_price, sale_price, status, created_date, updated_date) VALUES (179, 168, 134, 'active', '2025-01-01 00:00:00', '2025-01-01 00:00:00');
INSERT INTO product_variants (id, product_id, color_id, size_id, price_id, material_id, season_id, status, created_date, updated_date) VALUES (179, 25, 13, 1, 179, 5, 4, 'active', '2025-01-01 00:00:00', '2025-01-01 00:00:00');
INSERT INTO prices (id, base_price, sale_price, status, created_date, updated_date) VALUES (180, 168, 134, 'active', '2025-01-01 00:00:00', '2025-01-01 00:00:00');
INSERT INTO product_variants (id, product_id, color_id, size_id, price_id, material_id, season_id, status, created_date, updated_date) VALUES (180, 25, 5, 7, 180, 5, 4, 'active', '2025-01-01 00:00:00', '2025-01-01 00:00:00');
INSERT INTO prices (id, base_price, sale_price, status, created_date, updated_date) VALUES (181, 168, 134, 'active', '2025-01-01 00:00:00', '2025-01-01 00:00:00');
INSERT INTO product_variants (id, product_id, color_id, size_id, price_id, material_id, season_id, status, created_date, updated_date) VALUES (181, 25, 5, 4, 181, 4, 3, 'active', '2025-01-01 00:00:00', '2025-01-01 00:00:00');
INSERT INTO prices (id, base_price, sale_price, status, created_date, updated_date) VALUES (182, 168, 134, 'active', '2025-01-01 00:00:00', '2025-01-01 00:00:00');
INSERT INTO product_variants (id, product_id, color_id, size_id, price_id, material_id, season_id, status, created_date, updated_date) VALUES (182, 25, 5, 2, 182, 5, 3, 'active', '2025-01-01 00:00:00', '2025-01-01 00:00:00');
INSERT INTO product (id, name, description, category_id, status, created_date, updated_date, created_by, updated_by) VALUES (26, 'Faux Fur Relaxed Zip Hoodie', 'Description for Faux Fur Relaxed Zip Hoodie', 3, 'active', '2025-01-01 00:00:00', '2025-01-01 00:00:00', 1, 1);
INSERT INTO product_image (id, image_url, display_order, is_primary, product_id, created_date, updated_date) VALUES (168, 'https://www1.assets-gap.com/webcontent/0061/459/159/cn61459159.jpg?q=h&w=1152', 0, 1, 26, '2025-01-01 00:00:00', '2025-01-01 00:00:00');
INSERT INTO product_image (id, image_url, display_order, is_primary, product_id, created_date, updated_date) VALUES (169, 'https://www.gap.com/webcontent/0061/459/152/cn61459152.jpg', 1, 0, 26, '2025-01-01 00:00:00', '2025-01-01 00:00:00');
INSERT INTO product_image (id, image_url, display_order, is_primary, product_id, created_date, updated_date) VALUES (170, 'https://www.gap.com/webcontent/0061/453/322/cn61453322.jpg', 2, 0, 26, '2025-01-01 00:00:00', '2025-01-01 00:00:00');
INSERT INTO product_image (id, image_url, display_order, is_primary, product_id, created_date, updated_date) VALUES (171, 'https://www.gap.com/webcontent/0061/453/342/cn61453342.jpg', 3, 0, 26, '2025-01-01 00:00:00', '2025-01-01 00:00:00');
INSERT INTO product_image (id, image_url, display_order, is_primary, product_id, created_date, updated_date) VALUES (172, 'https://www.gap.com/webcontent/0061/453/377/cn61453377.jpg', 4, 0, 26, '2025-01-01 00:00:00', '2025-01-01 00:00:00');
INSERT INTO product_image (id, image_url, display_order, is_primary, product_id, created_date, updated_date) VALUES (173, 'https://www.gap.com/webcontent/0061/453/349/cn61453349.jpg', 5, 0, 26, '2025-01-01 00:00:00', '2025-01-01 00:00:00');
INSERT INTO product_image (id, image_url, display_order, is_primary, product_id, created_date, updated_date) VALUES (174, 'https://www.gap.com/webcontent/0061/247/992/cn61247992.jpg', 6, 0, 26, '2025-01-01 00:00:00', '2025-01-01 00:00:00');
INSERT INTO prices (id, base_price, sale_price, status, created_date, updated_date) VALUES (183, 268, 107, 'active', '2025-01-01 00:00:00', '2025-01-01 00:00:00');
INSERT INTO product_variants (id, product_id, color_id, size_id, price_id, material_id, season_id, status, created_date, updated_date) VALUES (183, 26, 15, 7, 183, 2, 2, 'active', '2025-01-01 00:00:00', '2025-01-01 00:00:00');
INSERT INTO prices (id, base_price, sale_price, status, created_date, updated_date) VALUES (184, 268, 107, 'active', '2025-01-01 00:00:00', '2025-01-01 00:00:00');
INSERT INTO product_variants (id, product_id, color_id, size_id, price_id, material_id, season_id, status, created_date, updated_date) VALUES (184, 26, 15, 5, 184, 7, 4, 'active', '2025-01-01 00:00:00', '2025-01-01 00:00:00');
INSERT INTO product (id, name, description, category_id, status, created_date, updated_date, created_by, updated_by) VALUES (27, 'Recycled Sherpa & Vegan Leather-Trim Jacket', 'Description for Recycled Sherpa & Vegan Leather-Trim Jacket', 3, 'active', '2025-01-01 00:00:00', '2025-01-01 00:00:00', 1, 1);
INSERT INTO product_image (id, image_url, display_order, is_primary, product_id, created_date, updated_date) VALUES (175, 'https://www1.assets-gap.com/webcontent/0060/762/477/cn60762477.jpg?q=h&w=1152', 0, 1, 27, '2025-01-01 00:00:00', '2025-01-01 00:00:00');
INSERT INTO product_image (id, image_url, display_order, is_primary, product_id, created_date, updated_date) VALUES (176, 'https://www.gap.com/webcontent/0060/762/461/cn60762461.jpg', 1, 0, 27, '2025-01-01 00:00:00', '2025-01-01 00:00:00');
INSERT INTO product_image (id, image_url, display_order, is_primary, product_id, created_date, updated_date) VALUES (177, 'https://www.gap.com/webcontent/0060/750/857/cn60750857.jpg', 2, 0, 27, '2025-01-01 00:00:00', '2025-01-01 00:00:00');
INSERT INTO product_image (id, image_url, display_order, is_primary, product_id, created_date, updated_date) VALUES (178, 'https://www.gap.com/webcontent/0060/750/880/cn60750880.jpg', 3, 0, 27, '2025-01-01 00:00:00', '2025-01-01 00:00:00');
INSERT INTO product_image (id, image_url, display_order, is_primary, product_id, created_date, updated_date) VALUES (179, 'https://www.gap.com/webcontent/0060/750/852/cn60750852.jpg', 4, 0, 27, '2025-01-01 00:00:00', '2025-01-01 00:00:00');
INSERT INTO product_image (id, image_url, display_order, is_primary, product_id, created_date, updated_date) VALUES (180, 'https://www.gap.com/webcontent/0060/750/860/cn60750860.jpg', 5, 0, 27, '2025-01-01 00:00:00', '2025-01-01 00:00:00');
INSERT INTO product_image (id, image_url, display_order, is_primary, product_id, created_date, updated_date) VALUES (181, 'https://www.gap.com/webcontent/0061/314/999/cn61314999.jpg', 6, 0, 27, '2025-01-01 00:00:00', '2025-01-01 00:00:00');
INSERT INTO prices (id, base_price, sale_price, status, created_date, updated_date) VALUES (185, 268, 268, 'active', '2025-01-01 00:00:00', '2025-01-01 00:00:00');
INSERT INTO product_variants (id, product_id, color_id, size_id, price_id, material_id, season_id, status, created_date, updated_date) VALUES (185, 27, 14, 5, 185, 5, 1, 'active', '2025-01-01 00:00:00', '2025-01-01 00:00:00');
INSERT INTO prices (id, base_price, sale_price, status, created_date, updated_date) VALUES (186, 268, 268, 'active', '2025-01-01 00:00:00', '2025-01-01 00:00:00');
INSERT INTO product_variants (id, product_id, color_id, size_id, price_id, material_id, season_id, status, created_date, updated_date) VALUES (186, 27, 2, 10, 186, 3, 2, 'active', '2025-01-01 00:00:00', '2025-01-01 00:00:00');
INSERT INTO prices (id, base_price, sale_price, status, created_date, updated_date) VALUES (187, 268, 268, 'active', '2025-01-01 00:00:00', '2025-01-01 00:00:00');
INSERT INTO product_variants (id, product_id, color_id, size_id, price_id, material_id, season_id, status, created_date, updated_date) VALUES (187, 27, 2, 3, 187, 6, 4, 'active', '2025-01-01 00:00:00', '2025-01-01 00:00:00');
INSERT INTO prices (id, base_price, sale_price, status, created_date, updated_date) VALUES (188, 268, 268, 'active', '2025-01-01 00:00:00', '2025-01-01 00:00:00');
INSERT INTO product_variants (id, product_id, color_id, size_id, price_id, material_id, season_id, status, created_date, updated_date) VALUES (188, 27, 2, 1, 188, 2, 4, 'active', '2025-01-01 00:00:00', '2025-01-01 00:00:00');
INSERT INTO product (id, name, description, category_id, status, created_date, updated_date, created_by, updated_by) VALUES (28, 'Belted Long Puffer Coat', 'Description for Belted Long Puffer Coat', 3, 'active', '2025-01-01 00:00:00', '2025-01-01 00:00:00', 1, 1);
INSERT INTO product_image (id, image_url, display_order, is_primary, product_id, created_date, updated_date) VALUES (182, 'https://www1.assets-gap.com/webcontent/0060/567/324/cn60567324.jpg?q=h&w=1152', 0, 1, 28, '2025-01-01 00:00:00', '2025-01-01 00:00:00');
INSERT INTO product_image (id, image_url, display_order, is_primary, product_id, created_date, updated_date) VALUES (183, 'https://www.gap.com/webcontent/0060/567/313/cn60567313.jpg', 1, 0, 28, '2025-01-01 00:00:00', '2025-01-01 00:00:00');
INSERT INTO product_image (id, image_url, display_order, is_primary, product_id, created_date, updated_date) VALUES (184, 'https://www.gap.com/webcontent/0060/567/033/cn60567033.jpg', 2, 0, 28, '2025-01-01 00:00:00', '2025-01-01 00:00:00');
INSERT INTO product_image (id, image_url, display_order, is_primary, product_id, created_date, updated_date) VALUES (185, 'https://www.gap.com/webcontent/0060/567/069/cn60567069.jpg', 3, 0, 28, '2025-01-01 00:00:00', '2025-01-01 00:00:00');
INSERT INTO product_image (id, image_url, display_order, is_primary, product_id, created_date, updated_date) VALUES (186, 'https://www.gap.com/webcontent/0060/567/101/cn60567101.jpg', 4, 0, 28, '2025-01-01 00:00:00', '2025-01-01 00:00:00');
INSERT INTO product_image (id, image_url, display_order, is_primary, product_id, created_date, updated_date) VALUES (187, 'https://www.gap.com/webcontent/0060/251/412/cn60251412.jpg', 5, 0, 28, '2025-01-01 00:00:00', '2025-01-01 00:00:00');
INSERT INTO prices (id, base_price, sale_price, status, created_date, updated_date) VALUES (189, 268, 160, 'active', '2025-01-01 00:00:00', '2025-01-01 00:00:00');
INSERT INTO product_variants (id, product_id, color_id, size_id, price_id, material_id, season_id, status, created_date, updated_date) VALUES (189, 28, 4, 4, 189, 4, 2, 'active', '2025-01-01 00:00:00', '2025-01-01 00:00:00');
INSERT INTO prices (id, base_price, sale_price, status, created_date, updated_date) VALUES (190, 268, 160, 'active', '2025-01-01 00:00:00', '2025-01-01 00:00:00');
INSERT INTO product_variants (id, product_id, color_id, size_id, price_id, material_id, season_id, status, created_date, updated_date) VALUES (190, 28, 4, 9, 190, 6, 4, 'active', '2025-01-01 00:00:00', '2025-01-01 00:00:00');
INSERT INTO prices (id, base_price, sale_price, status, created_date, updated_date) VALUES (191, 268, 160, 'active', '2025-01-01 00:00:00', '2025-01-01 00:00:00');
INSERT INTO product_variants (id, product_id, color_id, size_id, price_id, material_id, season_id, status, created_date, updated_date) VALUES (191, 28, 2, 10, 191, 3, 1, 'active', '2025-01-01 00:00:00', '2025-01-01 00:00:00');
INSERT INTO prices (id, base_price, sale_price, status, created_date, updated_date) VALUES (192, 268, 160, 'active', '2025-01-01 00:00:00', '2025-01-01 00:00:00');
INSERT INTO product_variants (id, product_id, color_id, size_id, price_id, material_id, season_id, status, created_date, updated_date) VALUES (192, 28, 2, 4, 192, 5, 2, 'active', '2025-01-01 00:00:00', '2025-01-01 00:00:00');
INSERT INTO prices (id, base_price, sale_price, status, created_date, updated_date) VALUES (193, 268, 160, 'active', '2025-01-01 00:00:00', '2025-01-01 00:00:00');
INSERT INTO product_variants (id, product_id, color_id, size_id, price_id, material_id, season_id, status, created_date, updated_date) VALUES (193, 28, 2, 7, 193, 6, 2, 'active', '2025-01-01 00:00:00', '2025-01-01 00:00:00');
INSERT INTO product (id, name, description, category_id, status, created_date, updated_date, created_by, updated_by) VALUES (29, 'Icon Trench Coat', 'Description for Icon Trench Coat', 3, 'active', '2025-01-01 00:00:00', '2025-01-01 00:00:00', 1, 1);
INSERT INTO product_image (id, image_url, display_order, is_primary, product_id, created_date, updated_date) VALUES (188, 'https://www1.assets-gap.com/webcontent/0059/564/240/cn59564240.jpg?q=h&w=1152', 0, 1, 29, '2025-01-01 00:00:00', '2025-01-01 00:00:00');
INSERT INTO product_image (id, image_url, display_order, is_primary, product_id, created_date, updated_date) VALUES (189, 'https://www.gap.com/webcontent/0059/564/235/cn59564235.jpg', 1, 0, 29, '2025-01-01 00:00:00', '2025-01-01 00:00:00');
INSERT INTO product_image (id, image_url, display_order, is_primary, product_id, created_date, updated_date) VALUES (190, 'https://www.gap.com/webcontent/0059/564/096/cn59564096.jpg', 2, 0, 29, '2025-01-01 00:00:00', '2025-01-01 00:00:00');
INSERT INTO product_image (id, image_url, display_order, is_primary, product_id, created_date, updated_date) VALUES (191, 'https://www.gap.com/webcontent/0059/564/089/cn59564089.jpg', 3, 0, 29, '2025-01-01 00:00:00', '2025-01-01 00:00:00');
INSERT INTO product_image (id, image_url, display_order, is_primary, product_id, created_date, updated_date) VALUES (192, 'https://www.gap.com/webcontent/0057/936/094/cn57936094.jpg', 4, 0, 29, '2025-01-01 00:00:00', '2025-01-01 00:00:00');
INSERT INTO product_image (id, image_url, display_order, is_primary, product_id, created_date, updated_date) VALUES (193, 'https://www.gap.com/webcontent/0053/613/595/cn53613595.jpg', 5, 0, 29, '2025-01-01 00:00:00', '2025-01-01 00:00:00');
INSERT INTO product_image (id, image_url, display_order, is_primary, product_id, created_date, updated_date) VALUES (194, 'https://www.gap.com/webcontent/0053/670/874/cn53670874.jpg', 6, 0, 29, '2025-01-01 00:00:00', '2025-01-01 00:00:00');
INSERT INTO product_image (id, image_url, display_order, is_primary, product_id, created_date, updated_date) VALUES (195, 'https://www.gap.com/webcontent/0058/044/824/cn58044824.jpg', 7, 0, 29, '2025-01-01 00:00:00', '2025-01-01 00:00:00');
INSERT INTO product_image (id, image_url, display_order, is_primary, product_id, created_date, updated_date) VALUES (196, 'https://www.gap.com/webcontent/0060/013/833/cn60013833.jpg', 8, 0, 29, '2025-01-01 00:00:00', '2025-01-01 00:00:00');
INSERT INTO prices (id, base_price, sale_price, status, created_date, updated_date) VALUES (194, 168, 168, 'active', '2025-01-01 00:00:00', '2025-01-01 00:00:00');
INSERT INTO product_variants (id, product_id, color_id, size_id, price_id, material_id, season_id, status, created_date, updated_date) VALUES (194, 29, 16, 4, 194, 1, 4, 'active', '2025-01-01 00:00:00', '2025-01-01 00:00:00');
INSERT INTO prices (id, base_price, sale_price, status, created_date, updated_date) VALUES (195, 168, 168, 'active', '2025-01-01 00:00:00', '2025-01-01 00:00:00');
INSERT INTO product_variants (id, product_id, color_id, size_id, price_id, material_id, season_id, status, created_date, updated_date) VALUES (195, 29, 16, 3, 195, 4, 1, 'active', '2025-01-01 00:00:00', '2025-01-01 00:00:00');
INSERT INTO prices (id, base_price, sale_price, status, created_date, updated_date) VALUES (196, 168, 168, 'active', '2025-01-01 00:00:00', '2025-01-01 00:00:00');
INSERT INTO product_variants (id, product_id, color_id, size_id, price_id, material_id, season_id, status, created_date, updated_date) VALUES (196, 29, 2, 5, 196, 1, 2, 'active', '2025-01-01 00:00:00', '2025-01-01 00:00:00');
INSERT INTO prices (id, base_price, sale_price, status, created_date, updated_date) VALUES (197, 168, 168, 'active', '2025-01-01 00:00:00', '2025-01-01 00:00:00');
INSERT INTO product_variants (id, product_id, color_id, size_id, price_id, material_id, season_id, status, created_date, updated_date) VALUES (197, 29, 2, 6, 197, 1, 4, 'active', '2025-01-01 00:00:00', '2025-01-01 00:00:00');
INSERT INTO prices (id, base_price, sale_price, status, created_date, updated_date) VALUES (198, 168, 168, 'active', '2025-01-01 00:00:00', '2025-01-01 00:00:00');
INSERT INTO product_variants (id, product_id, color_id, size_id, price_id, material_id, season_id, status, created_date, updated_date) VALUES (198, 29, 2, 2, 198, 2, 2, 'active', '2025-01-01 00:00:00', '2025-01-01 00:00:00');
INSERT INTO product (id, name, description, category_id, status, created_date, updated_date, created_by, updated_by) VALUES (30, 'Faux Fur-Trim Puffer Jacket', 'Description for Faux Fur-Trim Puffer Jacket', 3, 'active', '2025-01-01 00:00:00', '2025-01-01 00:00:00', 1, 1);
INSERT INTO product_image (id, image_url, display_order, is_primary, product_id, created_date, updated_date) VALUES (197, 'https://www1.assets-gap.com/webcontent/0060/567/252/cn60567252.jpg?q=h&w=1152', 0, 1, 30, '2025-01-01 00:00:00', '2025-01-01 00:00:00');
INSERT INTO product_image (id, image_url, display_order, is_primary, product_id, created_date, updated_date) VALUES (198, 'https://www.gap.com/webcontent/0060/567/222/cn60567222.jpg', 1, 0, 30, '2025-01-01 00:00:00', '2025-01-01 00:00:00');
INSERT INTO product_image (id, image_url, display_order, is_primary, product_id, created_date, updated_date) VALUES (199, 'https://www.gap.com/webcontent/0060/567/032/cn60567032.jpg', 2, 0, 30, '2025-01-01 00:00:00', '2025-01-01 00:00:00');
INSERT INTO product_image (id, image_url, display_order, is_primary, product_id, created_date, updated_date) VALUES (200, 'https://www.gap.com/webcontent/0060/567/054/cn60567054.jpg', 3, 0, 30, '2025-01-01 00:00:00', '2025-01-01 00:00:00');
INSERT INTO product_image (id, image_url, display_order, is_primary, product_id, created_date, updated_date) VALUES (201, 'https://www.gap.com/webcontent/0060/567/080/cn60567080.jpg', 4, 0, 30, '2025-01-01 00:00:00', '2025-01-01 00:00:00');
INSERT INTO product_image (id, image_url, display_order, is_primary, product_id, created_date, updated_date) VALUES (202, 'https://www.gap.com/webcontent/0060/172/573/cn60172573.jpg', 5, 0, 30, '2025-01-01 00:00:00', '2025-01-01 00:00:00');
INSERT INTO prices (id, base_price, sale_price, status, created_date, updated_date) VALUES (199, 228, 136, 'active', '2025-01-01 00:00:00', '2025-01-01 00:00:00');
INSERT INTO product_variants (id, product_id, color_id, size_id, price_id, material_id, season_id, status, created_date, updated_date) VALUES (199, 30, 4, 2, 199, 3, 2, 'active', '2025-01-01 00:00:00', '2025-01-01 00:00:00');
INSERT INTO prices (id, base_price, sale_price, status, created_date, updated_date) VALUES (200, 228, 136, 'active', '2025-01-01 00:00:00', '2025-01-01 00:00:00');
INSERT INTO product_variants (id, product_id, color_id, size_id, price_id, material_id, season_id, status, created_date, updated_date) VALUES (200, 30, 4, 1, 200, 5, 2, 'active', '2025-01-01 00:00:00', '2025-01-01 00:00:00');
INSERT INTO prices (id, base_price, sale_price, status, created_date, updated_date) VALUES (201, 228, 136, 'active', '2025-01-01 00:00:00', '2025-01-01 00:00:00');
INSERT INTO product_variants (id, product_id, color_id, size_id, price_id, material_id, season_id, status, created_date, updated_date) VALUES (201, 30, 14, 7, 201, 3, 3, 'active', '2025-01-01 00:00:00', '2025-01-01 00:00:00');
INSERT INTO prices (id, base_price, sale_price, status, created_date, updated_date) VALUES (202, 228, 136, 'active', '2025-01-01 00:00:00', '2025-01-01 00:00:00');
INSERT INTO product_variants (id, product_id, color_id, size_id, price_id, material_id, season_id, status, created_date, updated_date) VALUES (202, 30, 14, 1, 202, 5, 2, 'active', '2025-01-01 00:00:00', '2025-01-01 00:00:00');
INSERT INTO prices (id, base_price, sale_price, status, created_date, updated_date) VALUES (203, 228, 136, 'active', '2025-01-01 00:00:00', '2025-01-01 00:00:00');
INSERT INTO product_variants (id, product_id, color_id, size_id, price_id, material_id, season_id, status, created_date, updated_date) VALUES (203, 30, 4, 5, 203, 4, 2, 'active', '2025-01-01 00:00:00', '2025-01-01 00:00:00');
INSERT INTO prices (id, base_price, sale_price, status, created_date, updated_date) VALUES (204, 228, 136, 'active', '2025-01-01 00:00:00', '2025-01-01 00:00:00');
INSERT INTO product_variants (id, product_id, color_id, size_id, price_id, material_id, season_id, status, created_date, updated_date) VALUES (204, 30, 4, 7, 204, 2, 1, 'active', '2025-01-01 00:00:00', '2025-01-01 00:00:00');
INSERT INTO prices (id, base_price, sale_price, status, created_date, updated_date) VALUES (205, 228, 136, 'active', '2025-01-01 00:00:00', '2025-01-01 00:00:00');
INSERT INTO product_variants (id, product_id, color_id, size_id, price_id, material_id, season_id, status, created_date, updated_date) VALUES (205, 30, 2, 5, 205, 6, 4, 'active', '2025-01-01 00:00:00', '2025-01-01 00:00:00');
INSERT INTO prices (id, base_price, sale_price, status, created_date, updated_date) VALUES (206, 228, 136, 'active', '2025-01-01 00:00:00', '2025-01-01 00:00:00');
INSERT INTO product_variants (id, product_id, color_id, size_id, price_id, material_id, season_id, status, created_date, updated_date) VALUES (206, 30, 2, 8, 206, 4, 1, 'active', '2025-01-01 00:00:00', '2025-01-01 00:00:00');
INSERT INTO prices (id, base_price, sale_price, status, created_date, updated_date) VALUES (207, 228, 136, 'active', '2025-01-01 00:00:00', '2025-01-01 00:00:00');
INSERT INTO product_variants (id, product_id, color_id, size_id, price_id, material_id, season_id, status, created_date, updated_date) VALUES (207, 30, 2, 10, 207, 7, 1, 'active', '2025-01-01 00:00:00', '2025-01-01 00:00:00');
INSERT INTO product (id, name, description, category_id, status, created_date, updated_date, created_by, updated_by) VALUES (31, 'Icon Trench Coat', 'Description for Icon Trench Coat', 3, 'active', '2025-01-01 00:00:00', '2025-01-01 00:00:00', 1, 1);
INSERT INTO product_image (id, image_url, display_order, is_primary, product_id, created_date, updated_date) VALUES (203, 'https://www1.assets-gap.com/webcontent/0059/989/478/cn59989478.jpg?q=h&w=1152', 0, 1, 31, '2025-01-01 00:00:00', '2025-01-01 00:00:00');
INSERT INTO product_image (id, image_url, display_order, is_primary, product_id, created_date, updated_date) VALUES (204, 'https://www.gap.com/webcontent/0059/989/467/cn59989467.jpg', 1, 0, 31, '2025-01-01 00:00:00', '2025-01-01 00:00:00');
INSERT INTO product_image (id, image_url, display_order, is_primary, product_id, created_date, updated_date) VALUES (205, 'https://www.gap.com/webcontent/0060/015/389/cn60015389.jpg', 2, 0, 31, '2025-01-01 00:00:00', '2025-01-01 00:00:00');
INSERT INTO product_image (id, image_url, display_order, is_primary, product_id, created_date, updated_date) VALUES (206, 'https://www.gap.com/webcontent/0059/987/954/cn59987954.jpg', 3, 0, 31, '2025-01-01 00:00:00', '2025-01-01 00:00:00');
INSERT INTO product_image (id, image_url, display_order, is_primary, product_id, created_date, updated_date) VALUES (207, 'https://www.gap.com/webcontent/0059/987/956/cn59987956.jpg', 4, 0, 31, '2025-01-01 00:00:00', '2025-01-01 00:00:00');
INSERT INTO product_image (id, image_url, display_order, is_primary, product_id, created_date, updated_date) VALUES (208, 'https://www.gap.com/webcontent/0059/647/943/cn59647943.jpg', 5, 0, 31, '2025-01-01 00:00:00', '2025-01-01 00:00:00');
INSERT INTO prices (id, base_price, sale_price, status, created_date, updated_date) VALUES (208, 168, 134, 'active', '2025-01-01 00:00:00', '2025-01-01 00:00:00');
INSERT INTO product_variants (id, product_id, color_id, size_id, price_id, material_id, season_id, status, created_date, updated_date) VALUES (208, 31, 16, 8, 208, 1, 1, 'active', '2025-01-01 00:00:00', '2025-01-01 00:00:00');
INSERT INTO prices (id, base_price, sale_price, status, created_date, updated_date) VALUES (209, 168, 134, 'active', '2025-01-01 00:00:00', '2025-01-01 00:00:00');
INSERT INTO product_variants (id, product_id, color_id, size_id, price_id, material_id, season_id, status, created_date, updated_date) VALUES (209, 31, 16, 5, 209, 3, 4, 'active', '2025-01-01 00:00:00', '2025-01-01 00:00:00');
INSERT INTO prices (id, base_price, sale_price, status, created_date, updated_date) VALUES (210, 168, 134, 'active', '2025-01-01 00:00:00', '2025-01-01 00:00:00');
INSERT INTO product_variants (id, product_id, color_id, size_id, price_id, material_id, season_id, status, created_date, updated_date) VALUES (210, 31, 2, 3, 210, 1, 2, 'active', '2025-01-01 00:00:00', '2025-01-01 00:00:00');
INSERT INTO prices (id, base_price, sale_price, status, created_date, updated_date) VALUES (211, 168, 134, 'active', '2025-01-01 00:00:00', '2025-01-01 00:00:00');
INSERT INTO product_variants (id, product_id, color_id, size_id, price_id, material_id, season_id, status, created_date, updated_date) VALUES (211, 31, 2, 2, 211, 5, 2, 'active', '2025-01-01 00:00:00', '2025-01-01 00:00:00');
INSERT INTO prices (id, base_price, sale_price, status, created_date, updated_date) VALUES (212, 168, 134, 'active', '2025-01-01 00:00:00', '2025-01-01 00:00:00');
INSERT INTO product_variants (id, product_id, color_id, size_id, price_id, material_id, season_id, status, created_date, updated_date) VALUES (212, 31, 2, 1, 212, 2, 2, 'active', '2025-01-01 00:00:00', '2025-01-01 00:00:00');
INSERT INTO product (id, name, description, category_id, status, created_date, updated_date, created_by, updated_by) VALUES (32, 'Faux Fur-Trim Puffer Jacket', 'Description for Faux Fur-Trim Puffer Jacket', 3, 'active', '2025-01-01 00:00:00', '2025-01-01 00:00:00', 1, 1);
INSERT INTO product_image (id, image_url, display_order, is_primary, product_id, created_date, updated_date) VALUES (209, 'https://www1.assets-gap.com/webcontent/0060/577/271/cn60577271.jpg?q=h&w=1152', 0, 1, 32, '2025-01-01 00:00:00', '2025-01-01 00:00:00');
INSERT INTO product_image (id, image_url, display_order, is_primary, product_id, created_date, updated_date) VALUES (210, 'https://www.gap.com/webcontent/0060/577/260/cn60577260.jpg', 1, 0, 32, '2025-01-01 00:00:00', '2025-01-01 00:00:00');
INSERT INTO product_image (id, image_url, display_order, is_primary, product_id, created_date, updated_date) VALUES (211, 'https://www.gap.com/webcontent/0060/577/289/cn60577289.jpg', 2, 0, 32, '2025-01-01 00:00:00', '2025-01-01 00:00:00');
INSERT INTO product_image (id, image_url, display_order, is_primary, product_id, created_date, updated_date) VALUES (212, 'https://www.gap.com/webcontent/0060/577/305/cn60577305.jpg', 3, 0, 32, '2025-01-01 00:00:00', '2025-01-01 00:00:00');
INSERT INTO product_image (id, image_url, display_order, is_primary, product_id, created_date, updated_date) VALUES (213, 'https://www.gap.com/webcontent/0060/173/149/cn60173149.jpg', 4, 0, 32, '2025-01-01 00:00:00', '2025-01-01 00:00:00');
INSERT INTO product_image (id, image_url, display_order, is_primary, product_id, created_date, updated_date) VALUES (214, 'https://www.gap.com/webcontent/0060/172/568/cn60172568.jpg', 5, 0, 32, '2025-01-01 00:00:00', '2025-01-01 00:00:00');
INSERT INTO prices (id, base_price, sale_price, status, created_date, updated_date) VALUES (213, 228, 114, 'active', '2025-01-01 00:00:00', '2025-01-01 00:00:00');
INSERT INTO product_variants (id, product_id, color_id, size_id, price_id, material_id, season_id, status, created_date, updated_date) VALUES (213, 32, 4, 3, 213, 7, 1, 'active', '2025-01-01 00:00:00', '2025-01-01 00:00:00');
INSERT INTO prices (id, base_price, sale_price, status, created_date, updated_date) VALUES (214, 228, 114, 'active', '2025-01-01 00:00:00', '2025-01-01 00:00:00');
INSERT INTO product_variants (id, product_id, color_id, size_id, price_id, material_id, season_id, status, created_date, updated_date) VALUES (214, 32, 14, 10, 214, 6, 4, 'active', '2025-01-01 00:00:00', '2025-01-01 00:00:00');
INSERT INTO prices (id, base_price, sale_price, status, created_date, updated_date) VALUES (215, 228, 114, 'active', '2025-01-01 00:00:00', '2025-01-01 00:00:00');
INSERT INTO product_variants (id, product_id, color_id, size_id, price_id, material_id, season_id, status, created_date, updated_date) VALUES (215, 32, 14, 5, 215, 1, 4, 'active', '2025-01-01 00:00:00', '2025-01-01 00:00:00');
INSERT INTO prices (id, base_price, sale_price, status, created_date, updated_date) VALUES (216, 228, 114, 'active', '2025-01-01 00:00:00', '2025-01-01 00:00:00');
INSERT INTO product_variants (id, product_id, color_id, size_id, price_id, material_id, season_id, status, created_date, updated_date) VALUES (216, 32, 14, 9, 216, 6, 1, 'active', '2025-01-01 00:00:00', '2025-01-01 00:00:00');
INSERT INTO prices (id, base_price, sale_price, status, created_date, updated_date) VALUES (217, 228, 114, 'active', '2025-01-01 00:00:00', '2025-01-01 00:00:00');
INSERT INTO product_variants (id, product_id, color_id, size_id, price_id, material_id, season_id, status, created_date, updated_date) VALUES (217, 32, 4, 5, 217, 7, 2, 'active', '2025-01-01 00:00:00', '2025-01-01 00:00:00');
INSERT INTO prices (id, base_price, sale_price, status, created_date, updated_date) VALUES (218, 228, 114, 'active', '2025-01-01 00:00:00', '2025-01-01 00:00:00');
INSERT INTO product_variants (id, product_id, color_id, size_id, price_id, material_id, season_id, status, created_date, updated_date) VALUES (218, 32, 4, 2, 218, 3, 3, 'active', '2025-01-01 00:00:00', '2025-01-01 00:00:00');
INSERT INTO prices (id, base_price, sale_price, status, created_date, updated_date) VALUES (219, 228, 114, 'active', '2025-01-01 00:00:00', '2025-01-01 00:00:00');
INSERT INTO product_variants (id, product_id, color_id, size_id, price_id, material_id, season_id, status, created_date, updated_date) VALUES (219, 32, 2, 1, 219, 7, 2, 'active', '2025-01-01 00:00:00', '2025-01-01 00:00:00');
INSERT INTO prices (id, base_price, sale_price, status, created_date, updated_date) VALUES (220, 228, 114, 'active', '2025-01-01 00:00:00', '2025-01-01 00:00:00');
INSERT INTO product_variants (id, product_id, color_id, size_id, price_id, material_id, season_id, status, created_date, updated_date) VALUES (220, 32, 2, 9, 220, 7, 4, 'active', '2025-01-01 00:00:00', '2025-01-01 00:00:00');
INSERT INTO prices (id, base_price, sale_price, status, created_date, updated_date) VALUES (221, 228, 114, 'active', '2025-01-01 00:00:00', '2025-01-01 00:00:00');
INSERT INTO product_variants (id, product_id, color_id, size_id, price_id, material_id, season_id, status, created_date, updated_date) VALUES (221, 32, 2, 6, 221, 6, 1, 'active', '2025-01-01 00:00:00', '2025-01-01 00:00:00');
INSERT INTO product (id, name, description, category_id, status, created_date, updated_date, created_by, updated_by) VALUES (33, 'Kids Quilted Puffer Coat', 'Description for Kids Quilted Puffer Coat', 3, 'active', '2025-01-01 00:00:00', '2025-01-01 00:00:00', 1, 1);
INSERT INTO product_image (id, image_url, display_order, is_primary, product_id, created_date, updated_date) VALUES (215, 'https://www1.assets-gap.com/webcontent/0060/781/571/cn60781571.jpg?q=h&w=1152', 0, 1, 33, '2025-01-01 00:00:00', '2025-01-01 00:00:00');
INSERT INTO product_image (id, image_url, display_order, is_primary, product_id, created_date, updated_date) VALUES (216, 'https://www.gap.com/webcontent/0060/781/545/cn60781545.jpg', 1, 0, 33, '2025-01-01 00:00:00', '2025-01-01 00:00:00');
INSERT INTO product_image (id, image_url, display_order, is_primary, product_id, created_date, updated_date) VALUES (217, 'https://www.gap.com/webcontent/0059/971/430/cn59971430.jpg', 2, 0, 33, '2025-01-01 00:00:00', '2025-01-01 00:00:00');
INSERT INTO product_image (id, image_url, display_order, is_primary, product_id, created_date, updated_date) VALUES (218, 'https://www.gap.com/webcontent/0060/781/578/cn60781578.jpg', 3, 0, 33, '2025-01-01 00:00:00', '2025-01-01 00:00:00');
INSERT INTO product_image (id, image_url, display_order, is_primary, product_id, created_date, updated_date) VALUES (219, 'https://www.gap.com/webcontent/0060/781/651/cn60781651.jpg', 4, 0, 33, '2025-01-01 00:00:00', '2025-01-01 00:00:00');
INSERT INTO product_image (id, image_url, display_order, is_primary, product_id, created_date, updated_date) VALUES (220, 'https://www.gap.com/webcontent/0059/971/406/cn59971406.jpg', 5, 0, 33, '2025-01-01 00:00:00', '2025-01-01 00:00:00');
INSERT INTO product_image (id, image_url, display_order, is_primary, product_id, created_date, updated_date) VALUES (221, 'https://www.gap.com/webcontent/0060/781/683/cn60781683.jpg', 6, 0, 33, '2025-01-01 00:00:00', '2025-01-01 00:00:00');
INSERT INTO prices (id, base_price, sale_price, status, created_date, updated_date) VALUES (222, 148, 59, 'active', '2025-01-01 00:00:00', '2025-01-01 00:00:00');
INSERT INTO product_variants (id, product_id, color_id, size_id, price_id, material_id, season_id, status, created_date, updated_date) VALUES (222, 33, 2, 2, 222, 2, 2, 'active', '2025-01-01 00:00:00', '2025-01-01 00:00:00');
INSERT INTO prices (id, base_price, sale_price, status, created_date, updated_date) VALUES (223, 148, 59, 'active', '2025-01-01 00:00:00', '2025-01-01 00:00:00');
INSERT INTO product_variants (id, product_id, color_id, size_id, price_id, material_id, season_id, status, created_date, updated_date) VALUES (223, 33, 2, 1, 223, 3, 1, 'active', '2025-01-01 00:00:00', '2025-01-01 00:00:00');
INSERT INTO prices (id, base_price, sale_price, status, created_date, updated_date) VALUES (224, 148, 59, 'active', '2025-01-01 00:00:00', '2025-01-01 00:00:00');
INSERT INTO product_variants (id, product_id, color_id, size_id, price_id, material_id, season_id, status, created_date, updated_date) VALUES (224, 33, 17, 8, 224, 3, 3, 'active', '2025-01-01 00:00:00', '2025-01-01 00:00:00');
INSERT INTO prices (id, base_price, sale_price, status, created_date, updated_date) VALUES (225, 148, 59, 'active', '2025-01-01 00:00:00', '2025-01-01 00:00:00');
INSERT INTO product_variants (id, product_id, color_id, size_id, price_id, material_id, season_id, status, created_date, updated_date) VALUES (225, 33, 17, 2, 225, 1, 4, 'active', '2025-01-01 00:00:00', '2025-01-01 00:00:00');
INSERT INTO prices (id, base_price, sale_price, status, created_date, updated_date) VALUES (226, 148, 59, 'active', '2025-01-01 00:00:00', '2025-01-01 00:00:00');
INSERT INTO product_variants (id, product_id, color_id, size_id, price_id, material_id, season_id, status, created_date, updated_date) VALUES (226, 33, 11, 10, 226, 1, 3, 'active', '2025-01-01 00:00:00', '2025-01-01 00:00:00');
INSERT INTO prices (id, base_price, sale_price, status, created_date, updated_date) VALUES (227, 148, 59, 'active', '2025-01-01 00:00:00', '2025-01-01 00:00:00');
INSERT INTO product_variants (id, product_id, color_id, size_id, price_id, material_id, season_id, status, created_date, updated_date) VALUES (227, 33, 11, 9, 227, 4, 2, 'active', '2025-01-01 00:00:00', '2025-01-01 00:00:00');
INSERT INTO product (id, name, description, category_id, status, created_date, updated_date, created_by, updated_by) VALUES (34, 'Recycled Lightweight Oversized Quilted Liner Jacket', 'Description for Recycled Lightweight Oversized Quilted Liner Jacket', 3, 'active', '2025-01-01 00:00:00', '2025-01-01 00:00:00', 1, 1);
INSERT INTO product_image (id, image_url, display_order, is_primary, product_id, created_date, updated_date) VALUES (222, 'https://www1.assets-gap.com/webcontent/0060/221/914/cn60221914.jpg?q=h&w=1152', 0, 1, 34, '2025-01-01 00:00:00', '2025-01-01 00:00:00');
INSERT INTO product_image (id, image_url, display_order, is_primary, product_id, created_date, updated_date) VALUES (223, 'https://www.gap.com/webcontent/0060/221/884/cn60221884.jpg', 1, 0, 34, '2025-01-01 00:00:00', '2025-01-01 00:00:00');
INSERT INTO product_image (id, image_url, display_order, is_primary, product_id, created_date, updated_date) VALUES (224, 'https://www.gap.com/webcontent/0060/221/893/cn60221893.jpg', 2, 0, 34, '2025-01-01 00:00:00', '2025-01-01 00:00:00');
INSERT INTO product_image (id, image_url, display_order, is_primary, product_id, created_date, updated_date) VALUES (225, 'https://www.gap.com/webcontent/0060/221/905/cn60221905.jpg', 3, 0, 34, '2025-01-01 00:00:00', '2025-01-01 00:00:00');
INSERT INTO product_image (id, image_url, display_order, is_primary, product_id, created_date, updated_date) VALUES (226, 'https://www.gap.com/webcontent/0060/221/919/cn60221919.jpg', 4, 0, 34, '2025-01-01 00:00:00', '2025-01-01 00:00:00');
INSERT INTO product_image (id, image_url, display_order, is_primary, product_id, created_date, updated_date) VALUES (227, 'https://www.gap.com/webcontent/0060/771/997/cn60771997.jpg', 5, 0, 34, '2025-01-01 00:00:00', '2025-01-01 00:00:00');
INSERT INTO product_image (id, image_url, display_order, is_primary, product_id, created_date, updated_date) VALUES (228, 'https://www.gap.com/webcontent/0060/772/018/cn60772018.jpg', 6, 0, 34, '2025-01-01 00:00:00', '2025-01-01 00:00:00');
INSERT INTO prices (id, base_price, sale_price, status, created_date, updated_date) VALUES (228, 168, 54.99, 'active', '2025-01-01 00:00:00', '2025-01-01 00:00:00');
INSERT INTO product_variants (id, product_id, color_id, size_id, price_id, material_id, season_id, status, created_date, updated_date) VALUES (228, 34, 2, 7, 228, 1, 1, 'active', '2025-01-01 00:00:00', '2025-01-01 00:00:00');
INSERT INTO prices (id, base_price, sale_price, status, created_date, updated_date) VALUES (229, 168, 54.99, 'active', '2025-01-01 00:00:00', '2025-01-01 00:00:00');
INSERT INTO product_variants (id, product_id, color_id, size_id, price_id, material_id, season_id, status, created_date, updated_date) VALUES (229, 34, 2, 1, 229, 5, 2, 'active', '2025-01-01 00:00:00', '2025-01-01 00:00:00');
INSERT INTO prices (id, base_price, sale_price, status, created_date, updated_date) VALUES (230, 168, 54.99, 'active', '2025-01-01 00:00:00', '2025-01-01 00:00:00');
INSERT INTO product_variants (id, product_id, color_id, size_id, price_id, material_id, season_id, status, created_date, updated_date) VALUES (230, 34, 2, 8, 230, 2, 3, 'active', '2025-01-01 00:00:00', '2025-01-01 00:00:00');
INSERT INTO prices (id, base_price, sale_price, status, created_date, updated_date) VALUES (231, 168, 54.99, 'active', '2025-01-01 00:00:00', '2025-01-01 00:00:00');
INSERT INTO product_variants (id, product_id, color_id, size_id, price_id, material_id, season_id, status, created_date, updated_date) VALUES (231, 34, 13, 2, 231, 1, 2, 'active', '2025-01-01 00:00:00', '2025-01-01 00:00:00');
INSERT INTO prices (id, base_price, sale_price, status, created_date, updated_date) VALUES (232, 168, 54.99, 'active', '2025-01-01 00:00:00', '2025-01-01 00:00:00');
INSERT INTO product_variants (id, product_id, color_id, size_id, price_id, material_id, season_id, status, created_date, updated_date) VALUES (232, 34, 13, 7, 232, 6, 3, 'active', '2025-01-01 00:00:00', '2025-01-01 00:00:00');
INSERT INTO product (id, name, description, category_id, status, created_date, updated_date, created_by, updated_by) VALUES (35, 'Recycled Sherpa & Vegan Leather-Trim Jacket', 'Description for Recycled Sherpa & Vegan Leather-Trim Jacket', 3, 'active', '2025-01-01 00:00:00', '2025-01-01 00:00:00', 1, 1);
INSERT INTO product_image (id, image_url, display_order, is_primary, product_id, created_date, updated_date) VALUES (229, 'https://www1.assets-gap.com/webcontent/0060/844/948/cn60844948.jpg?q=h&w=1152', 0, 1, 35, '2025-01-01 00:00:00', '2025-01-01 00:00:00');
INSERT INTO product_image (id, image_url, display_order, is_primary, product_id, created_date, updated_date) VALUES (230, 'https://www.gap.com/webcontent/0060/844/929/cn60844929.jpg', 1, 0, 35, '2025-01-01 00:00:00', '2025-01-01 00:00:00');
INSERT INTO product_image (id, image_url, display_order, is_primary, product_id, created_date, updated_date) VALUES (231, 'https://www.gap.com/webcontent/0060/845/109/cn60845109.jpg', 2, 0, 35, '2025-01-01 00:00:00', '2025-01-01 00:00:00');
INSERT INTO product_image (id, image_url, display_order, is_primary, product_id, created_date, updated_date) VALUES (232, 'https://www.gap.com/webcontent/0060/845/119/cn60845119.jpg', 3, 0, 35, '2025-01-01 00:00:00', '2025-01-01 00:00:00');
INSERT INTO product_image (id, image_url, display_order, is_primary, product_id, created_date, updated_date) VALUES (233, 'https://www.gap.com/webcontent/0060/881/851/cn60881851.jpg', 4, 0, 35, '2025-01-01 00:00:00', '2025-01-01 00:00:00');
INSERT INTO product_image (id, image_url, display_order, is_primary, product_id, created_date, updated_date) VALUES (234, 'https://www.gap.com/webcontent/0060/636/919/cn60636919.jpg', 5, 0, 35, '2025-01-01 00:00:00', '2025-01-01 00:00:00');
INSERT INTO prices (id, base_price, sale_price, status, created_date, updated_date) VALUES (233, 268, 160, 'active', '2025-01-01 00:00:00', '2025-01-01 00:00:00');
INSERT INTO product_variants (id, product_id, color_id, size_id, price_id, material_id, season_id, status, created_date, updated_date) VALUES (233, 35, 14, 7, 233, 6, 1, 'active', '2025-01-01 00:00:00', '2025-01-01 00:00:00');
INSERT INTO prices (id, base_price, sale_price, status, created_date, updated_date) VALUES (234, 268, 160, 'active', '2025-01-01 00:00:00', '2025-01-01 00:00:00');
INSERT INTO product_variants (id, product_id, color_id, size_id, price_id, material_id, season_id, status, created_date, updated_date) VALUES (234, 35, 14, 6, 234, 3, 2, 'active', '2025-01-01 00:00:00', '2025-01-01 00:00:00');
INSERT INTO prices (id, base_price, sale_price, status, created_date, updated_date) VALUES (235, 268, 160, 'active', '2025-01-01 00:00:00', '2025-01-01 00:00:00');
INSERT INTO product_variants (id, product_id, color_id, size_id, price_id, material_id, season_id, status, created_date, updated_date) VALUES (235, 35, 2, 1, 235, 6, 2, 'active', '2025-01-01 00:00:00', '2025-01-01 00:00:00');
INSERT INTO prices (id, base_price, sale_price, status, created_date, updated_date) VALUES (236, 268, 160, 'active', '2025-01-01 00:00:00', '2025-01-01 00:00:00');
INSERT INTO product_variants (id, product_id, color_id, size_id, price_id, material_id, season_id, status, created_date, updated_date) VALUES (236, 35, 2, 10, 236, 5, 2, 'active', '2025-01-01 00:00:00', '2025-01-01 00:00:00');
INSERT INTO prices (id, base_price, sale_price, status, created_date, updated_date) VALUES (237, 268, 160, 'active', '2025-01-01 00:00:00', '2025-01-01 00:00:00');
INSERT INTO product_variants (id, product_id, color_id, size_id, price_id, material_id, season_id, status, created_date, updated_date) VALUES (237, 35, 2, 8, 237, 2, 1, 'active', '2025-01-01 00:00:00', '2025-01-01 00:00:00');
INSERT INTO product (id, name, description, category_id, status, created_date, updated_date, created_by, updated_by) VALUES (36, 'Faux Fur-Trim Puffer Jacket', 'Description for Faux Fur-Trim Puffer Jacket', 3, 'active', '2025-01-01 00:00:00', '2025-01-01 00:00:00', 1, 1);
INSERT INTO product_image (id, image_url, display_order, is_primary, product_id, created_date, updated_date) VALUES (235, 'https://www1.assets-gap.com/webcontent/0060/603/814/cn60603814.jpg?q=h&w=1152', 0, 1, 36, '2025-01-01 00:00:00', '2025-01-01 00:00:00');
INSERT INTO product_image (id, image_url, display_order, is_primary, product_id, created_date, updated_date) VALUES (236, 'https://www.gap.com/webcontent/0060/603/801/cn60603801.jpg', 1, 0, 36, '2025-01-01 00:00:00', '2025-01-01 00:00:00');
INSERT INTO product_image (id, image_url, display_order, is_primary, product_id, created_date, updated_date) VALUES (237, 'https://www.gap.com/webcontent/0060/601/976/cn60601976.jpg', 2, 0, 36, '2025-01-01 00:00:00', '2025-01-01 00:00:00');
INSERT INTO product_image (id, image_url, display_order, is_primary, product_id, created_date, updated_date) VALUES (238, 'https://www.gap.com/webcontent/0060/601/979/cn60601979.jpg', 3, 0, 36, '2025-01-01 00:00:00', '2025-01-01 00:00:00');
INSERT INTO product_image (id, image_url, display_order, is_primary, product_id, created_date, updated_date) VALUES (239, 'https://www.gap.com/webcontent/0060/173/055/cn60173055.jpg', 4, 0, 36, '2025-01-01 00:00:00', '2025-01-01 00:00:00');
INSERT INTO product_image (id, image_url, display_order, is_primary, product_id, created_date, updated_date) VALUES (240, 'https://www.gap.com/webcontent/0060/172/574/cn60172574.jpg', 5, 0, 36, '2025-01-01 00:00:00', '2025-01-01 00:00:00');
INSERT INTO prices (id, base_price, sale_price, status, created_date, updated_date) VALUES (238, 228, 114, 'active', '2025-01-01 00:00:00', '2025-01-01 00:00:00');
INSERT INTO product_variants (id, product_id, color_id, size_id, price_id, material_id, season_id, status, created_date, updated_date) VALUES (238, 36, 4, 5, 238, 7, 1, 'active', '2025-01-01 00:00:00', '2025-01-01 00:00:00');
INSERT INTO prices (id, base_price, sale_price, status, created_date, updated_date) VALUES (239, 228, 114, 'active', '2025-01-01 00:00:00', '2025-01-01 00:00:00');
INSERT INTO product_variants (id, product_id, color_id, size_id, price_id, material_id, season_id, status, created_date, updated_date) VALUES (239, 36, 4, 7, 239, 7, 3, 'active', '2025-01-01 00:00:00', '2025-01-01 00:00:00');
INSERT INTO prices (id, base_price, sale_price, status, created_date, updated_date) VALUES (240, 228, 114, 'active', '2025-01-01 00:00:00', '2025-01-01 00:00:00');
INSERT INTO product_variants (id, product_id, color_id, size_id, price_id, material_id, season_id, status, created_date, updated_date) VALUES (240, 36, 14, 2, 240, 1, 3, 'active', '2025-01-01 00:00:00', '2025-01-01 00:00:00');
INSERT INTO prices (id, base_price, sale_price, status, created_date, updated_date) VALUES (241, 228, 114, 'active', '2025-01-01 00:00:00', '2025-01-01 00:00:00');
INSERT INTO product_variants (id, product_id, color_id, size_id, price_id, material_id, season_id, status, created_date, updated_date) VALUES (241, 36, 14, 10, 241, 1, 4, 'active', '2025-01-01 00:00:00', '2025-01-01 00:00:00');
INSERT INTO prices (id, base_price, sale_price, status, created_date, updated_date) VALUES (242, 228, 114, 'active', '2025-01-01 00:00:00', '2025-01-01 00:00:00');
INSERT INTO product_variants (id, product_id, color_id, size_id, price_id, material_id, season_id, status, created_date, updated_date) VALUES (242, 36, 14, 3, 242, 1, 2, 'active', '2025-01-01 00:00:00', '2025-01-01 00:00:00');
INSERT INTO prices (id, base_price, sale_price, status, created_date, updated_date) VALUES (243, 228, 114, 'active', '2025-01-01 00:00:00', '2025-01-01 00:00:00');
INSERT INTO product_variants (id, product_id, color_id, size_id, price_id, material_id, season_id, status, created_date, updated_date) VALUES (243, 36, 4, 9, 243, 7, 4, 'active', '2025-01-01 00:00:00', '2025-01-01 00:00:00');
INSERT INTO prices (id, base_price, sale_price, status, created_date, updated_date) VALUES (244, 228, 114, 'active', '2025-01-01 00:00:00', '2025-01-01 00:00:00');
INSERT INTO product_variants (id, product_id, color_id, size_id, price_id, material_id, season_id, status, created_date, updated_date) VALUES (244, 36, 4, 3, 244, 4, 3, 'active', '2025-01-01 00:00:00', '2025-01-01 00:00:00');
INSERT INTO prices (id, base_price, sale_price, status, created_date, updated_date) VALUES (245, 228, 114, 'active', '2025-01-01 00:00:00', '2025-01-01 00:00:00');
INSERT INTO product_variants (id, product_id, color_id, size_id, price_id, material_id, season_id, status, created_date, updated_date) VALUES (245, 36, 2, 4, 245, 5, 1, 'active', '2025-01-01 00:00:00', '2025-01-01 00:00:00');
INSERT INTO prices (id, base_price, sale_price, status, created_date, updated_date) VALUES (246, 228, 114, 'active', '2025-01-01 00:00:00', '2025-01-01 00:00:00');
INSERT INTO product_variants (id, product_id, color_id, size_id, price_id, material_id, season_id, status, created_date, updated_date) VALUES (246, 36, 2, 8, 246, 5, 1, 'active', '2025-01-01 00:00:00', '2025-01-01 00:00:00');
INSERT INTO product (id, name, description, category_id, status, created_date, updated_date, created_by, updated_by) VALUES (37, 'Cotton-Blend Cardigan Coat', 'Description for Cotton-Blend Cardigan Coat', 3, 'active', '2025-01-01 00:00:00', '2025-01-01 00:00:00', 1, 1);
INSERT INTO product_image (id, image_url, display_order, is_primary, product_id, created_date, updated_date) VALUES (241, 'https://www1.assets-gap.com/webcontent/0061/253/076/cn61253076.jpg?q=h&w=1152', 0, 1, 37, '2025-01-01 00:00:00', '2025-01-01 00:00:00');
INSERT INTO product_image (id, image_url, display_order, is_primary, product_id, created_date, updated_date) VALUES (242, 'https://www.gap.com/webcontent/0061/253/071/cn61253071.jpg', 1, 0, 37, '2025-01-01 00:00:00', '2025-01-01 00:00:00');
INSERT INTO product_image (id, image_url, display_order, is_primary, product_id, created_date, updated_date) VALUES (243, 'https://www.gap.com/webcontent/0061/211/165/cn61211165.jpg', 2, 0, 37, '2025-01-01 00:00:00', '2025-01-01 00:00:00');
INSERT INTO product_image (id, image_url, display_order, is_primary, product_id, created_date, updated_date) VALUES (244, 'https://www.gap.com/webcontent/0061/211/176/cn61211176.jpg', 3, 0, 37, '2025-01-01 00:00:00', '2025-01-01 00:00:00');
INSERT INTO product_image (id, image_url, display_order, is_primary, product_id, created_date, updated_date) VALUES (245, 'https://www.gap.com/webcontent/0061/211/193/cn61211193.jpg', 4, 0, 37, '2025-01-01 00:00:00', '2025-01-01 00:00:00');
INSERT INTO product_image (id, image_url, display_order, is_primary, product_id, created_date, updated_date) VALUES (246, 'https://www.gap.com/webcontent/0061/211/211/cn61211211.jpg', 5, 0, 37, '2025-01-01 00:00:00', '2025-01-01 00:00:00');
INSERT INTO prices (id, base_price, sale_price, status, created_date, updated_date) VALUES (247, 168, 168, 'active', '2025-01-01 00:00:00', '2025-01-01 00:00:00');
INSERT INTO product_variants (id, product_id, color_id, size_id, price_id, material_id, season_id, status, created_date, updated_date) VALUES (247, 37, 3, 10, 247, 2, 2, 'active', '2025-01-01 00:00:00', '2025-01-01 00:00:00');
INSERT INTO prices (id, base_price, sale_price, status, created_date, updated_date) VALUES (248, 168, 168, 'active', '2025-01-01 00:00:00', '2025-01-01 00:00:00');
INSERT INTO product_variants (id, product_id, color_id, size_id, price_id, material_id, season_id, status, created_date, updated_date) VALUES (248, 37, 4, 7, 248, 1, 1, 'active', '2025-01-01 00:00:00', '2025-01-01 00:00:00');
INSERT INTO prices (id, base_price, sale_price, status, created_date, updated_date) VALUES (249, 168, 168, 'active', '2025-01-01 00:00:00', '2025-01-01 00:00:00');
INSERT INTO product_variants (id, product_id, color_id, size_id, price_id, material_id, season_id, status, created_date, updated_date) VALUES (249, 37, 4, 10, 249, 2, 3, 'active', '2025-01-01 00:00:00', '2025-01-01 00:00:00');
INSERT INTO product (id, name, description, category_id, status, created_date, updated_date, created_by, updated_by) VALUES (38, 'Wool-Blend Swing Jacket', 'Description for Wool-Blend Swing Jacket', 3, 'active', '2025-01-01 00:00:00', '2025-01-01 00:00:00', 1, 1);
INSERT INTO product_image (id, image_url, display_order, is_primary, product_id, created_date, updated_date) VALUES (247, 'https://www1.assets-gap.com/webcontent/0060/432/123/cn60432123.jpg?q=h&w=1152', 0, 1, 38, '2025-01-01 00:00:00', '2025-01-01 00:00:00');
INSERT INTO product_image (id, image_url, display_order, is_primary, product_id, created_date, updated_date) VALUES (248, 'https://www.gap.com/webcontent/0060/432/100/cn60432100.jpg', 1, 0, 38, '2025-01-01 00:00:00', '2025-01-01 00:00:00');
INSERT INTO product_image (id, image_url, display_order, is_primary, product_id, created_date, updated_date) VALUES (249, 'https://www.gap.com/webcontent/0060/431/001/cn60431001.jpg', 2, 0, 38, '2025-01-01 00:00:00', '2025-01-01 00:00:00');
INSERT INTO product_image (id, image_url, display_order, is_primary, product_id, created_date, updated_date) VALUES (250, 'https://www.gap.com/webcontent/0060/432/442/cn60432442.jpg', 3, 0, 38, '2025-01-01 00:00:00', '2025-01-01 00:00:00');
INSERT INTO product_image (id, image_url, display_order, is_primary, product_id, created_date, updated_date) VALUES (251, 'https://www.gap.com/webcontent/0060/432/466/cn60432466.jpg', 4, 0, 38, '2025-01-01 00:00:00', '2025-01-01 00:00:00');
INSERT INTO product_image (id, image_url, display_order, is_primary, product_id, created_date, updated_date) VALUES (252, 'https://www.gap.com/webcontent/0060/431/016/cn60431016.jpg', 5, 0, 38, '2025-01-01 00:00:00', '2025-01-01 00:00:00');
INSERT INTO prices (id, base_price, sale_price, status, created_date, updated_date) VALUES (250, 228, 114, 'active', '2025-01-01 00:00:00', '2025-01-01 00:00:00');
INSERT INTO product_variants (id, product_id, color_id, size_id, price_id, material_id, season_id, status, created_date, updated_date) VALUES (250, 38, 3, 1, 250, 7, 4, 'active', '2025-01-01 00:00:00', '2025-01-01 00:00:00');
INSERT INTO prices (id, base_price, sale_price, status, created_date, updated_date) VALUES (251, 228, 114, 'active', '2025-01-01 00:00:00', '2025-01-01 00:00:00');
INSERT INTO product_variants (id, product_id, color_id, size_id, price_id, material_id, season_id, status, created_date, updated_date) VALUES (251, 38, 3, 10, 251, 7, 3, 'active', '2025-01-01 00:00:00', '2025-01-01 00:00:00');
INSERT INTO prices (id, base_price, sale_price, status, created_date, updated_date) VALUES (252, 228, 114, 'active', '2025-01-01 00:00:00', '2025-01-01 00:00:00');
INSERT INTO product_variants (id, product_id, color_id, size_id, price_id, material_id, season_id, status, created_date, updated_date) VALUES (252, 38, 15, 3, 252, 6, 3, 'active', '2025-01-01 00:00:00', '2025-01-01 00:00:00');
INSERT INTO prices (id, base_price, sale_price, status, created_date, updated_date) VALUES (253, 228, 114, 'active', '2025-01-01 00:00:00', '2025-01-01 00:00:00');
INSERT INTO product_variants (id, product_id, color_id, size_id, price_id, material_id, season_id, status, created_date, updated_date) VALUES (253, 38, 15, 10, 253, 4, 2, 'active', '2025-01-01 00:00:00', '2025-01-01 00:00:00');
INSERT INTO product (id, name, description, category_id, status, created_date, updated_date, created_by, updated_by) VALUES (39, 'Faux Fur Bomber Jacket', 'Description for Faux Fur Bomber Jacket', 3, 'active', '2025-01-01 00:00:00', '2025-01-01 00:00:00', 1, 1);
INSERT INTO product_image (id, image_url, display_order, is_primary, product_id, created_date, updated_date) VALUES (253, 'https://www1.assets-gap.com/webcontent/0060/891/367/cn60891367.jpg?q=h&w=1152', 0, 1, 39, '2025-01-01 00:00:00', '2025-01-01 00:00:00');
INSERT INTO product_image (id, image_url, display_order, is_primary, product_id, created_date, updated_date) VALUES (254, 'https://www.gap.com/webcontent/0060/891/323/cn60891323.jpg', 1, 0, 39, '2025-01-01 00:00:00', '2025-01-01 00:00:00');
INSERT INTO product_image (id, image_url, display_order, is_primary, product_id, created_date, updated_date) VALUES (255, 'https://www.gap.com/webcontent/0060/891/325/cn60891325.jpg', 2, 0, 39, '2025-01-01 00:00:00', '2025-01-01 00:00:00');
INSERT INTO product_image (id, image_url, display_order, is_primary, product_id, created_date, updated_date) VALUES (256, 'https://www.gap.com/webcontent/0060/891/329/cn60891329.jpg', 3, 0, 39, '2025-01-01 00:00:00', '2025-01-01 00:00:00');
INSERT INTO product_image (id, image_url, display_order, is_primary, product_id, created_date, updated_date) VALUES (257, 'https://www.gap.com/webcontent/0060/415/513/cn60415513.jpg', 4, 0, 39, '2025-01-01 00:00:00', '2025-01-01 00:00:00');
INSERT INTO product_image (id, image_url, display_order, is_primary, product_id, created_date, updated_date) VALUES (258, 'https://www.gap.com/webcontent/0060/922/398/cn60922398.jpg', 5, 0, 39, '2025-01-01 00:00:00', '2025-01-01 00:00:00');
INSERT INTO product_image (id, image_url, display_order, is_primary, product_id, created_date, updated_date) VALUES (259, 'https://www.gap.com/webcontent/0060/472/116/cn60472116.jpg', 6, 0, 39, '2025-01-01 00:00:00', '2025-01-01 00:00:00');
INSERT INTO prices (id, base_price, sale_price, status, created_date, updated_date) VALUES (254, 198, 198, 'active', '2025-01-01 00:00:00', '2025-01-01 00:00:00');
INSERT INTO product_variants (id, product_id, color_id, size_id, price_id, material_id, season_id, status, created_date, updated_date) VALUES (254, 39, 4, 7, 254, 1, 4, 'active', '2025-01-01 00:00:00', '2025-01-01 00:00:00');
INSERT INTO prices (id, base_price, sale_price, status, created_date, updated_date) VALUES (255, 198, 198, 'active', '2025-01-01 00:00:00', '2025-01-01 00:00:00');
INSERT INTO product_variants (id, product_id, color_id, size_id, price_id, material_id, season_id, status, created_date, updated_date) VALUES (255, 39, 4, 8, 255, 7, 3, 'active', '2025-01-01 00:00:00', '2025-01-01 00:00:00');
INSERT INTO product (id, name, description, category_id, status, created_date, updated_date, created_by, updated_by) VALUES (40, 'Vegan Leather Bomber Jacket', 'Description for Vegan Leather Bomber Jacket', 3, 'active', '2025-01-01 00:00:00', '2025-01-01 00:00:00', 1, 1);
INSERT INTO product_image (id, image_url, display_order, is_primary, product_id, created_date, updated_date) VALUES (260, 'https://www1.assets-gap.com/webcontent/0060/264/759/cn60264759.jpg?q=h&w=1152', 0, 1, 40, '2025-01-01 00:00:00', '2025-01-01 00:00:00');
INSERT INTO product_image (id, image_url, display_order, is_primary, product_id, created_date, updated_date) VALUES (261, 'https://www.gap.com/webcontent/0060/264/725/cn60264725.jpg', 1, 0, 40, '2025-01-01 00:00:00', '2025-01-01 00:00:00');
INSERT INTO product_image (id, image_url, display_order, is_primary, product_id, created_date, updated_date) VALUES (262, 'https://www.gap.com/webcontent/0060/264/735/cn60264735.jpg', 2, 0, 40, '2025-01-01 00:00:00', '2025-01-01 00:00:00');
INSERT INTO product_image (id, image_url, display_order, is_primary, product_id, created_date, updated_date) VALUES (263, 'https://www.gap.com/webcontent/0060/264/738/cn60264738.jpg', 3, 0, 40, '2025-01-01 00:00:00', '2025-01-01 00:00:00');
INSERT INTO product_image (id, image_url, display_order, is_primary, product_id, created_date, updated_date) VALUES (264, 'https://www.gap.com/webcontent/0060/264/752/cn60264752.jpg', 4, 0, 40, '2025-01-01 00:00:00', '2025-01-01 00:00:00');
INSERT INTO product_image (id, image_url, display_order, is_primary, product_id, created_date, updated_date) VALUES (265, 'https://www.gap.com/webcontent/0059/831/071/cn59831071.jpg', 5, 0, 40, '2025-01-01 00:00:00', '2025-01-01 00:00:00');
INSERT INTO prices (id, base_price, sale_price, status, created_date, updated_date) VALUES (256, 198, 79, 'active', '2025-01-01 00:00:00', '2025-01-01 00:00:00');
INSERT INTO product_variants (id, product_id, color_id, size_id, price_id, material_id, season_id, status, created_date, updated_date) VALUES (256, 40, 2, 10, 256, 3, 2, 'active', '2025-01-01 00:00:00', '2025-01-01 00:00:00');
INSERT INTO prices (id, base_price, sale_price, status, created_date, updated_date) VALUES (257, 198, 79, 'active', '2025-01-01 00:00:00', '2025-01-01 00:00:00');
INSERT INTO product_variants (id, product_id, color_id, size_id, price_id, material_id, season_id, status, created_date, updated_date) VALUES (257, 40, 2, 5, 257, 2, 4, 'active', '2025-01-01 00:00:00', '2025-01-01 00:00:00');
INSERT INTO product (id, name, description, category_id, status, created_date, updated_date, created_by, updated_by) VALUES (41, 'Cropped Floral Denim Icon Jacket', 'Description for Cropped Floral Denim Icon Jacket', 3, 'active', '2025-01-01 00:00:00', '2025-01-01 00:00:00', 1, 1);
INSERT INTO product_image (id, image_url, display_order, is_primary, product_id, created_date, updated_date) VALUES (266, 'https://www1.assets-gap.com/webcontent/0057/694/839/cn57694839.jpg?q=h&w=1152', 0, 1, 41, '2025-01-01 00:00:00', '2025-01-01 00:00:00');
INSERT INTO product_image (id, image_url, display_order, is_primary, product_id, created_date, updated_date) VALUES (267, 'https://www.gap.com/webcontent/0057/694/794/cn57694794.jpg', 1, 0, 41, '2025-01-01 00:00:00', '2025-01-01 00:00:00');
INSERT INTO product_image (id, image_url, display_order, is_primary, product_id, created_date, updated_date) VALUES (268, 'https://www.gap.com/webcontent/0057/699/872/cn57699872.jpg', 2, 0, 41, '2025-01-01 00:00:00', '2025-01-01 00:00:00');
INSERT INTO product_image (id, image_url, display_order, is_primary, product_id, created_date, updated_date) VALUES (269, 'https://www.gap.com/webcontent/0057/699/865/cn57699865.jpg', 3, 0, 41, '2025-01-01 00:00:00', '2025-01-01 00:00:00');
INSERT INTO product_image (id, image_url, display_order, is_primary, product_id, created_date, updated_date) VALUES (270, 'https://www.gap.com/webcontent/0057/730/137/cn57730137.jpg', 4, 0, 41, '2025-01-01 00:00:00', '2025-01-01 00:00:00');
INSERT INTO product_image (id, image_url, display_order, is_primary, product_id, created_date, updated_date) VALUES (271, 'https://www.gap.com/webcontent/0057/730/138/cn57730138.jpg', 5, 0, 41, '2025-01-01 00:00:00', '2025-01-01 00:00:00');
INSERT INTO prices (id, base_price, sale_price, status, created_date, updated_date) VALUES (258, 98, 29.99, 'active', '2025-01-01 00:00:00', '2025-01-01 00:00:00');
INSERT INTO product_variants (id, product_id, color_id, size_id, price_id, material_id, season_id, status, created_date, updated_date) VALUES (258, 41, 5, 3, 258, 3, 4, 'active', '2025-01-01 00:00:00', '2025-01-01 00:00:00');
INSERT INTO prices (id, base_price, sale_price, status, created_date, updated_date) VALUES (259, 98, 29.99, 'active', '2025-01-01 00:00:00', '2025-01-01 00:00:00');
INSERT INTO product_variants (id, product_id, color_id, size_id, price_id, material_id, season_id, status, created_date, updated_date) VALUES (259, 41, 5, 9, 259, 1, 1, 'active', '2025-01-01 00:00:00', '2025-01-01 00:00:00');
INSERT INTO prices (id, base_price, sale_price, status, created_date, updated_date) VALUES (260, 98, 29.99, 'active', '2025-01-01 00:00:00', '2025-01-01 00:00:00');
INSERT INTO product_variants (id, product_id, color_id, size_id, price_id, material_id, season_id, status, created_date, updated_date) VALUES (260, 41, 5, 6, 260, 6, 4, 'active', '2025-01-01 00:00:00', '2025-01-01 00:00:00');
INSERT INTO prices (id, base_price, sale_price, status, created_date, updated_date) VALUES (261, 98, 29.99, 'active', '2025-01-01 00:00:00', '2025-01-01 00:00:00');
INSERT INTO product_variants (id, product_id, color_id, size_id, price_id, material_id, season_id, status, created_date, updated_date) VALUES (261, 41, 3, 4, 261, 5, 3, 'active', '2025-01-01 00:00:00', '2025-01-01 00:00:00');
INSERT INTO prices (id, base_price, sale_price, status, created_date, updated_date) VALUES (262, 98, 29.99, 'active', '2025-01-01 00:00:00', '2025-01-01 00:00:00');
INSERT INTO product_variants (id, product_id, color_id, size_id, price_id, material_id, season_id, status, created_date, updated_date) VALUES (262, 41, 3, 8, 262, 4, 1, 'active', '2025-01-01 00:00:00', '2025-01-01 00:00:00');
INSERT INTO prices (id, base_price, sale_price, status, created_date, updated_date) VALUES (263, 98, 29.99, 'active', '2025-01-01 00:00:00', '2025-01-01 00:00:00');
INSERT INTO product_variants (id, product_id, color_id, size_id, price_id, material_id, season_id, status, created_date, updated_date) VALUES (263, 41, 8, 4, 263, 3, 3, 'active', '2025-01-01 00:00:00', '2025-01-01 00:00:00');
INSERT INTO prices (id, base_price, sale_price, status, created_date, updated_date) VALUES (264, 98, 29.99, 'active', '2025-01-01 00:00:00', '2025-01-01 00:00:00');
INSERT INTO product_variants (id, product_id, color_id, size_id, price_id, material_id, season_id, status, created_date, updated_date) VALUES (264, 41, 8, 6, 264, 6, 3, 'active', '2025-01-01 00:00:00', '2025-01-01 00:00:00');
INSERT INTO product (id, name, description, category_id, status, created_date, updated_date, created_by, updated_by) VALUES (42, 'Wool-Blend Oversized Houndstooth Car Coat', 'Description for Wool-Blend Oversized Houndstooth Car Coat', 3, 'active', '2025-01-01 00:00:00', '2025-01-01 00:00:00', 1, 1);
INSERT INTO product_image (id, image_url, display_order, is_primary, product_id, created_date, updated_date) VALUES (272, 'https://www1.assets-gap.com/webcontent/0060/240/246/cn60240246.jpg?q=h&w=1152', 0, 1, 42, '2025-01-01 00:00:00', '2025-01-01 00:00:00');
INSERT INTO product_image (id, image_url, display_order, is_primary, product_id, created_date, updated_date) VALUES (273, 'https://www.gap.com/webcontent/0060/240/176/cn60240176.jpg', 1, 0, 42, '2025-01-01 00:00:00', '2025-01-01 00:00:00');
INSERT INTO product_image (id, image_url, display_order, is_primary, product_id, created_date, updated_date) VALUES (274, 'https://www.gap.com/webcontent/0060/238/566/cn60238566.jpg', 2, 0, 42, '2025-01-01 00:00:00', '2025-01-01 00:00:00');
INSERT INTO product_image (id, image_url, display_order, is_primary, product_id, created_date, updated_date) VALUES (275, 'https://www.gap.com/webcontent/0060/238/575/cn60238575.jpg', 3, 0, 42, '2025-01-01 00:00:00', '2025-01-01 00:00:00');
INSERT INTO product_image (id, image_url, display_order, is_primary, product_id, created_date, updated_date) VALUES (276, 'https://www.gap.com/webcontent/0060/238/588/cn60238588.jpg', 4, 0, 42, '2025-01-01 00:00:00', '2025-01-01 00:00:00');
INSERT INTO product_image (id, image_url, display_order, is_primary, product_id, created_date, updated_date) VALUES (277, 'https://www.gap.com/webcontent/0060/238/676/cn60238676.jpg', 5, 0, 42, '2025-01-01 00:00:00', '2025-01-01 00:00:00');
INSERT INTO prices (id, base_price, sale_price, status, created_date, updated_date) VALUES (265, 268, 199.99, 'active', '2025-01-01 00:00:00', '2025-01-01 00:00:00');
INSERT INTO product_variants (id, product_id, color_id, size_id, price_id, material_id, season_id, status, created_date, updated_date) VALUES (265, 42, 15, 9, 265, 1, 2, 'active', '2025-01-01 00:00:00', '2025-01-01 00:00:00');
INSERT INTO prices (id, base_price, sale_price, status, created_date, updated_date) VALUES (266, 268, 199.99, 'active', '2025-01-01 00:00:00', '2025-01-01 00:00:00');
INSERT INTO product_variants (id, product_id, color_id, size_id, price_id, material_id, season_id, status, created_date, updated_date) VALUES (266, 42, 15, 1, 266, 6, 3, 'active', '2025-01-01 00:00:00', '2025-01-01 00:00:00');
INSERT INTO product (id, name, description, category_id, status, created_date, updated_date, created_by, updated_by) VALUES (43, 'UltraSoft Denim Stripe Cropped Icon Jacket', 'Description for UltraSoft Denim Stripe Cropped Icon Jacket', 3, 'active', '2025-01-01 00:00:00', '2025-01-01 00:00:00', 1, 1);
INSERT INTO product_image (id, image_url, display_order, is_primary, product_id, created_date, updated_date) VALUES (278, 'https://www1.assets-gap.com/webcontent/0057/299/740/cn57299740.jpg?q=h&w=1152', 0, 1, 43, '2025-01-01 00:00:00', '2025-01-01 00:00:00');
INSERT INTO product_image (id, image_url, display_order, is_primary, product_id, created_date, updated_date) VALUES (279, 'https://www.gap.com/webcontent/0057/299/729/cn57299729.jpg', 1, 0, 43, '2025-01-01 00:00:00', '2025-01-01 00:00:00');
INSERT INTO product_image (id, image_url, display_order, is_primary, product_id, created_date, updated_date) VALUES (280, 'https://www.gap.com/webcontent/0057/298/994/cn57298994.jpg', 2, 0, 43, '2025-01-01 00:00:00', '2025-01-01 00:00:00');
INSERT INTO product_image (id, image_url, display_order, is_primary, product_id, created_date, updated_date) VALUES (281, 'https://www.gap.com/webcontent/0057/298/985/cn57298985.jpg', 3, 0, 43, '2025-01-01 00:00:00', '2025-01-01 00:00:00');
INSERT INTO product_image (id, image_url, display_order, is_primary, product_id, created_date, updated_date) VALUES (282, 'https://www.gap.com/webcontent/0057/512/440/cn57512440.jpg', 4, 0, 43, '2025-01-01 00:00:00', '2025-01-01 00:00:00');
INSERT INTO product_image (id, image_url, display_order, is_primary, product_id, created_date, updated_date) VALUES (283, 'https://www.gap.com/webcontent/0057/512/834/cn57512834.jpg', 5, 0, 43, '2025-01-01 00:00:00', '2025-01-01 00:00:00');
INSERT INTO prices (id, base_price, sale_price, status, created_date, updated_date) VALUES (267, 89.95, 29.99, 'active', '2025-01-01 00:00:00', '2025-01-01 00:00:00');
INSERT INTO product_variants (id, product_id, color_id, size_id, price_id, material_id, season_id, status, created_date, updated_date) VALUES (267, 43, 5, 2, 267, 1, 1, 'active', '2025-01-01 00:00:00', '2025-01-01 00:00:00');
INSERT INTO prices (id, base_price, sale_price, status, created_date, updated_date) VALUES (268, 89.95, 29.99, 'active', '2025-01-01 00:00:00', '2025-01-01 00:00:00');
INSERT INTO product_variants (id, product_id, color_id, size_id, price_id, material_id, season_id, status, created_date, updated_date) VALUES (268, 43, 5, 3, 268, 7, 4, 'active', '2025-01-01 00:00:00', '2025-01-01 00:00:00');
INSERT INTO prices (id, base_price, sale_price, status, created_date, updated_date) VALUES (269, 89.95, 29.99, 'active', '2025-01-01 00:00:00', '2025-01-01 00:00:00');
INSERT INTO product_variants (id, product_id, color_id, size_id, price_id, material_id, season_id, status, created_date, updated_date) VALUES (269, 43, 3, 9, 269, 4, 2, 'active', '2025-01-01 00:00:00', '2025-01-01 00:00:00');
INSERT INTO prices (id, base_price, sale_price, status, created_date, updated_date) VALUES (270, 89.95, 29.99, 'active', '2025-01-01 00:00:00', '2025-01-01 00:00:00');
INSERT INTO product_variants (id, product_id, color_id, size_id, price_id, material_id, season_id, status, created_date, updated_date) VALUES (270, 43, 3, 10, 270, 6, 2, 'active', '2025-01-01 00:00:00', '2025-01-01 00:00:00');
INSERT INTO prices (id, base_price, sale_price, status, created_date, updated_date) VALUES (271, 89.95, 29.99, 'active', '2025-01-01 00:00:00', '2025-01-01 00:00:00');
INSERT INTO product_variants (id, product_id, color_id, size_id, price_id, material_id, season_id, status, created_date, updated_date) VALUES (271, 43, 3, 6, 271, 2, 3, 'active', '2025-01-01 00:00:00', '2025-01-01 00:00:00');
INSERT INTO prices (id, base_price, sale_price, status, created_date, updated_date) VALUES (272, 89.95, 29.99, 'active', '2025-01-01 00:00:00', '2025-01-01 00:00:00');
INSERT INTO product_variants (id, product_id, color_id, size_id, price_id, material_id, season_id, status, created_date, updated_date) VALUES (272, 43, 8, 6, 272, 1, 2, 'active', '2025-01-01 00:00:00', '2025-01-01 00:00:00');
INSERT INTO prices (id, base_price, sale_price, status, created_date, updated_date) VALUES (273, 89.95, 29.99, 'active', '2025-01-01 00:00:00', '2025-01-01 00:00:00');
INSERT INTO product_variants (id, product_id, color_id, size_id, price_id, material_id, season_id, status, created_date, updated_date) VALUES (273, 43, 8, 2, 273, 2, 4, 'active', '2025-01-01 00:00:00', '2025-01-01 00:00:00');
INSERT INTO prices (id, base_price, sale_price, status, created_date, updated_date) VALUES (274, 89.95, 29.99, 'active', '2025-01-01 00:00:00', '2025-01-01 00:00:00');
INSERT INTO product_variants (id, product_id, color_id, size_id, price_id, material_id, season_id, status, created_date, updated_date) VALUES (274, 43, 8, 4, 274, 2, 4, 'active', '2025-01-01 00:00:00', '2025-01-01 00:00:00');
INSERT INTO product (id, name, description, category_id, status, created_date, updated_date, created_by, updated_by) VALUES (44, 'Gap × Sandy Liang Reversible Vegan Leather Sherpa Jacket', 'Description for Gap × Sandy Liang Reversible Vegan Leather Sherpa Jacket', 3, 'active', '2025-01-01 00:00:00', '2025-01-01 00:00:00', 1, 1);
INSERT INTO product_image (id, image_url, display_order, is_primary, product_id, created_date, updated_date) VALUES (284, 'https://www1.assets-gap.com/webcontent/0060/514/334/cn60514334.jpg?q=h&w=1152', 0, 1, 44, '2025-01-01 00:00:00', '2025-01-01 00:00:00');
INSERT INTO product_image (id, image_url, display_order, is_primary, product_id, created_date, updated_date) VALUES (285, 'https://www.gap.com/webcontent/0060/514/312/cn60514312.jpg', 1, 0, 44, '2025-01-01 00:00:00', '2025-01-01 00:00:00');
INSERT INTO product_image (id, image_url, display_order, is_primary, product_id, created_date, updated_date) VALUES (286, 'https://www.gap.com/webcontent/0060/769/667/cn60769667.jpg', 2, 0, 44, '2025-01-01 00:00:00', '2025-01-01 00:00:00');
INSERT INTO product_image (id, image_url, display_order, is_primary, product_id, created_date, updated_date) VALUES (287, 'https://www.gap.com/webcontent/0060/769/660/cn60769660.jpg', 3, 0, 44, '2025-01-01 00:00:00', '2025-01-01 00:00:00');
INSERT INTO product_image (id, image_url, display_order, is_primary, product_id, created_date, updated_date) VALUES (288, 'https://www.gap.com/webcontent/0060/660/995/cn60660995.jpg', 4, 0, 44, '2025-01-01 00:00:00', '2025-01-01 00:00:00');
INSERT INTO product_image (id, image_url, display_order, is_primary, product_id, created_date, updated_date) VALUES (289, 'https://www.gap.com/webcontent/0060/659/758/cn60659758.jpg', 5, 0, 44, '2025-01-01 00:00:00', '2025-01-01 00:00:00');
INSERT INTO product_image (id, image_url, display_order, is_primary, product_id, created_date, updated_date) VALUES (290, 'https://www.gap.com/webcontent/0060/671/244/cn60671244.jpg', 6, 0, 44, '2025-01-01 00:00:00', '2025-01-01 00:00:00');
INSERT INTO product_image (id, image_url, display_order, is_primary, product_id, created_date, updated_date) VALUES (291, 'https://www.gap.com/webcontent/0060/674/641/cn60674641.jpg', 7, 0, 44, '2025-01-01 00:00:00', '2025-01-01 00:00:00');
INSERT INTO prices (id, base_price, sale_price, status, created_date, updated_date) VALUES (275, 268, 149.97, 'active', '2025-01-01 00:00:00', '2025-01-01 00:00:00');
INSERT INTO product_variants (id, product_id, color_id, size_id, price_id, material_id, season_id, status, created_date, updated_date) VALUES (275, 44, 4, 1, 275, 1, 3, 'active', '2025-01-01 00:00:00', '2025-01-01 00:00:00');
INSERT INTO prices (id, base_price, sale_price, status, created_date, updated_date) VALUES (276, 268, 149.97, 'active', '2025-01-01 00:00:00', '2025-01-01 00:00:00');
INSERT INTO product_variants (id, product_id, color_id, size_id, price_id, material_id, season_id, status, created_date, updated_date) VALUES (276, 44, 4, 5, 276, 4, 2, 'active', '2025-01-01 00:00:00', '2025-01-01 00:00:00');
INSERT INTO prices (id, base_price, sale_price, status, created_date, updated_date) VALUES (277, 268, 149.97, 'active', '2025-01-01 00:00:00', '2025-01-01 00:00:00');
INSERT INTO product_variants (id, product_id, color_id, size_id, price_id, material_id, season_id, status, created_date, updated_date) VALUES (277, 44, 4, 2, 277, 7, 1, 'active', '2025-01-01 00:00:00', '2025-01-01 00:00:00');
INSERT INTO product (id, name, description, category_id, status, created_date, updated_date, created_by, updated_by) VALUES (45, 'Vegan Patent Leather Heels', 'Description for Vegan Patent Leather Heels', 4, 'active', '2025-01-01 00:00:00', '2025-01-01 00:00:00', 1, 1);
INSERT INTO product_image (id, image_url, display_order, is_primary, product_id, created_date, updated_date) VALUES (292, 'https://www1.assets-gap.com/webcontent/0060/139/423/cn60139423.jpg?q=h&w=1152', 0, 1, 45, '2025-01-01 00:00:00', '2025-01-01 00:00:00');
INSERT INTO product_image (id, image_url, display_order, is_primary, product_id, created_date, updated_date) VALUES (293, 'https://www.gap.com/webcontent/0060/139/404/cn60139404.jpg', 1, 0, 45, '2025-01-01 00:00:00', '2025-01-01 00:00:00');
INSERT INTO product_image (id, image_url, display_order, is_primary, product_id, created_date, updated_date) VALUES (294, 'https://www.gap.com/webcontent/0060/137/897/cn60137897.jpg', 2, 0, 45, '2025-01-01 00:00:00', '2025-01-01 00:00:00');
INSERT INTO product_image (id, image_url, display_order, is_primary, product_id, created_date, updated_date) VALUES (295, 'https://www.gap.com/webcontent/0060/137/905/cn60137905.jpg', 3, 0, 45, '2025-01-01 00:00:00', '2025-01-01 00:00:00');
INSERT INTO product_image (id, image_url, display_order, is_primary, product_id, created_date, updated_date) VALUES (296, 'https://www.gap.com/webcontent/0060/137/907/cn60137907.jpg', 4, 0, 45, '2025-01-01 00:00:00', '2025-01-01 00:00:00');
INSERT INTO product_image (id, image_url, display_order, is_primary, product_id, created_date, updated_date) VALUES (297, 'https://www.gap.com/webcontent/0060/137/919/cn60137919.jpg', 5, 0, 45, '2025-01-01 00:00:00', '2025-01-01 00:00:00');
INSERT INTO prices (id, base_price, sale_price, status, created_date, updated_date) VALUES (278, 69.95, 27, 'active', '2025-01-01 00:00:00', '2025-01-01 00:00:00');
INSERT INTO product_variants (id, product_id, color_id, size_id, price_id, material_id, season_id, status, created_date, updated_date) VALUES (278, 45, 2, 3, 278, 7, 2, 'active', '2025-01-01 00:00:00', '2025-01-01 00:00:00');
INSERT INTO prices (id, base_price, sale_price, status, created_date, updated_date) VALUES (279, 69.95, 27, 'active', '2025-01-01 00:00:00', '2025-01-01 00:00:00');
INSERT INTO product_variants (id, product_id, color_id, size_id, price_id, material_id, season_id, status, created_date, updated_date) VALUES (279, 45, 2, 1, 279, 1, 2, 'active', '2025-01-01 00:00:00', '2025-01-01 00:00:00');
INSERT INTO product (id, name, description, category_id, status, created_date, updated_date, created_by, updated_by) VALUES (46, 'Vegan Suede Loafers', 'Description for Vegan Suede Loafers', 4, 'active', '2025-01-01 00:00:00', '2025-01-01 00:00:00', 1, 1);
INSERT INTO product_image (id, image_url, display_order, is_primary, product_id, created_date, updated_date) VALUES (298, 'https://www1.assets-gap.com/webcontent/0059/680/145/cn59680145.jpg?q=h&w=1152', 0, 1, 46, '2025-01-01 00:00:00', '2025-01-01 00:00:00');
INSERT INTO product_image (id, image_url, display_order, is_primary, product_id, created_date, updated_date) VALUES (299, 'https://www.gap.com/webcontent/0059/680/110/cn59680110.jpg', 1, 0, 46, '2025-01-01 00:00:00', '2025-01-01 00:00:00');
INSERT INTO product_image (id, image_url, display_order, is_primary, product_id, created_date, updated_date) VALUES (300, 'https://www.gap.com/webcontent/0059/679/382/cn59679382.jpg', 2, 0, 46, '2025-01-01 00:00:00', '2025-01-01 00:00:00');
INSERT INTO product_image (id, image_url, display_order, is_primary, product_id, created_date, updated_date) VALUES (301, 'https://www.gap.com/webcontent/0059/679/391/cn59679391.jpg', 3, 0, 46, '2025-01-01 00:00:00', '2025-01-01 00:00:00');
INSERT INTO product_image (id, image_url, display_order, is_primary, product_id, created_date, updated_date) VALUES (302, 'https://www.gap.com/webcontent/0059/679/392/cn59679392.jpg', 4, 0, 46, '2025-01-01 00:00:00', '2025-01-01 00:00:00');
INSERT INTO product_image (id, image_url, display_order, is_primary, product_id, created_date, updated_date) VALUES (303, 'https://www.gap.com/webcontent/0059/679/426/cn59679426.jpg', 5, 0, 46, '2025-01-01 00:00:00', '2025-01-01 00:00:00');
INSERT INTO prices (id, base_price, sale_price, status, created_date, updated_date) VALUES (280, 59.95, 44.99, 'active', '2025-01-01 00:00:00', '2025-01-01 00:00:00');
INSERT INTO product_variants (id, product_id, color_id, size_id, price_id, material_id, season_id, status, created_date, updated_date) VALUES (280, 46, 4, 10, 280, 7, 4, 'active', '2025-01-01 00:00:00', '2025-01-01 00:00:00');
INSERT INTO prices (id, base_price, sale_price, status, created_date, updated_date) VALUES (281, 59.95, 44.99, 'active', '2025-01-01 00:00:00', '2025-01-01 00:00:00');
INSERT INTO product_variants (id, product_id, color_id, size_id, price_id, material_id, season_id, status, created_date, updated_date) VALUES (281, 46, 4, 9, 281, 3, 4, 'active', '2025-01-01 00:00:00', '2025-01-01 00:00:00');
INSERT INTO prices (id, base_price, sale_price, status, created_date, updated_date) VALUES (282, 59.95, 44.99, 'active', '2025-01-01 00:00:00', '2025-01-01 00:00:00');
INSERT INTO product_variants (id, product_id, color_id, size_id, price_id, material_id, season_id, status, created_date, updated_date) VALUES (282, 46, 2, 1, 282, 1, 4, 'active', '2025-01-01 00:00:00', '2025-01-01 00:00:00');
INSERT INTO prices (id, base_price, sale_price, status, created_date, updated_date) VALUES (283, 59.95, 44.99, 'active', '2025-01-01 00:00:00', '2025-01-01 00:00:00');
INSERT INTO product_variants (id, product_id, color_id, size_id, price_id, material_id, season_id, status, created_date, updated_date) VALUES (283, 46, 2, 2, 283, 6, 2, 'active', '2025-01-01 00:00:00', '2025-01-01 00:00:00');
INSERT INTO product (id, name, description, category_id, status, created_date, updated_date, created_by, updated_by) VALUES (47, 'Mary Jane Flats', 'Description for Mary Jane Flats', 4, 'active', '2025-01-01 00:00:00', '2025-01-01 00:00:00', 1, 1);
INSERT INTO product_image (id, image_url, display_order, is_primary, product_id, created_date, updated_date) VALUES (304, 'https://www1.assets-gap.com/webcontent/0060/021/611/cn60021611.jpg?q=h&w=1152', 0, 1, 47, '2025-01-01 00:00:00', '2025-01-01 00:00:00');
INSERT INTO product_image (id, image_url, display_order, is_primary, product_id, created_date, updated_date) VALUES (305, 'https://www.gap.com/webcontent/0060/021/605/cn60021605.jpg', 1, 0, 47, '2025-01-01 00:00:00', '2025-01-01 00:00:00');
INSERT INTO product_image (id, image_url, display_order, is_primary, product_id, created_date, updated_date) VALUES (306, 'https://www.gap.com/webcontent/0060/049/917/cn60049917.jpg', 2, 0, 47, '2025-01-01 00:00:00', '2025-01-01 00:00:00');
INSERT INTO product_image (id, image_url, display_order, is_primary, product_id, created_date, updated_date) VALUES (307, 'https://www.gap.com/webcontent/0060/024/265/cn60024265.jpg', 3, 0, 47, '2025-01-01 00:00:00', '2025-01-01 00:00:00');
INSERT INTO product_image (id, image_url, display_order, is_primary, product_id, created_date, updated_date) VALUES (308, 'https://www.gap.com/webcontent/0060/024/278/cn60024278.jpg', 4, 0, 47, '2025-01-01 00:00:00', '2025-01-01 00:00:00');
INSERT INTO product_image (id, image_url, display_order, is_primary, product_id, created_date, updated_date) VALUES (309, 'https://www.gap.com/webcontent/0060/029/502/cn60029502.jpg', 5, 0, 47, '2025-01-01 00:00:00', '2025-01-01 00:00:00');
INSERT INTO prices (id, base_price, sale_price, status, created_date, updated_date) VALUES (284, 54.95, 21, 'active', '2025-01-01 00:00:00', '2025-01-01 00:00:00');
INSERT INTO product_variants (id, product_id, color_id, size_id, price_id, material_id, season_id, status, created_date, updated_date) VALUES (284, 47, 2, 9, 284, 6, 4, 'active', '2025-01-01 00:00:00', '2025-01-01 00:00:00');
INSERT INTO prices (id, base_price, sale_price, status, created_date, updated_date) VALUES (285, 54.95, 21, 'active', '2025-01-01 00:00:00', '2025-01-01 00:00:00');
INSERT INTO product_variants (id, product_id, color_id, size_id, price_id, material_id, season_id, status, created_date, updated_date) VALUES (285, 47, 2, 10, 285, 6, 1, 'active', '2025-01-01 00:00:00', '2025-01-01 00:00:00');
INSERT INTO prices (id, base_price, sale_price, status, created_date, updated_date) VALUES (286, 54.95, 21, 'active', '2025-01-01 00:00:00', '2025-01-01 00:00:00');
INSERT INTO product_variants (id, product_id, color_id, size_id, price_id, material_id, season_id, status, created_date, updated_date) VALUES (286, 47, 3, 8, 286, 1, 2, 'active', '2025-01-01 00:00:00', '2025-01-01 00:00:00');
INSERT INTO prices (id, base_price, sale_price, status, created_date, updated_date) VALUES (287, 54.95, 21, 'active', '2025-01-01 00:00:00', '2025-01-01 00:00:00');
INSERT INTO product_variants (id, product_id, color_id, size_id, price_id, material_id, season_id, status, created_date, updated_date) VALUES (287, 47, 3, 6, 287, 7, 4, 'active', '2025-01-01 00:00:00', '2025-01-01 00:00:00');
INSERT INTO prices (id, base_price, sale_price, status, created_date, updated_date) VALUES (288, 54.95, 21, 'active', '2025-01-01 00:00:00', '2025-01-01 00:00:00');
INSERT INTO product_variants (id, product_id, color_id, size_id, price_id, material_id, season_id, status, created_date, updated_date) VALUES (288, 47, 3, 1, 288, 7, 1, 'active', '2025-01-01 00:00:00', '2025-01-01 00:00:00');
INSERT INTO product (id, name, description, category_id, status, created_date, updated_date, created_by, updated_by) VALUES (48, 'Kitten Heel Pointy Boots', 'Description for Kitten Heel Pointy Boots', 4, 'active', '2025-01-01 00:00:00', '2025-01-01 00:00:00', 1, 1);
INSERT INTO product_image (id, image_url, display_order, is_primary, product_id, created_date, updated_date) VALUES (310, 'https://www1.assets-gap.com/webcontent/0060/427/494/cn60427494.jpg?q=h&w=1152', 0, 1, 48, '2025-01-01 00:00:00', '2025-01-01 00:00:00');
INSERT INTO product_image (id, image_url, display_order, is_primary, product_id, created_date, updated_date) VALUES (311, 'https://www.gap.com/webcontent/0060/427/485/cn60427485.jpg', 1, 0, 48, '2025-01-01 00:00:00', '2025-01-01 00:00:00');
INSERT INTO product_image (id, image_url, display_order, is_primary, product_id, created_date, updated_date) VALUES (312, 'https://www.gap.com/webcontent/0060/425/112/cn60425112.jpg', 2, 0, 48, '2025-01-01 00:00:00', '2025-01-01 00:00:00');
INSERT INTO product_image (id, image_url, display_order, is_primary, product_id, created_date, updated_date) VALUES (313, 'https://www.gap.com/webcontent/0060/425/205/cn60425205.jpg', 3, 0, 48, '2025-01-01 00:00:00', '2025-01-01 00:00:00');
INSERT INTO product_image (id, image_url, display_order, is_primary, product_id, created_date, updated_date) VALUES (314, 'https://www.gap.com/webcontent/0060/427/534/cn60427534.jpg', 4, 0, 48, '2025-01-01 00:00:00', '2025-01-01 00:00:00');
INSERT INTO product_image (id, image_url, display_order, is_primary, product_id, created_date, updated_date) VALUES (315, 'https://www.gap.com/webcontent/0060/425/332/cn60425332.jpg', 5, 0, 48, '2025-01-01 00:00:00', '2025-01-01 00:00:00');
INSERT INTO prices (id, base_price, sale_price, status, created_date, updated_date) VALUES (289, 98, 39, 'active', '2025-01-01 00:00:00', '2025-01-01 00:00:00');
INSERT INTO product_variants (id, product_id, color_id, size_id, price_id, material_id, season_id, status, created_date, updated_date) VALUES (289, 48, 2, 8, 289, 1, 2, 'active', '2025-01-01 00:00:00', '2025-01-01 00:00:00');
INSERT INTO prices (id, base_price, sale_price, status, created_date, updated_date) VALUES (290, 98, 39, 'active', '2025-01-01 00:00:00', '2025-01-01 00:00:00');
INSERT INTO product_variants (id, product_id, color_id, size_id, price_id, material_id, season_id, status, created_date, updated_date) VALUES (290, 48, 2, 5, 290, 6, 3, 'active', '2025-01-01 00:00:00', '2025-01-01 00:00:00');
INSERT INTO prices (id, base_price, sale_price, status, created_date, updated_date) VALUES (291, 98, 39, 'active', '2025-01-01 00:00:00', '2025-01-01 00:00:00');
INSERT INTO product_variants (id, product_id, color_id, size_id, price_id, material_id, season_id, status, created_date, updated_date) VALUES (291, 48, 4, 5, 291, 5, 1, 'active', '2025-01-01 00:00:00', '2025-01-01 00:00:00');
INSERT INTO prices (id, base_price, sale_price, status, created_date, updated_date) VALUES (292, 98, 39, 'active', '2025-01-01 00:00:00', '2025-01-01 00:00:00');
INSERT INTO product_variants (id, product_id, color_id, size_id, price_id, material_id, season_id, status, created_date, updated_date) VALUES (292, 48, 4, 9, 292, 1, 4, 'active', '2025-01-01 00:00:00', '2025-01-01 00:00:00');
INSERT INTO prices (id, base_price, sale_price, status, created_date, updated_date) VALUES (293, 98, 39, 'active', '2025-01-01 00:00:00', '2025-01-01 00:00:00');
INSERT INTO product_variants (id, product_id, color_id, size_id, price_id, material_id, season_id, status, created_date, updated_date) VALUES (293, 48, 4, 10, 293, 2, 3, 'active', '2025-01-01 00:00:00', '2025-01-01 00:00:00');
INSERT INTO prices (id, base_price, sale_price, status, created_date, updated_date) VALUES (294, 98, 39, 'active', '2025-01-01 00:00:00', '2025-01-01 00:00:00');
INSERT INTO product_variants (id, product_id, color_id, size_id, price_id, material_id, season_id, status, created_date, updated_date) VALUES (294, 48, 12, 9, 294, 1, 4, 'active', '2025-01-01 00:00:00', '2025-01-01 00:00:00');
INSERT INTO prices (id, base_price, sale_price, status, created_date, updated_date) VALUES (295, 98, 39, 'active', '2025-01-01 00:00:00', '2025-01-01 00:00:00');
INSERT INTO product_variants (id, product_id, color_id, size_id, price_id, material_id, season_id, status, created_date, updated_date) VALUES (295, 48, 12, 7, 295, 3, 4, 'active', '2025-01-01 00:00:00', '2025-01-01 00:00:00');
INSERT INTO product (id, name, description, category_id, status, created_date, updated_date, created_by, updated_by) VALUES (49, 'Vegan Suede Loafers', 'Description for Vegan Suede Loafers', 4, 'active', '2025-01-01 00:00:00', '2025-01-01 00:00:00', 1, 1);
INSERT INTO product_image (id, image_url, display_order, is_primary, product_id, created_date, updated_date) VALUES (316, 'https://www1.assets-gap.com/webcontent/0060/127/074/cn60127074.jpg?q=h&w=1152', 0, 1, 49, '2025-01-01 00:00:00', '2025-01-01 00:00:00');
INSERT INTO product_image (id, image_url, display_order, is_primary, product_id, created_date, updated_date) VALUES (317, 'https://www.gap.com/webcontent/0060/127/054/cn60127054.jpg', 1, 0, 49, '2025-01-01 00:00:00', '2025-01-01 00:00:00');
INSERT INTO product_image (id, image_url, display_order, is_primary, product_id, created_date, updated_date) VALUES (318, 'https://www.gap.com/webcontent/0060/124/055/cn60124055.jpg', 2, 0, 49, '2025-01-01 00:00:00', '2025-01-01 00:00:00');
INSERT INTO product_image (id, image_url, display_order, is_primary, product_id, created_date, updated_date) VALUES (319, 'https://www.gap.com/webcontent/0060/124/089/cn60124089.jpg', 3, 0, 49, '2025-01-01 00:00:00', '2025-01-01 00:00:00');
INSERT INTO product_image (id, image_url, display_order, is_primary, product_id, created_date, updated_date) VALUES (320, 'https://www.gap.com/webcontent/0060/124/095/cn60124095.jpg', 4, 0, 49, '2025-01-01 00:00:00', '2025-01-01 00:00:00');
INSERT INTO product_image (id, image_url, display_order, is_primary, product_id, created_date, updated_date) VALUES (321, 'https://www.gap.com/webcontent/0060/124/120/cn60124120.jpg', 5, 0, 49, '2025-01-01 00:00:00', '2025-01-01 00:00:00');
INSERT INTO prices (id, base_price, sale_price, status, created_date, updated_date) VALUES (296, 59.95, 44.99, 'active', '2025-01-01 00:00:00', '2025-01-01 00:00:00');
INSERT INTO product_variants (id, product_id, color_id, size_id, price_id, material_id, season_id, status, created_date, updated_date) VALUES (296, 49, 4, 3, 296, 5, 4, 'active', '2025-01-01 00:00:00', '2025-01-01 00:00:00');
INSERT INTO prices (id, base_price, sale_price, status, created_date, updated_date) VALUES (297, 59.95, 44.99, 'active', '2025-01-01 00:00:00', '2025-01-01 00:00:00');
INSERT INTO product_variants (id, product_id, color_id, size_id, price_id, material_id, season_id, status, created_date, updated_date) VALUES (297, 49, 4, 9, 297, 2, 1, 'active', '2025-01-01 00:00:00', '2025-01-01 00:00:00');
INSERT INTO prices (id, base_price, sale_price, status, created_date, updated_date) VALUES (298, 59.95, 44.99, 'active', '2025-01-01 00:00:00', '2025-01-01 00:00:00');
INSERT INTO product_variants (id, product_id, color_id, size_id, price_id, material_id, season_id, status, created_date, updated_date) VALUES (298, 49, 2, 7, 298, 3, 4, 'active', '2025-01-01 00:00:00', '2025-01-01 00:00:00');
INSERT INTO prices (id, base_price, sale_price, status, created_date, updated_date) VALUES (299, 59.95, 44.99, 'active', '2025-01-01 00:00:00', '2025-01-01 00:00:00');
INSERT INTO product_variants (id, product_id, color_id, size_id, price_id, material_id, season_id, status, created_date, updated_date) VALUES (299, 49, 2, 3, 299, 5, 2, 'active', '2025-01-01 00:00:00', '2025-01-01 00:00:00');
INSERT INTO prices (id, base_price, sale_price, status, created_date, updated_date) VALUES (300, 59.95, 44.99, 'active', '2025-01-01 00:00:00', '2025-01-01 00:00:00');
INSERT INTO product_variants (id, product_id, color_id, size_id, price_id, material_id, season_id, status, created_date, updated_date) VALUES (300, 49, 2, 8, 300, 6, 2, 'active', '2025-01-01 00:00:00', '2025-01-01 00:00:00');
INSERT INTO product (id, name, description, category_id, status, created_date, updated_date, created_by, updated_by) VALUES (50, 'Vegan Suede Ballet Flats', 'Description for Vegan Suede Ballet Flats', 4, 'active', '2025-01-01 00:00:00', '2025-01-01 00:00:00', 1, 1);
INSERT INTO product_image (id, image_url, display_order, is_primary, product_id, created_date, updated_date) VALUES (322, 'https://www1.assets-gap.com/webcontent/0060/234/428/cn60234428.jpg?q=h&w=1152', 0, 1, 50, '2025-01-01 00:00:00', '2025-01-01 00:00:00');
INSERT INTO product_image (id, image_url, display_order, is_primary, product_id, created_date, updated_date) VALUES (323, 'https://www.gap.com/webcontent/0060/234/416/cn60234416.jpg', 1, 0, 50, '2025-01-01 00:00:00', '2025-01-01 00:00:00');
INSERT INTO product_image (id, image_url, display_order, is_primary, product_id, created_date, updated_date) VALUES (324, 'https://www.gap.com/webcontent/0060/233/085/cn60233085.jpg', 2, 0, 50, '2025-01-01 00:00:00', '2025-01-01 00:00:00');
INSERT INTO product_image (id, image_url, display_order, is_primary, product_id, created_date, updated_date) VALUES (325, 'https://www.gap.com/webcontent/0060/233/106/cn60233106.jpg', 3, 0, 50, '2025-01-01 00:00:00', '2025-01-01 00:00:00');
INSERT INTO product_image (id, image_url, display_order, is_primary, product_id, created_date, updated_date) VALUES (326, 'https://www.gap.com/webcontent/0060/233/112/cn60233112.jpg', 4, 0, 50, '2025-01-01 00:00:00', '2025-01-01 00:00:00');
INSERT INTO product_image (id, image_url, display_order, is_primary, product_id, created_date, updated_date) VALUES (327, 'https://www.gap.com/webcontent/0060/233/129/cn60233129.jpg', 5, 0, 50, '2025-01-01 00:00:00', '2025-01-01 00:00:00');
INSERT INTO prices (id, base_price, sale_price, status, created_date, updated_date) VALUES (301, 59.95, 39.99, 'active', '2025-01-01 00:00:00', '2025-01-01 00:00:00');
INSERT INTO product_variants (id, product_id, color_id, size_id, price_id, material_id, season_id, status, created_date, updated_date) VALUES (301, 50, 3, 7, 301, 2, 4, 'active', '2025-01-01 00:00:00', '2025-01-01 00:00:00');
INSERT INTO prices (id, base_price, sale_price, status, created_date, updated_date) VALUES (302, 59.95, 39.99, 'active', '2025-01-01 00:00:00', '2025-01-01 00:00:00');
INSERT INTO product_variants (id, product_id, color_id, size_id, price_id, material_id, season_id, status, created_date, updated_date) VALUES (302, 50, 3, 5, 302, 5, 2, 'active', '2025-01-01 00:00:00', '2025-01-01 00:00:00');
INSERT INTO prices (id, base_price, sale_price, status, created_date, updated_date) VALUES (303, 59.95, 39.99, 'active', '2025-01-01 00:00:00', '2025-01-01 00:00:00');
INSERT INTO product_variants (id, product_id, color_id, size_id, price_id, material_id, season_id, status, created_date, updated_date) VALUES (303, 50, 4, 6, 303, 5, 4, 'active', '2025-01-01 00:00:00', '2025-01-01 00:00:00');
INSERT INTO prices (id, base_price, sale_price, status, created_date, updated_date) VALUES (304, 59.95, 39.99, 'active', '2025-01-01 00:00:00', '2025-01-01 00:00:00');
INSERT INTO product_variants (id, product_id, color_id, size_id, price_id, material_id, season_id, status, created_date, updated_date) VALUES (304, 50, 4, 5, 304, 3, 1, 'active', '2025-01-01 00:00:00', '2025-01-01 00:00:00');
INSERT INTO prices (id, base_price, sale_price, status, created_date, updated_date) VALUES (305, 59.95, 39.99, 'active', '2025-01-01 00:00:00', '2025-01-01 00:00:00');
INSERT INTO product_variants (id, product_id, color_id, size_id, price_id, material_id, season_id, status, created_date, updated_date) VALUES (305, 50, 4, 9, 305, 1, 1, 'active', '2025-01-01 00:00:00', '2025-01-01 00:00:00');
INSERT INTO prices (id, base_price, sale_price, status, created_date, updated_date) VALUES (306, 59.95, 39.99, 'active', '2025-01-01 00:00:00', '2025-01-01 00:00:00');
INSERT INTO product_variants (id, product_id, color_id, size_id, price_id, material_id, season_id, status, created_date, updated_date) VALUES (306, 50, 4, 3, 306, 7, 4, 'active', '2025-01-01 00:00:00', '2025-01-01 00:00:00');
INSERT INTO prices (id, base_price, sale_price, status, created_date, updated_date) VALUES (307, 59.95, 39.99, 'active', '2025-01-01 00:00:00', '2025-01-01 00:00:00');
INSERT INTO product_variants (id, product_id, color_id, size_id, price_id, material_id, season_id, status, created_date, updated_date) VALUES (307, 50, 4, 6, 307, 7, 4, 'active', '2025-01-01 00:00:00', '2025-01-01 00:00:00');
INSERT INTO product (id, name, description, category_id, status, created_date, updated_date, created_by, updated_by) VALUES (51, 'Slingback Kitten Heels', 'Description for Slingback Kitten Heels', 4, 'active', '2025-01-01 00:00:00', '2025-01-01 00:00:00', 1, 1);
INSERT INTO product_image (id, image_url, display_order, is_primary, product_id, created_date, updated_date) VALUES (328, 'https://www1.assets-gap.com/webcontent/0059/662/302/cn59662302.jpg?q=h&w=1152', 0, 1, 51, '2025-01-01 00:00:00', '2025-01-01 00:00:00');
INSERT INTO product_image (id, image_url, display_order, is_primary, product_id, created_date, updated_date) VALUES (329, 'https://www.gap.com/webcontent/0059/662/293/cn59662293.jpg', 1, 0, 51, '2025-01-01 00:00:00', '2025-01-01 00:00:00');
INSERT INTO product_image (id, image_url, display_order, is_primary, product_id, created_date, updated_date) VALUES (330, 'https://www.gap.com/webcontent/0059/662/021/cn59662021.jpg', 2, 0, 51, '2025-01-01 00:00:00', '2025-01-01 00:00:00');
INSERT INTO product_image (id, image_url, display_order, is_primary, product_id, created_date, updated_date) VALUES (331, 'https://www.gap.com/webcontent/0059/662/048/cn59662048.jpg', 3, 0, 51, '2025-01-01 00:00:00', '2025-01-01 00:00:00');
INSERT INTO product_image (id, image_url, display_order, is_primary, product_id, created_date, updated_date) VALUES (332, 'https://www.gap.com/webcontent/0059/662/062/cn59662062.jpg', 4, 0, 51, '2025-01-01 00:00:00', '2025-01-01 00:00:00');
INSERT INTO product_image (id, image_url, display_order, is_primary, product_id, created_date, updated_date) VALUES (333, 'https://www.gap.com/webcontent/0059/662/098/cn59662098.jpg', 5, 0, 51, '2025-01-01 00:00:00', '2025-01-01 00:00:00');
INSERT INTO prices (id, base_price, sale_price, status, created_date, updated_date) VALUES (308, 69.95, 34, 'active', '2025-01-01 00:00:00', '2025-01-01 00:00:00');
INSERT INTO product_variants (id, product_id, color_id, size_id, price_id, material_id, season_id, status, created_date, updated_date) VALUES (308, 51, 2, 1, 308, 7, 3, 'active', '2025-01-01 00:00:00', '2025-01-01 00:00:00');
INSERT INTO prices (id, base_price, sale_price, status, created_date, updated_date) VALUES (309, 69.95, 34, 'active', '2025-01-01 00:00:00', '2025-01-01 00:00:00');
INSERT INTO product_variants (id, product_id, color_id, size_id, price_id, material_id, season_id, status, created_date, updated_date) VALUES (309, 51, 2, 10, 309, 3, 2, 'active', '2025-01-01 00:00:00', '2025-01-01 00:00:00');
INSERT INTO prices (id, base_price, sale_price, status, created_date, updated_date) VALUES (310, 69.95, 34, 'active', '2025-01-01 00:00:00', '2025-01-01 00:00:00');
INSERT INTO product_variants (id, product_id, color_id, size_id, price_id, material_id, season_id, status, created_date, updated_date) VALUES (310, 51, 4, 10, 310, 4, 4, 'active', '2025-01-01 00:00:00', '2025-01-01 00:00:00');
INSERT INTO prices (id, base_price, sale_price, status, created_date, updated_date) VALUES (311, 69.95, 34, 'active', '2025-01-01 00:00:00', '2025-01-01 00:00:00');
INSERT INTO product_variants (id, product_id, color_id, size_id, price_id, material_id, season_id, status, created_date, updated_date) VALUES (311, 51, 4, 7, 311, 7, 1, 'active', '2025-01-01 00:00:00', '2025-01-01 00:00:00');
INSERT INTO prices (id, base_price, sale_price, status, created_date, updated_date) VALUES (312, 69.95, 34, 'active', '2025-01-01 00:00:00', '2025-01-01 00:00:00');
INSERT INTO product_variants (id, product_id, color_id, size_id, price_id, material_id, season_id, status, created_date, updated_date) VALUES (312, 51, 5, 6, 312, 1, 3, 'active', '2025-01-01 00:00:00', '2025-01-01 00:00:00');
INSERT INTO prices (id, base_price, sale_price, status, created_date, updated_date) VALUES (313, 69.95, 34, 'active', '2025-01-01 00:00:00', '2025-01-01 00:00:00');
INSERT INTO product_variants (id, product_id, color_id, size_id, price_id, material_id, season_id, status, created_date, updated_date) VALUES (313, 51, 5, 4, 313, 1, 2, 'active', '2025-01-01 00:00:00', '2025-01-01 00:00:00');
INSERT INTO product (id, name, description, category_id, status, created_date, updated_date, created_by, updated_by) VALUES (52, 'Mary Jane Flats', 'Description for Mary Jane Flats', 4, 'active', '2025-01-01 00:00:00', '2025-01-01 00:00:00', 1, 1);
INSERT INTO product_image (id, image_url, display_order, is_primary, product_id, created_date, updated_date) VALUES (334, 'https://www1.assets-gap.com/webcontent/0060/159/572/cn60159572.jpg?q=h&w=1152', 0, 1, 52, '2025-01-01 00:00:00', '2025-01-01 00:00:00');
INSERT INTO product_image (id, image_url, display_order, is_primary, product_id, created_date, updated_date) VALUES (335, 'https://www.gap.com/webcontent/0060/159/545/cn60159545.jpg', 1, 0, 52, '2025-01-01 00:00:00', '2025-01-01 00:00:00');
INSERT INTO product_image (id, image_url, display_order, is_primary, product_id, created_date, updated_date) VALUES (336, 'https://www.gap.com/webcontent/0060/158/506/cn60158506.jpg', 2, 0, 52, '2025-01-01 00:00:00', '2025-01-01 00:00:00');
INSERT INTO product_image (id, image_url, display_order, is_primary, product_id, created_date, updated_date) VALUES (337, 'https://www.gap.com/webcontent/0060/158/518/cn60158518.jpg', 3, 0, 52, '2025-01-01 00:00:00', '2025-01-01 00:00:00');
INSERT INTO product_image (id, image_url, display_order, is_primary, product_id, created_date, updated_date) VALUES (338, 'https://www.gap.com/webcontent/0060/158/523/cn60158523.jpg', 4, 0, 52, '2025-01-01 00:00:00', '2025-01-01 00:00:00');
INSERT INTO product_image (id, image_url, display_order, is_primary, product_id, created_date, updated_date) VALUES (339, 'https://www.gap.com/webcontent/0060/185/583/cn60185583.jpg', 5, 0, 52, '2025-01-01 00:00:00', '2025-01-01 00:00:00');
INSERT INTO prices (id, base_price, sale_price, status, created_date, updated_date) VALUES (314, 54.95, 21, 'active', '2025-01-01 00:00:00', '2025-01-01 00:00:00');
INSERT INTO product_variants (id, product_id, color_id, size_id, price_id, material_id, season_id, status, created_date, updated_date) VALUES (314, 52, 2, 9, 314, 2, 2, 'active', '2025-01-01 00:00:00', '2025-01-01 00:00:00');
INSERT INTO prices (id, base_price, sale_price, status, created_date, updated_date) VALUES (315, 54.95, 21, 'active', '2025-01-01 00:00:00', '2025-01-01 00:00:00');
INSERT INTO product_variants (id, product_id, color_id, size_id, price_id, material_id, season_id, status, created_date, updated_date) VALUES (315, 52, 2, 2, 315, 2, 4, 'active', '2025-01-01 00:00:00', '2025-01-01 00:00:00');
INSERT INTO prices (id, base_price, sale_price, status, created_date, updated_date) VALUES (316, 54.95, 21, 'active', '2025-01-01 00:00:00', '2025-01-01 00:00:00');
INSERT INTO product_variants (id, product_id, color_id, size_id, price_id, material_id, season_id, status, created_date, updated_date) VALUES (316, 52, 2, 3, 316, 5, 3, 'active', '2025-01-01 00:00:00', '2025-01-01 00:00:00');
INSERT INTO prices (id, base_price, sale_price, status, created_date, updated_date) VALUES (317, 54.95, 21, 'active', '2025-01-01 00:00:00', '2025-01-01 00:00:00');
INSERT INTO product_variants (id, product_id, color_id, size_id, price_id, material_id, season_id, status, created_date, updated_date) VALUES (317, 52, 3, 10, 317, 2, 4, 'active', '2025-01-01 00:00:00', '2025-01-01 00:00:00');
INSERT INTO prices (id, base_price, sale_price, status, created_date, updated_date) VALUES (318, 54.95, 21, 'active', '2025-01-01 00:00:00', '2025-01-01 00:00:00');
INSERT INTO product_variants (id, product_id, color_id, size_id, price_id, material_id, season_id, status, created_date, updated_date) VALUES (318, 52, 3, 3, 318, 2, 3, 'active', '2025-01-01 00:00:00', '2025-01-01 00:00:00');
INSERT INTO prices (id, base_price, sale_price, status, created_date, updated_date) VALUES (319, 54.95, 21, 'active', '2025-01-01 00:00:00', '2025-01-01 00:00:00');
INSERT INTO product_variants (id, product_id, color_id, size_id, price_id, material_id, season_id, status, created_date, updated_date) VALUES (319, 52, 3, 2, 319, 2, 4, 'active', '2025-01-01 00:00:00', '2025-01-01 00:00:00');
INSERT INTO product (id, name, description, category_id, status, created_date, updated_date, created_by, updated_by) VALUES (53, 'Vegan Leather Riding Boots', 'Description for Vegan Leather Riding Boots', 4, 'active', '2025-01-01 00:00:00', '2025-01-01 00:00:00', 1, 1);
INSERT INTO product_image (id, image_url, display_order, is_primary, product_id, created_date, updated_date) VALUES (340, 'https://www1.assets-gap.com/webcontent/0060/427/538/cn60427538.jpg?q=h&w=1152', 0, 1, 53, '2025-01-01 00:00:00', '2025-01-01 00:00:00');
INSERT INTO product_image (id, image_url, display_order, is_primary, product_id, created_date, updated_date) VALUES (341, 'https://www.gap.com/webcontent/0060/427/529/cn60427529.jpg', 1, 0, 53, '2025-01-01 00:00:00', '2025-01-01 00:00:00');
INSERT INTO product_image (id, image_url, display_order, is_primary, product_id, created_date, updated_date) VALUES (342, 'https://www.gap.com/webcontent/0060/425/192/cn60425192.jpg', 2, 0, 53, '2025-01-01 00:00:00', '2025-01-01 00:00:00');
INSERT INTO product_image (id, image_url, display_order, is_primary, product_id, created_date, updated_date) VALUES (343, 'https://www.gap.com/webcontent/0060/425/194/cn60425194.jpg', 3, 0, 53, '2025-01-01 00:00:00', '2025-01-01 00:00:00');
INSERT INTO product_image (id, image_url, display_order, is_primary, product_id, created_date, updated_date) VALUES (344, 'https://www.gap.com/webcontent/0060/425/239/cn60425239.jpg', 4, 0, 53, '2025-01-01 00:00:00', '2025-01-01 00:00:00');
INSERT INTO product_image (id, image_url, display_order, is_primary, product_id, created_date, updated_date) VALUES (345, 'https://www.gap.com/webcontent/0060/425/297/cn60425297.jpg', 5, 0, 53, '2025-01-01 00:00:00', '2025-01-01 00:00:00');
INSERT INTO prices (id, base_price, sale_price, status, created_date, updated_date) VALUES (320, 110, 44, 'active', '2025-01-01 00:00:00', '2025-01-01 00:00:00');
INSERT INTO product_variants (id, product_id, color_id, size_id, price_id, material_id, season_id, status, created_date, updated_date) VALUES (320, 53, 2, 1, 320, 6, 3, 'active', '2025-01-01 00:00:00', '2025-01-01 00:00:00');
INSERT INTO prices (id, base_price, sale_price, status, created_date, updated_date) VALUES (321, 110, 44, 'active', '2025-01-01 00:00:00', '2025-01-01 00:00:00');
INSERT INTO product_variants (id, product_id, color_id, size_id, price_id, material_id, season_id, status, created_date, updated_date) VALUES (321, 53, 2, 6, 321, 5, 3, 'active', '2025-01-01 00:00:00', '2025-01-01 00:00:00');
INSERT INTO prices (id, base_price, sale_price, status, created_date, updated_date) VALUES (322, 110, 44, 'active', '2025-01-01 00:00:00', '2025-01-01 00:00:00');
INSERT INTO product_variants (id, product_id, color_id, size_id, price_id, material_id, season_id, status, created_date, updated_date) VALUES (322, 53, 2, 9, 322, 5, 3, 'active', '2025-01-01 00:00:00', '2025-01-01 00:00:00');
INSERT INTO product (id, name, description, category_id, status, created_date, updated_date, created_by, updated_by) VALUES (54, 'Vegan Suede Ballet Flats', 'Description for Vegan Suede Ballet Flats', 4, 'active', '2025-01-01 00:00:00', '2025-01-01 00:00:00', 1, 1);
INSERT INTO product_image (id, image_url, display_order, is_primary, product_id, created_date, updated_date) VALUES (346, 'https://www1.assets-gap.com/webcontent/0059/672/374/cn59672374.jpg?q=h&w=1152', 0, 1, 54, '2025-01-01 00:00:00', '2025-01-01 00:00:00');
INSERT INTO product_image (id, image_url, display_order, is_primary, product_id, created_date, updated_date) VALUES (347, 'https://www.gap.com/webcontent/0059/672/365/cn59672365.jpg', 1, 0, 54, '2025-01-01 00:00:00', '2025-01-01 00:00:00');
INSERT INTO product_image (id, image_url, display_order, is_primary, product_id, created_date, updated_date) VALUES (348, 'https://www.gap.com/webcontent/0059/669/951/cn59669951.jpg', 2, 0, 54, '2025-01-01 00:00:00', '2025-01-01 00:00:00');
INSERT INTO product_image (id, image_url, display_order, is_primary, product_id, created_date, updated_date) VALUES (349, 'https://www.gap.com/webcontent/0059/763/101/cn59763101.jpg', 3, 0, 54, '2025-01-01 00:00:00', '2025-01-01 00:00:00');
INSERT INTO product_image (id, image_url, display_order, is_primary, product_id, created_date, updated_date) VALUES (350, 'https://www.gap.com/webcontent/0059/669/967/cn59669967.jpg', 4, 0, 54, '2025-01-01 00:00:00', '2025-01-01 00:00:00');
INSERT INTO product_image (id, image_url, display_order, is_primary, product_id, created_date, updated_date) VALUES (351, 'https://www.gap.com/webcontent/0059/669/969/cn59669969.jpg', 5, 0, 54, '2025-01-01 00:00:00', '2025-01-01 00:00:00');
INSERT INTO prices (id, base_price, sale_price, status, created_date, updated_date) VALUES (323, 59.95, 19.99, 'active', '2025-01-01 00:00:00', '2025-01-01 00:00:00');
INSERT INTO product_variants (id, product_id, color_id, size_id, price_id, material_id, season_id, status, created_date, updated_date) VALUES (323, 54, 3, 6, 323, 4, 2, 'active', '2025-01-01 00:00:00', '2025-01-01 00:00:00');
INSERT INTO prices (id, base_price, sale_price, status, created_date, updated_date) VALUES (324, 59.95, 19.99, 'active', '2025-01-01 00:00:00', '2025-01-01 00:00:00');
INSERT INTO product_variants (id, product_id, color_id, size_id, price_id, material_id, season_id, status, created_date, updated_date) VALUES (324, 54, 3, 2, 324, 4, 3, 'active', '2025-01-01 00:00:00', '2025-01-01 00:00:00');
INSERT INTO prices (id, base_price, sale_price, status, created_date, updated_date) VALUES (325, 59.95, 19.99, 'active', '2025-01-01 00:00:00', '2025-01-01 00:00:00');
INSERT INTO product_variants (id, product_id, color_id, size_id, price_id, material_id, season_id, status, created_date, updated_date) VALUES (325, 54, 3, 3, 325, 4, 1, 'active', '2025-01-01 00:00:00', '2025-01-01 00:00:00');
INSERT INTO prices (id, base_price, sale_price, status, created_date, updated_date) VALUES (326, 59.95, 19.99, 'active', '2025-01-01 00:00:00', '2025-01-01 00:00:00');
INSERT INTO product_variants (id, product_id, color_id, size_id, price_id, material_id, season_id, status, created_date, updated_date) VALUES (326, 54, 4, 3, 326, 3, 1, 'active', '2025-01-01 00:00:00', '2025-01-01 00:00:00');
INSERT INTO prices (id, base_price, sale_price, status, created_date, updated_date) VALUES (327, 59.95, 19.99, 'active', '2025-01-01 00:00:00', '2025-01-01 00:00:00');
INSERT INTO product_variants (id, product_id, color_id, size_id, price_id, material_id, season_id, status, created_date, updated_date) VALUES (327, 54, 4, 4, 327, 6, 4, 'active', '2025-01-01 00:00:00', '2025-01-01 00:00:00');
INSERT INTO prices (id, base_price, sale_price, status, created_date, updated_date) VALUES (328, 59.95, 19.99, 'active', '2025-01-01 00:00:00', '2025-01-01 00:00:00');
INSERT INTO product_variants (id, product_id, color_id, size_id, price_id, material_id, season_id, status, created_date, updated_date) VALUES (328, 54, 4, 1, 328, 5, 3, 'active', '2025-01-01 00:00:00', '2025-01-01 00:00:00');
INSERT INTO prices (id, base_price, sale_price, status, created_date, updated_date) VALUES (329, 59.95, 19.99, 'active', '2025-01-01 00:00:00', '2025-01-01 00:00:00');
INSERT INTO product_variants (id, product_id, color_id, size_id, price_id, material_id, season_id, status, created_date, updated_date) VALUES (329, 54, 4, 7, 329, 2, 3, 'active', '2025-01-01 00:00:00', '2025-01-01 00:00:00');
INSERT INTO product (id, name, description, category_id, status, created_date, updated_date, created_by, updated_by) VALUES (55, 'Kitten Heel Pointy Knee High Boots', 'Description for Kitten Heel Pointy Knee High Boots', 4, 'active', '2025-01-01 00:00:00', '2025-01-01 00:00:00', 1, 1);
INSERT INTO product_image (id, image_url, display_order, is_primary, product_id, created_date, updated_date) VALUES (352, 'https://www1.assets-gap.com/webcontent/0060/427/467/cn60427467.jpg?q=h&w=1152', 0, 1, 55, '2025-01-01 00:00:00', '2025-01-01 00:00:00');
INSERT INTO product_image (id, image_url, display_order, is_primary, product_id, created_date, updated_date) VALUES (353, 'https://www.gap.com/webcontent/0060/427/460/cn60427460.jpg', 1, 0, 55, '2025-01-01 00:00:00', '2025-01-01 00:00:00');
INSERT INTO product_image (id, image_url, display_order, is_primary, product_id, created_date, updated_date) VALUES (354, 'https://www.gap.com/webcontent/0060/425/101/cn60425101.jpg', 2, 0, 55, '2025-01-01 00:00:00', '2025-01-01 00:00:00');
INSERT INTO product_image (id, image_url, display_order, is_primary, product_id, created_date, updated_date) VALUES (355, 'https://www.gap.com/webcontent/0060/425/154/cn60425154.jpg', 3, 0, 55, '2025-01-01 00:00:00', '2025-01-01 00:00:00');
INSERT INTO product_image (id, image_url, display_order, is_primary, product_id, created_date, updated_date) VALUES (356, 'https://www.gap.com/webcontent/0060/425/252/cn60425252.jpg', 4, 0, 55, '2025-01-01 00:00:00', '2025-01-01 00:00:00');
INSERT INTO product_image (id, image_url, display_order, is_primary, product_id, created_date, updated_date) VALUES (357, 'https://www.gap.com/webcontent/0060/425/347/cn60425347.jpg', 5, 0, 55, '2025-01-01 00:00:00', '2025-01-01 00:00:00');
INSERT INTO prices (id, base_price, sale_price, status, created_date, updated_date) VALUES (330, 118, 47, 'active', '2025-01-01 00:00:00', '2025-01-01 00:00:00');
INSERT INTO product_variants (id, product_id, color_id, size_id, price_id, material_id, season_id, status, created_date, updated_date) VALUES (330, 55, 2, 5, 330, 3, 4, 'active', '2025-01-01 00:00:00', '2025-01-01 00:00:00');
INSERT INTO prices (id, base_price, sale_price, status, created_date, updated_date) VALUES (331, 118, 47, 'active', '2025-01-01 00:00:00', '2025-01-01 00:00:00');
INSERT INTO product_variants (id, product_id, color_id, size_id, price_id, material_id, season_id, status, created_date, updated_date) VALUES (331, 55, 2, 10, 331, 7, 4, 'active', '2025-01-01 00:00:00', '2025-01-01 00:00:00');
INSERT INTO prices (id, base_price, sale_price, status, created_date, updated_date) VALUES (332, 118, 47, 'active', '2025-01-01 00:00:00', '2025-01-01 00:00:00');
INSERT INTO product_variants (id, product_id, color_id, size_id, price_id, material_id, season_id, status, created_date, updated_date) VALUES (332, 55, 2, 4, 332, 1, 4, 'active', '2025-01-01 00:00:00', '2025-01-01 00:00:00');
INSERT INTO prices (id, base_price, sale_price, status, created_date, updated_date) VALUES (333, 118, 47, 'active', '2025-01-01 00:00:00', '2025-01-01 00:00:00');
INSERT INTO product_variants (id, product_id, color_id, size_id, price_id, material_id, season_id, status, created_date, updated_date) VALUES (333, 55, 4, 7, 333, 5, 2, 'active', '2025-01-01 00:00:00', '2025-01-01 00:00:00');
INSERT INTO prices (id, base_price, sale_price, status, created_date, updated_date) VALUES (334, 118, 47, 'active', '2025-01-01 00:00:00', '2025-01-01 00:00:00');
INSERT INTO product_variants (id, product_id, color_id, size_id, price_id, material_id, season_id, status, created_date, updated_date) VALUES (334, 55, 4, 1, 334, 3, 4, 'active', '2025-01-01 00:00:00', '2025-01-01 00:00:00');
INSERT INTO product (id, name, description, category_id, status, created_date, updated_date, created_by, updated_by) VALUES (56, 'Sherpa Slippers', 'Description for Sherpa Slippers', 4, 'active', '2025-01-01 00:00:00', '2025-01-01 00:00:00', 1, 1);
INSERT INTO product_image (id, image_url, display_order, is_primary, product_id, created_date, updated_date) VALUES (358, 'https://www1.assets-gap.com/webcontent/0060/377/447/cn60377447.jpg?q=h&w=1152', 0, 1, 56, '2025-01-01 00:00:00', '2025-01-01 00:00:00');
INSERT INTO prices (id, base_price, sale_price, status, created_date, updated_date) VALUES (335, 39.95, 15, 'active', '2025-01-01 00:00:00', '2025-01-01 00:00:00');
INSERT INTO product_variants (id, product_id, color_id, size_id, price_id, material_id, season_id, status, created_date, updated_date) VALUES (335, 56, 4, 5, 335, 7, 4, 'active', '2025-01-01 00:00:00', '2025-01-01 00:00:00');
INSERT INTO prices (id, base_price, sale_price, status, created_date, updated_date) VALUES (336, 39.95, 15, 'active', '2025-01-01 00:00:00', '2025-01-01 00:00:00');
INSERT INTO product_variants (id, product_id, color_id, size_id, price_id, material_id, season_id, status, created_date, updated_date) VALUES (336, 56, 4, 9, 336, 1, 2, 'active', '2025-01-01 00:00:00', '2025-01-01 00:00:00');
INSERT INTO prices (id, base_price, sale_price, status, created_date, updated_date) VALUES (337, 39.95, 15, 'active', '2025-01-01 00:00:00', '2025-01-01 00:00:00');
INSERT INTO product_variants (id, product_id, color_id, size_id, price_id, material_id, season_id, status, created_date, updated_date) VALUES (337, 56, 4, 7, 337, 5, 1, 'active', '2025-01-01 00:00:00', '2025-01-01 00:00:00');
INSERT INTO product (id, name, description, category_id, status, created_date, updated_date, created_by, updated_by) VALUES (57, 'Vegan Leather Lug Sole Tall Boots', 'Description for Vegan Leather Lug Sole Tall Boots', 4, 'active', '2025-01-01 00:00:00', '2025-01-01 00:00:00', 1, 1);
INSERT INTO product_image (id, image_url, display_order, is_primary, product_id, created_date, updated_date) VALUES (359, 'https://www1.assets-gap.com/webcontent/0060/427/517/cn60427517.jpg?q=h&w=1152', 0, 1, 57, '2025-01-01 00:00:00', '2025-01-01 00:00:00');
INSERT INTO product_image (id, image_url, display_order, is_primary, product_id, created_date, updated_date) VALUES (360, 'https://www.gap.com/webcontent/0060/427/506/cn60427506.jpg', 1, 0, 57, '2025-01-01 00:00:00', '2025-01-01 00:00:00');
INSERT INTO product_image (id, image_url, display_order, is_primary, product_id, created_date, updated_date) VALUES (361, 'https://www.gap.com/webcontent/0060/425/184/cn60425184.jpg', 2, 0, 57, '2025-01-01 00:00:00', '2025-01-01 00:00:00');
INSERT INTO product_image (id, image_url, display_order, is_primary, product_id, created_date, updated_date) VALUES (362, 'https://www.gap.com/webcontent/0060/425/221/cn60425221.jpg', 3, 0, 57, '2025-01-01 00:00:00', '2025-01-01 00:00:00');
INSERT INTO product_image (id, image_url, display_order, is_primary, product_id, created_date, updated_date) VALUES (363, 'https://www.gap.com/webcontent/0060/425/274/cn60425274.jpg', 4, 0, 57, '2025-01-01 00:00:00', '2025-01-01 00:00:00');
INSERT INTO product_image (id, image_url, display_order, is_primary, product_id, created_date, updated_date) VALUES (364, 'https://www.gap.com/webcontent/0060/427/127/cn60427127.jpg', 5, 0, 57, '2025-01-01 00:00:00', '2025-01-01 00:00:00');
INSERT INTO prices (id, base_price, sale_price, status, created_date, updated_date) VALUES (338, 118, 59, 'active', '2025-01-01 00:00:00', '2025-01-01 00:00:00');
INSERT INTO product_variants (id, product_id, color_id, size_id, price_id, material_id, season_id, status, created_date, updated_date) VALUES (338, 57, 4, 8, 338, 3, 4, 'active', '2025-01-01 00:00:00', '2025-01-01 00:00:00');
INSERT INTO prices (id, base_price, sale_price, status, created_date, updated_date) VALUES (339, 118, 59, 'active', '2025-01-01 00:00:00', '2025-01-01 00:00:00');
INSERT INTO product_variants (id, product_id, color_id, size_id, price_id, material_id, season_id, status, created_date, updated_date) VALUES (339, 57, 4, 3, 339, 7, 4, 'active', '2025-01-01 00:00:00', '2025-01-01 00:00:00');
INSERT INTO prices (id, base_price, sale_price, status, created_date, updated_date) VALUES (340, 118, 59, 'active', '2025-01-01 00:00:00', '2025-01-01 00:00:00');
INSERT INTO product_variants (id, product_id, color_id, size_id, price_id, material_id, season_id, status, created_date, updated_date) VALUES (340, 57, 4, 7, 340, 5, 2, 'active', '2025-01-01 00:00:00', '2025-01-01 00:00:00');
INSERT INTO prices (id, base_price, sale_price, status, created_date, updated_date) VALUES (341, 118, 59, 'active', '2025-01-01 00:00:00', '2025-01-01 00:00:00');
INSERT INTO product_variants (id, product_id, color_id, size_id, price_id, material_id, season_id, status, created_date, updated_date) VALUES (341, 57, 2, 8, 341, 5, 1, 'active', '2025-01-01 00:00:00', '2025-01-01 00:00:00');
INSERT INTO prices (id, base_price, sale_price, status, created_date, updated_date) VALUES (342, 118, 59, 'active', '2025-01-01 00:00:00', '2025-01-01 00:00:00');
INSERT INTO product_variants (id, product_id, color_id, size_id, price_id, material_id, season_id, status, created_date, updated_date) VALUES (342, 57, 2, 10, 342, 4, 2, 'active', '2025-01-01 00:00:00', '2025-01-01 00:00:00');
INSERT INTO product (id, name, description, category_id, status, created_date, updated_date, created_by, updated_by) VALUES (58, 'Faux Fur Slippers', 'Description for Faux Fur Slippers', 4, 'active', '2025-01-01 00:00:00', '2025-01-01 00:00:00', 1, 1);
INSERT INTO product_image (id, image_url, display_order, is_primary, product_id, created_date, updated_date) VALUES (365, 'https://www1.assets-gap.com/webcontent/0060/498/266/cn60498266.jpg?q=h&w=1152', 0, 1, 58, '2025-01-01 00:00:00', '2025-01-01 00:00:00');
INSERT INTO product_image (id, image_url, display_order, is_primary, product_id, created_date, updated_date) VALUES (366, 'https://www.gap.com/webcontent/0060/498/261/cn60498261.jpg', 1, 0, 58, '2025-01-01 00:00:00', '2025-01-01 00:00:00');
INSERT INTO product_image (id, image_url, display_order, is_primary, product_id, created_date, updated_date) VALUES (367, 'https://www.gap.com/webcontent/0060/498/274/cn60498274.jpg', 2, 0, 58, '2025-01-01 00:00:00', '2025-01-01 00:00:00');
INSERT INTO product_image (id, image_url, display_order, is_primary, product_id, created_date, updated_date) VALUES (368, 'https://www.gap.com/webcontent/0060/498/293/cn60498293.jpg', 3, 0, 58, '2025-01-01 00:00:00', '2025-01-01 00:00:00');
INSERT INTO product_image (id, image_url, display_order, is_primary, product_id, created_date, updated_date) VALUES (369, 'https://www.gap.com/webcontent/0060/498/309/cn60498309.jpg', 4, 0, 58, '2025-01-01 00:00:00', '2025-01-01 00:00:00');
INSERT INTO product_image (id, image_url, display_order, is_primary, product_id, created_date, updated_date) VALUES (370, 'https://www.gap.com/webcontent/0060/498/322/cn60498322.jpg', 5, 0, 58, '2025-01-01 00:00:00', '2025-01-01 00:00:00');
INSERT INTO prices (id, base_price, sale_price, status, created_date, updated_date) VALUES (343, 49.95, 19, 'active', '2025-01-01 00:00:00', '2025-01-01 00:00:00');
INSERT INTO product_variants (id, product_id, color_id, size_id, price_id, material_id, season_id, status, created_date, updated_date) VALUES (343, 58, 2, 4, 343, 3, 4, 'active', '2025-01-01 00:00:00', '2025-01-01 00:00:00');
INSERT INTO prices (id, base_price, sale_price, status, created_date, updated_date) VALUES (344, 49.95, 19, 'active', '2025-01-01 00:00:00', '2025-01-01 00:00:00');
INSERT INTO product_variants (id, product_id, color_id, size_id, price_id, material_id, season_id, status, created_date, updated_date) VALUES (344, 58, 2, 2, 344, 6, 1, 'active', '2025-01-01 00:00:00', '2025-01-01 00:00:00');
INSERT INTO prices (id, base_price, sale_price, status, created_date, updated_date) VALUES (345, 49.95, 19, 'active', '2025-01-01 00:00:00', '2025-01-01 00:00:00');
INSERT INTO product_variants (id, product_id, color_id, size_id, price_id, material_id, season_id, status, created_date, updated_date) VALUES (345, 58, 2, 6, 345, 2, 2, 'active', '2025-01-01 00:00:00', '2025-01-01 00:00:00');
INSERT INTO prices (id, base_price, sale_price, status, created_date, updated_date) VALUES (346, 49.95, 19, 'active', '2025-01-01 00:00:00', '2025-01-01 00:00:00');
INSERT INTO product_variants (id, product_id, color_id, size_id, price_id, material_id, season_id, status, created_date, updated_date) VALUES (346, 58, 4, 9, 346, 1, 1, 'active', '2025-01-01 00:00:00', '2025-01-01 00:00:00');
INSERT INTO prices (id, base_price, sale_price, status, created_date, updated_date) VALUES (347, 49.95, 19, 'active', '2025-01-01 00:00:00', '2025-01-01 00:00:00');
INSERT INTO product_variants (id, product_id, color_id, size_id, price_id, material_id, season_id, status, created_date, updated_date) VALUES (347, 58, 4, 1, 347, 7, 4, 'active', '2025-01-01 00:00:00', '2025-01-01 00:00:00');
INSERT INTO product (id, name, description, category_id, status, created_date, updated_date, created_by, updated_by) VALUES (59, 'Kids Moc Sneakers', 'Description for Kids Moc Sneakers', 4, 'active', '2025-01-01 00:00:00', '2025-01-01 00:00:00', 1, 1);
INSERT INTO product_image (id, image_url, display_order, is_primary, product_id, created_date, updated_date) VALUES (371, 'https://www1.assets-gap.com/webcontent/0057/143/685/cn57143685.jpg?q=h&w=1152', 0, 1, 59, '2025-01-01 00:00:00', '2025-01-01 00:00:00');
INSERT INTO product_image (id, image_url, display_order, is_primary, product_id, created_date, updated_date) VALUES (372, 'https://www.gap.com/webcontent/0057/143/680/cn57143680.jpg', 1, 0, 59, '2025-01-01 00:00:00', '2025-01-01 00:00:00');
INSERT INTO product_image (id, image_url, display_order, is_primary, product_id, created_date, updated_date) VALUES (373, 'https://www.gap.com/webcontent/0057/143/025/cn57143025.jpg', 2, 0, 59, '2025-01-01 00:00:00', '2025-01-01 00:00:00');
INSERT INTO product_image (id, image_url, display_order, is_primary, product_id, created_date, updated_date) VALUES (374, 'https://www.gap.com/webcontent/0057/143/074/cn57143074.jpg', 3, 0, 59, '2025-01-01 00:00:00', '2025-01-01 00:00:00');
INSERT INTO product_image (id, image_url, display_order, is_primary, product_id, created_date, updated_date) VALUES (375, 'https://www.gap.com/webcontent/0057/143/065/cn57143065.jpg', 4, 0, 59, '2025-01-01 00:00:00', '2025-01-01 00:00:00');
INSERT INTO product_image (id, image_url, display_order, is_primary, product_id, created_date, updated_date) VALUES (376, 'https://www.gap.com/webcontent/0057/143/075/cn57143075.jpg', 5, 0, 59, '2025-01-01 00:00:00', '2025-01-01 00:00:00');
INSERT INTO prices (id, base_price, sale_price, status, created_date, updated_date) VALUES (348, 44.95, 19.99, 'active', '2025-01-01 00:00:00', '2025-01-01 00:00:00');
INSERT INTO product_variants (id, product_id, color_id, size_id, price_id, material_id, season_id, status, created_date, updated_date) VALUES (348, 59, 5, 2, 348, 1, 4, 'active', '2025-01-01 00:00:00', '2025-01-01 00:00:00');
INSERT INTO prices (id, base_price, sale_price, status, created_date, updated_date) VALUES (349, 44.95, 19.99, 'active', '2025-01-01 00:00:00', '2025-01-01 00:00:00');
INSERT INTO product_variants (id, product_id, color_id, size_id, price_id, material_id, season_id, status, created_date, updated_date) VALUES (349, 59, 5, 10, 349, 7, 4, 'active', '2025-01-01 00:00:00', '2025-01-01 00:00:00');
INSERT INTO prices (id, base_price, sale_price, status, created_date, updated_date) VALUES (350, 44.95, 19.99, 'active', '2025-01-01 00:00:00', '2025-01-01 00:00:00');
INSERT INTO product_variants (id, product_id, color_id, size_id, price_id, material_id, season_id, status, created_date, updated_date) VALUES (350, 59, 5, 7, 350, 5, 2, 'active', '2025-01-01 00:00:00', '2025-01-01 00:00:00');
INSERT INTO prices (id, base_price, sale_price, status, created_date, updated_date) VALUES (351, 44.95, 19.99, 'active', '2025-01-01 00:00:00', '2025-01-01 00:00:00');
INSERT INTO product_variants (id, product_id, color_id, size_id, price_id, material_id, season_id, status, created_date, updated_date) VALUES (351, 59, 5, 10, 351, 4, 4, 'active', '2025-01-01 00:00:00', '2025-01-01 00:00:00');
INSERT INTO prices (id, base_price, sale_price, status, created_date, updated_date) VALUES (352, 44.95, 19.99, 'active', '2025-01-01 00:00:00', '2025-01-01 00:00:00');
INSERT INTO product_variants (id, product_id, color_id, size_id, price_id, material_id, season_id, status, created_date, updated_date) VALUES (352, 59, 5, 5, 352, 5, 3, 'active', '2025-01-01 00:00:00', '2025-01-01 00:00:00');
INSERT INTO product (id, name, description, category_id, status, created_date, updated_date, created_by, updated_by) VALUES (60, 'Slingback Kitten Heels', 'Description for Slingback Kitten Heels', 4, 'active', '2025-01-01 00:00:00', '2025-01-01 00:00:00', 1, 1);
INSERT INTO product_image (id, image_url, display_order, is_primary, product_id, created_date, updated_date) VALUES (377, 'https://www1.assets-gap.com/webcontent/0059/662/324/cn59662324.jpg?q=h&w=1152', 0, 1, 60, '2025-01-01 00:00:00', '2025-01-01 00:00:00');
INSERT INTO product_image (id, image_url, display_order, is_primary, product_id, created_date, updated_date) VALUES (378, 'https://www.gap.com/webcontent/0059/662/314/cn59662314.jpg', 1, 0, 60, '2025-01-01 00:00:00', '2025-01-01 00:00:00');
INSERT INTO product_image (id, image_url, display_order, is_primary, product_id, created_date, updated_date) VALUES (379, 'https://www.gap.com/webcontent/0059/662/050/cn59662050.jpg', 2, 0, 60, '2025-01-01 00:00:00', '2025-01-01 00:00:00');
INSERT INTO product_image (id, image_url, display_order, is_primary, product_id, created_date, updated_date) VALUES (380, 'https://www.gap.com/webcontent/0059/662/056/cn59662056.jpg', 3, 0, 60, '2025-01-01 00:00:00', '2025-01-01 00:00:00');
INSERT INTO product_image (id, image_url, display_order, is_primary, product_id, created_date, updated_date) VALUES (381, 'https://www.gap.com/webcontent/0059/662/082/cn59662082.jpg', 4, 0, 60, '2025-01-01 00:00:00', '2025-01-01 00:00:00');
INSERT INTO product_image (id, image_url, display_order, is_primary, product_id, created_date, updated_date) VALUES (382, 'https://www.gap.com/webcontent/0059/662/104/cn59662104.jpg', 5, 0, 60, '2025-01-01 00:00:00', '2025-01-01 00:00:00');
INSERT INTO prices (id, base_price, sale_price, status, created_date, updated_date) VALUES (353, 69.95, 34, 'active', '2025-01-01 00:00:00', '2025-01-01 00:00:00');
INSERT INTO product_variants (id, product_id, color_id, size_id, price_id, material_id, season_id, status, created_date, updated_date) VALUES (353, 60, 2, 2, 353, 6, 4, 'active', '2025-01-01 00:00:00', '2025-01-01 00:00:00');
INSERT INTO prices (id, base_price, sale_price, status, created_date, updated_date) VALUES (354, 69.95, 34, 'active', '2025-01-01 00:00:00', '2025-01-01 00:00:00');
INSERT INTO product_variants (id, product_id, color_id, size_id, price_id, material_id, season_id, status, created_date, updated_date) VALUES (354, 60, 2, 8, 354, 6, 2, 'active', '2025-01-01 00:00:00', '2025-01-01 00:00:00');
INSERT INTO prices (id, base_price, sale_price, status, created_date, updated_date) VALUES (355, 69.95, 34, 'active', '2025-01-01 00:00:00', '2025-01-01 00:00:00');
INSERT INTO product_variants (id, product_id, color_id, size_id, price_id, material_id, season_id, status, created_date, updated_date) VALUES (355, 60, 4, 5, 355, 2, 2, 'active', '2025-01-01 00:00:00', '2025-01-01 00:00:00');
INSERT INTO prices (id, base_price, sale_price, status, created_date, updated_date) VALUES (356, 69.95, 34, 'active', '2025-01-01 00:00:00', '2025-01-01 00:00:00');
INSERT INTO product_variants (id, product_id, color_id, size_id, price_id, material_id, season_id, status, created_date, updated_date) VALUES (356, 60, 4, 3, 356, 2, 3, 'active', '2025-01-01 00:00:00', '2025-01-01 00:00:00');
INSERT INTO prices (id, base_price, sale_price, status, created_date, updated_date) VALUES (357, 69.95, 34, 'active', '2025-01-01 00:00:00', '2025-01-01 00:00:00');
INSERT INTO product_variants (id, product_id, color_id, size_id, price_id, material_id, season_id, status, created_date, updated_date) VALUES (357, 60, 4, 10, 357, 3, 1, 'active', '2025-01-01 00:00:00', '2025-01-01 00:00:00');
INSERT INTO prices (id, base_price, sale_price, status, created_date, updated_date) VALUES (358, 69.95, 34, 'active', '2025-01-01 00:00:00', '2025-01-01 00:00:00');
INSERT INTO product_variants (id, product_id, color_id, size_id, price_id, material_id, season_id, status, created_date, updated_date) VALUES (358, 60, 5, 9, 358, 7, 2, 'active', '2025-01-01 00:00:00', '2025-01-01 00:00:00');
INSERT INTO prices (id, base_price, sale_price, status, created_date, updated_date) VALUES (359, 69.95, 34, 'active', '2025-01-01 00:00:00', '2025-01-01 00:00:00');
INSERT INTO product_variants (id, product_id, color_id, size_id, price_id, material_id, season_id, status, created_date, updated_date) VALUES (359, 60, 5, 3, 359, 6, 3, 'active', '2025-01-01 00:00:00', '2025-01-01 00:00:00');
INSERT INTO product (id, name, description, category_id, status, created_date, updated_date, created_by, updated_by) VALUES (61, 'Toddler Buckle Cork Sandals', 'Description for Toddler Buckle Cork Sandals', 4, 'active', '2025-01-01 00:00:00', '2025-01-01 00:00:00', 1, 1);
INSERT INTO product_image (id, image_url, display_order, is_primary, product_id, created_date, updated_date) VALUES (383, 'https://www1.assets-gap.com/webcontent/0057/324/034/cn57324034.jpg?q=h&w=1152', 0, 1, 61, '2025-01-01 00:00:00', '2025-01-01 00:00:00');
INSERT INTO product_image (id, image_url, display_order, is_primary, product_id, created_date, updated_date) VALUES (384, 'https://www.gap.com/webcontent/0057/324/025/cn57324025.jpg', 1, 0, 61, '2025-01-01 00:00:00', '2025-01-01 00:00:00');
INSERT INTO product_image (id, image_url, display_order, is_primary, product_id, created_date, updated_date) VALUES (385, 'https://www.gap.com/webcontent/0057/324/048/cn57324048.jpg', 2, 0, 61, '2025-01-01 00:00:00', '2025-01-01 00:00:00');
INSERT INTO product_image (id, image_url, display_order, is_primary, product_id, created_date, updated_date) VALUES (386, 'https://www.gap.com/webcontent/0057/322/798/cn57322798.jpg', 3, 0, 61, '2025-01-01 00:00:00', '2025-01-01 00:00:00');
INSERT INTO product_image (id, image_url, display_order, is_primary, product_id, created_date, updated_date) VALUES (387, 'https://www.gap.com/webcontent/0057/324/051/cn57324051.jpg', 4, 0, 61, '2025-01-01 00:00:00', '2025-01-01 00:00:00');
INSERT INTO product_image (id, image_url, display_order, is_primary, product_id, created_date, updated_date) VALUES (388, 'https://www.gap.com/webcontent/0057/324/059/cn57324059.jpg', 5, 0, 61, '2025-01-01 00:00:00', '2025-01-01 00:00:00');
INSERT INTO prices (id, base_price, sale_price, status, created_date, updated_date) VALUES (360, 34.95, 14.99, 'active', '2025-01-01 00:00:00', '2025-01-01 00:00:00');
INSERT INTO product_variants (id, product_id, color_id, size_id, price_id, material_id, season_id, status, created_date, updated_date) VALUES (360, 61, 3, 2, 360, 6, 2, 'active', '2025-01-01 00:00:00', '2025-01-01 00:00:00');
INSERT INTO prices (id, base_price, sale_price, status, created_date, updated_date) VALUES (361, 34.95, 14.99, 'active', '2025-01-01 00:00:00', '2025-01-01 00:00:00');
INSERT INTO product_variants (id, product_id, color_id, size_id, price_id, material_id, season_id, status, created_date, updated_date) VALUES (361, 61, 3, 1, 361, 3, 2, 'active', '2025-01-01 00:00:00', '2025-01-01 00:00:00');
INSERT INTO prices (id, base_price, sale_price, status, created_date, updated_date) VALUES (362, 34.95, 14.99, 'active', '2025-01-01 00:00:00', '2025-01-01 00:00:00');
INSERT INTO product_variants (id, product_id, color_id, size_id, price_id, material_id, season_id, status, created_date, updated_date) VALUES (362, 61, 3, 9, 362, 5, 1, 'active', '2025-01-01 00:00:00', '2025-01-01 00:00:00');
INSERT INTO prices (id, base_price, sale_price, status, created_date, updated_date) VALUES (363, 34.95, 14.99, 'active', '2025-01-01 00:00:00', '2025-01-01 00:00:00');
INSERT INTO product_variants (id, product_id, color_id, size_id, price_id, material_id, season_id, status, created_date, updated_date) VALUES (363, 61, 13, 3, 363, 7, 1, 'active', '2025-01-01 00:00:00', '2025-01-01 00:00:00');
INSERT INTO prices (id, base_price, sale_price, status, created_date, updated_date) VALUES (364, 34.95, 14.99, 'active', '2025-01-01 00:00:00', '2025-01-01 00:00:00');
INSERT INTO product_variants (id, product_id, color_id, size_id, price_id, material_id, season_id, status, created_date, updated_date) VALUES (364, 61, 13, 10, 364, 6, 4, 'active', '2025-01-01 00:00:00', '2025-01-01 00:00:00');
INSERT INTO product (id, name, description, category_id, status, created_date, updated_date, created_by, updated_by) VALUES (62, 'Slingback Kitten Heels', 'Description for Slingback Kitten Heels', 4, 'active', '2025-01-01 00:00:00', '2025-01-01 00:00:00', 1, 1);
INSERT INTO product_image (id, image_url, display_order, is_primary, product_id, created_date, updated_date) VALUES (389, 'https://www1.assets-gap.com/webcontent/0059/662/315/cn59662315.jpg?q=h&w=1152', 0, 1, 62, '2025-01-01 00:00:00', '2025-01-01 00:00:00');
INSERT INTO product_image (id, image_url, display_order, is_primary, product_id, created_date, updated_date) VALUES (390, 'https://www.gap.com/webcontent/0059/662/305/cn59662305.jpg', 1, 0, 62, '2025-01-01 00:00:00', '2025-01-01 00:00:00');
INSERT INTO product_image (id, image_url, display_order, is_primary, product_id, created_date, updated_date) VALUES (391, 'https://www.gap.com/webcontent/0059/662/029/cn59662029.jpg', 2, 0, 62, '2025-01-01 00:00:00', '2025-01-01 00:00:00');
INSERT INTO product_image (id, image_url, display_order, is_primary, product_id, created_date, updated_date) VALUES (392, 'https://www.gap.com/webcontent/0059/662/053/cn59662053.jpg', 3, 0, 62, '2025-01-01 00:00:00', '2025-01-01 00:00:00');
INSERT INTO product_image (id, image_url, display_order, is_primary, product_id, created_date, updated_date) VALUES (393, 'https://www.gap.com/webcontent/0059/662/057/cn59662057.jpg', 4, 0, 62, '2025-01-01 00:00:00', '2025-01-01 00:00:00');
INSERT INTO product_image (id, image_url, display_order, is_primary, product_id, created_date, updated_date) VALUES (394, 'https://www.gap.com/webcontent/0059/662/094/cn59662094.jpg', 5, 0, 62, '2025-01-01 00:00:00', '2025-01-01 00:00:00');
INSERT INTO prices (id, base_price, sale_price, status, created_date, updated_date) VALUES (365, 69.95, 27, 'active', '2025-01-01 00:00:00', '2025-01-01 00:00:00');
INSERT INTO product_variants (id, product_id, color_id, size_id, price_id, material_id, season_id, status, created_date, updated_date) VALUES (365, 62, 2, 6, 365, 5, 2, 'active', '2025-01-01 00:00:00', '2025-01-01 00:00:00');
INSERT INTO prices (id, base_price, sale_price, status, created_date, updated_date) VALUES (366, 69.95, 27, 'active', '2025-01-01 00:00:00', '2025-01-01 00:00:00');
INSERT INTO product_variants (id, product_id, color_id, size_id, price_id, material_id, season_id, status, created_date, updated_date) VALUES (366, 62, 2, 1, 366, 5, 2, 'active', '2025-01-01 00:00:00', '2025-01-01 00:00:00');
INSERT INTO prices (id, base_price, sale_price, status, created_date, updated_date) VALUES (367, 69.95, 27, 'active', '2025-01-01 00:00:00', '2025-01-01 00:00:00');
INSERT INTO product_variants (id, product_id, color_id, size_id, price_id, material_id, season_id, status, created_date, updated_date) VALUES (367, 62, 4, 10, 367, 3, 1, 'active', '2025-01-01 00:00:00', '2025-01-01 00:00:00');
INSERT INTO prices (id, base_price, sale_price, status, created_date, updated_date) VALUES (368, 69.95, 27, 'active', '2025-01-01 00:00:00', '2025-01-01 00:00:00');
INSERT INTO product_variants (id, product_id, color_id, size_id, price_id, material_id, season_id, status, created_date, updated_date) VALUES (368, 62, 4, 5, 368, 3, 4, 'active', '2025-01-01 00:00:00', '2025-01-01 00:00:00');
INSERT INTO prices (id, base_price, sale_price, status, created_date, updated_date) VALUES (369, 69.95, 27, 'active', '2025-01-01 00:00:00', '2025-01-01 00:00:00');
INSERT INTO product_variants (id, product_id, color_id, size_id, price_id, material_id, season_id, status, created_date, updated_date) VALUES (369, 62, 4, 4, 369, 4, 4, 'active', '2025-01-01 00:00:00', '2025-01-01 00:00:00');
INSERT INTO prices (id, base_price, sale_price, status, created_date, updated_date) VALUES (370, 69.95, 27, 'active', '2025-01-01 00:00:00', '2025-01-01 00:00:00');
INSERT INTO product_variants (id, product_id, color_id, size_id, price_id, material_id, season_id, status, created_date, updated_date) VALUES (370, 62, 5, 8, 370, 2, 3, 'active', '2025-01-01 00:00:00', '2025-01-01 00:00:00');
INSERT INTO prices (id, base_price, sale_price, status, created_date, updated_date) VALUES (371, 69.95, 27, 'active', '2025-01-01 00:00:00', '2025-01-01 00:00:00');
INSERT INTO product_variants (id, product_id, color_id, size_id, price_id, material_id, season_id, status, created_date, updated_date) VALUES (371, 62, 5, 10, 371, 7, 1, 'active', '2025-01-01 00:00:00', '2025-01-01 00:00:00');
INSERT INTO product (id, name, description, category_id, status, created_date, updated_date, created_by, updated_by) VALUES (63, 'Kids Canvas Strap Sandals', 'Description for Kids Canvas Strap Sandals', 4, 'active', '2025-01-01 00:00:00', '2025-01-01 00:00:00', 1, 1);
INSERT INTO product_image (id, image_url, display_order, is_primary, product_id, created_date, updated_date) VALUES (395, 'https://www1.assets-gap.com/webcontent/0057/611/558/cn57611558.jpg?q=h&w=1152', 0, 1, 63, '2025-01-01 00:00:00', '2025-01-01 00:00:00');
INSERT INTO product_image (id, image_url, display_order, is_primary, product_id, created_date, updated_date) VALUES (396, 'https://www.gap.com/webcontent/0057/611/551/cn57611551.jpg', 1, 0, 63, '2025-01-01 00:00:00', '2025-01-01 00:00:00');
INSERT INTO product_image (id, image_url, display_order, is_primary, product_id, created_date, updated_date) VALUES (397, 'https://www.gap.com/webcontent/0057/609/778/cn57609778.jpg', 2, 0, 63, '2025-01-01 00:00:00', '2025-01-01 00:00:00');
INSERT INTO product_image (id, image_url, display_order, is_primary, product_id, created_date, updated_date) VALUES (398, 'https://www.gap.com/webcontent/0057/609/787/cn57609787.jpg', 3, 0, 63, '2025-01-01 00:00:00', '2025-01-01 00:00:00');
INSERT INTO product_image (id, image_url, display_order, is_primary, product_id, created_date, updated_date) VALUES (399, 'https://www.gap.com/webcontent/0057/609/790/cn57609790.jpg', 4, 0, 63, '2025-01-01 00:00:00', '2025-01-01 00:00:00');
INSERT INTO product_image (id, image_url, display_order, is_primary, product_id, created_date, updated_date) VALUES (400, 'https://www.gap.com/webcontent/0057/609/789/cn57609789.jpg', 5, 0, 63, '2025-01-01 00:00:00', '2025-01-01 00:00:00');
INSERT INTO prices (id, base_price, sale_price, status, created_date, updated_date) VALUES (372, 39.95, 12.97, 'active', '2025-01-01 00:00:00', '2025-01-01 00:00:00');
INSERT INTO product_variants (id, product_id, color_id, size_id, price_id, material_id, season_id, status, created_date, updated_date) VALUES (372, 63, 5, 10, 372, 1, 4, 'active', '2025-01-01 00:00:00', '2025-01-01 00:00:00');
INSERT INTO prices (id, base_price, sale_price, status, created_date, updated_date) VALUES (373, 39.95, 12.97, 'active', '2025-01-01 00:00:00', '2025-01-01 00:00:00');
INSERT INTO product_variants (id, product_id, color_id, size_id, price_id, material_id, season_id, status, created_date, updated_date) VALUES (373, 63, 5, 7, 373, 5, 3, 'active', '2025-01-01 00:00:00', '2025-01-01 00:00:00');
INSERT INTO prices (id, base_price, sale_price, status, created_date, updated_date) VALUES (374, 39.95, 12.97, 'active', '2025-01-01 00:00:00', '2025-01-01 00:00:00');
INSERT INTO product_variants (id, product_id, color_id, size_id, price_id, material_id, season_id, status, created_date, updated_date) VALUES (374, 63, 5, 4, 374, 3, 4, 'active', '2025-01-01 00:00:00', '2025-01-01 00:00:00');
INSERT INTO prices (id, base_price, sale_price, status, created_date, updated_date) VALUES (375, 39.95, 12.97, 'active', '2025-01-01 00:00:00', '2025-01-01 00:00:00');
INSERT INTO product_variants (id, product_id, color_id, size_id, price_id, material_id, season_id, status, created_date, updated_date) VALUES (375, 63, 5, 7, 375, 6, 1, 'active', '2025-01-01 00:00:00', '2025-01-01 00:00:00');
INSERT INTO prices (id, base_price, sale_price, status, created_date, updated_date) VALUES (376, 39.95, 12.97, 'active', '2025-01-01 00:00:00', '2025-01-01 00:00:00');
INSERT INTO product_variants (id, product_id, color_id, size_id, price_id, material_id, season_id, status, created_date, updated_date) VALUES (376, 63, 5, 9, 376, 2, 3, 'active', '2025-01-01 00:00:00', '2025-01-01 00:00:00');
INSERT INTO product (id, name, description, category_id, status, created_date, updated_date, created_by, updated_by) VALUES (64, 'Denim Mary Jane Flats', 'Description for Denim Mary Jane Flats', 4, 'active', '2025-01-01 00:00:00', '2025-01-01 00:00:00', 1, 1);
INSERT INTO product_image (id, image_url, display_order, is_primary, product_id, created_date, updated_date) VALUES (401, 'https://www1.assets-gap.com/webcontent/0057/610/985/cn57610985.jpg?q=h&w=1152', 0, 1, 64, '2025-01-01 00:00:00', '2025-01-01 00:00:00');
INSERT INTO product_image (id, image_url, display_order, is_primary, product_id, created_date, updated_date) VALUES (402, 'https://www.gap.com/webcontent/0057/610/976/cn57610976.jpg', 1, 0, 64, '2025-01-01 00:00:00', '2025-01-01 00:00:00');
INSERT INTO product_image (id, image_url, display_order, is_primary, product_id, created_date, updated_date) VALUES (403, 'https://www.gap.com/webcontent/0057/609/175/cn57609175.jpg', 2, 0, 64, '2025-01-01 00:00:00', '2025-01-01 00:00:00');
INSERT INTO product_image (id, image_url, display_order, is_primary, product_id, created_date, updated_date) VALUES (404, 'https://www.gap.com/webcontent/0057/609/183/cn57609183.jpg', 3, 0, 64, '2025-01-01 00:00:00', '2025-01-01 00:00:00');
INSERT INTO product_image (id, image_url, display_order, is_primary, product_id, created_date, updated_date) VALUES (405, 'https://www.gap.com/webcontent/0057/609/189/cn57609189.jpg', 4, 0, 64, '2025-01-01 00:00:00', '2025-01-01 00:00:00');
INSERT INTO product_image (id, image_url, display_order, is_primary, product_id, created_date, updated_date) VALUES (406, 'https://www.gap.com/webcontent/0057/609/198/cn57609198.jpg', 5, 0, 64, '2025-01-01 00:00:00', '2025-01-01 00:00:00');
INSERT INTO prices (id, base_price, sale_price, status, created_date, updated_date) VALUES (377, 54.95, 32, 'active', '2025-01-01 00:00:00', '2025-01-01 00:00:00');
INSERT INTO product_variants (id, product_id, color_id, size_id, price_id, material_id, season_id, status, created_date, updated_date) VALUES (377, 64, 3, 5, 377, 5, 4, 'active', '2025-01-01 00:00:00', '2025-01-01 00:00:00');
INSERT INTO prices (id, base_price, sale_price, status, created_date, updated_date) VALUES (378, 54.95, 32, 'active', '2025-01-01 00:00:00', '2025-01-01 00:00:00');
INSERT INTO product_variants (id, product_id, color_id, size_id, price_id, material_id, season_id, status, created_date, updated_date) VALUES (378, 64, 3, 7, 378, 4, 1, 'active', '2025-01-01 00:00:00', '2025-01-01 00:00:00');
INSERT INTO product (id, name, description, category_id, status, created_date, updated_date, created_by, updated_by) VALUES (65, 'Vegan Suede Ballet Flats', 'Description for Vegan Suede Ballet Flats', 4, 'active', '2025-01-01 00:00:00', '2025-01-01 00:00:00', 1, 1);
INSERT INTO product_image (id, image_url, display_order, is_primary, product_id, created_date, updated_date) VALUES (407, 'https://www1.assets-gap.com/webcontent/0060/234/438/cn60234438.jpg?q=h&w=1152', 0, 1, 65, '2025-01-01 00:00:00', '2025-01-01 00:00:00');
INSERT INTO product_image (id, image_url, display_order, is_primary, product_id, created_date, updated_date) VALUES (408, 'https://www.gap.com/webcontent/0060/234/424/cn60234424.jpg', 1, 0, 65, '2025-01-01 00:00:00', '2025-01-01 00:00:00');
INSERT INTO product_image (id, image_url, display_order, is_primary, product_id, created_date, updated_date) VALUES (409, 'https://www.gap.com/webcontent/0060/233/093/cn60233093.jpg', 2, 0, 65, '2025-01-01 00:00:00', '2025-01-01 00:00:00');
INSERT INTO product_image (id, image_url, display_order, is_primary, product_id, created_date, updated_date) VALUES (410, 'https://www.gap.com/webcontent/0060/233/108/cn60233108.jpg', 3, 0, 65, '2025-01-01 00:00:00', '2025-01-01 00:00:00');
INSERT INTO product_image (id, image_url, display_order, is_primary, product_id, created_date, updated_date) VALUES (411, 'https://www.gap.com/webcontent/0060/233/128/cn60233128.jpg', 4, 0, 65, '2025-01-01 00:00:00', '2025-01-01 00:00:00');
INSERT INTO product_image (id, image_url, display_order, is_primary, product_id, created_date, updated_date) VALUES (412, 'https://www.gap.com/webcontent/0060/233/133/cn60233133.jpg', 5, 0, 65, '2025-01-01 00:00:00', '2025-01-01 00:00:00');
INSERT INTO prices (id, base_price, sale_price, status, created_date, updated_date) VALUES (379, 59.95, 39.99, 'active', '2025-01-01 00:00:00', '2025-01-01 00:00:00');
INSERT INTO product_variants (id, product_id, color_id, size_id, price_id, material_id, season_id, status, created_date, updated_date) VALUES (379, 65, 3, 9, 379, 5, 3, 'active', '2025-01-01 00:00:00', '2025-01-01 00:00:00');
INSERT INTO prices (id, base_price, sale_price, status, created_date, updated_date) VALUES (380, 59.95, 39.99, 'active', '2025-01-01 00:00:00', '2025-01-01 00:00:00');
INSERT INTO product_variants (id, product_id, color_id, size_id, price_id, material_id, season_id, status, created_date, updated_date) VALUES (380, 65, 3, 2, 380, 2, 3, 'active', '2025-01-01 00:00:00', '2025-01-01 00:00:00');
INSERT INTO prices (id, base_price, sale_price, status, created_date, updated_date) VALUES (381, 59.95, 39.99, 'active', '2025-01-01 00:00:00', '2025-01-01 00:00:00');
INSERT INTO product_variants (id, product_id, color_id, size_id, price_id, material_id, season_id, status, created_date, updated_date) VALUES (381, 65, 4, 6, 381, 4, 2, 'active', '2025-01-01 00:00:00', '2025-01-01 00:00:00');
INSERT INTO prices (id, base_price, sale_price, status, created_date, updated_date) VALUES (382, 59.95, 39.99, 'active', '2025-01-01 00:00:00', '2025-01-01 00:00:00');
INSERT INTO product_variants (id, product_id, color_id, size_id, price_id, material_id, season_id, status, created_date, updated_date) VALUES (382, 65, 4, 3, 382, 6, 2, 'active', '2025-01-01 00:00:00', '2025-01-01 00:00:00');
INSERT INTO prices (id, base_price, sale_price, status, created_date, updated_date) VALUES (383, 59.95, 39.99, 'active', '2025-01-01 00:00:00', '2025-01-01 00:00:00');
INSERT INTO product_variants (id, product_id, color_id, size_id, price_id, material_id, season_id, status, created_date, updated_date) VALUES (383, 65, 4, 5, 383, 7, 1, 'active', '2025-01-01 00:00:00', '2025-01-01 00:00:00');
INSERT INTO prices (id, base_price, sale_price, status, created_date, updated_date) VALUES (384, 59.95, 39.99, 'active', '2025-01-01 00:00:00', '2025-01-01 00:00:00');
INSERT INTO product_variants (id, product_id, color_id, size_id, price_id, material_id, season_id, status, created_date, updated_date) VALUES (384, 65, 4, 9, 384, 4, 3, 'active', '2025-01-01 00:00:00', '2025-01-01 00:00:00');
INSERT INTO prices (id, base_price, sale_price, status, created_date, updated_date) VALUES (385, 59.95, 39.99, 'active', '2025-01-01 00:00:00', '2025-01-01 00:00:00');
INSERT INTO product_variants (id, product_id, color_id, size_id, price_id, material_id, season_id, status, created_date, updated_date) VALUES (385, 65, 4, 2, 385, 3, 3, 'active', '2025-01-01 00:00:00', '2025-01-01 00:00:00');
INSERT INTO product (id, name, description, category_id, status, created_date, updated_date, created_by, updated_by) VALUES (66, 'Kids T-Strap Loafers', 'Description for Kids T-Strap Loafers', 4, 'active', '2025-01-01 00:00:00', '2025-01-01 00:00:00', 1, 1);
INSERT INTO product_image (id, image_url, display_order, is_primary, product_id, created_date, updated_date) VALUES (413, 'https://www1.assets-gap.com/webcontent/0059/672/467/cn59672467.jpg?q=h&w=1152', 0, 1, 66, '2025-01-01 00:00:00', '2025-01-01 00:00:00');
INSERT INTO product_image (id, image_url, display_order, is_primary, product_id, created_date, updated_date) VALUES (414, 'https://www.gap.com/webcontent/0059/672/462/cn59672462.jpg', 1, 0, 66, '2025-01-01 00:00:00', '2025-01-01 00:00:00');
INSERT INTO product_image (id, image_url, display_order, is_primary, product_id, created_date, updated_date) VALUES (415, 'https://www.gap.com/webcontent/0059/670/460/cn59670460.jpg', 2, 0, 66, '2025-01-01 00:00:00', '2025-01-01 00:00:00');
INSERT INTO product_image (id, image_url, display_order, is_primary, product_id, created_date, updated_date) VALUES (416, 'https://www.gap.com/webcontent/0059/670/467/cn59670467.jpg', 3, 0, 66, '2025-01-01 00:00:00', '2025-01-01 00:00:00');
INSERT INTO product_image (id, image_url, display_order, is_primary, product_id, created_date, updated_date) VALUES (417, 'https://www.gap.com/webcontent/0059/670/482/cn59670482.jpg', 4, 0, 66, '2025-01-01 00:00:00', '2025-01-01 00:00:00');
INSERT INTO product_image (id, image_url, display_order, is_primary, product_id, created_date, updated_date) VALUES (418, 'https://www.gap.com/webcontent/0059/670/530/cn59670530.jpg', 5, 0, 66, '2025-01-01 00:00:00', '2025-01-01 00:00:00');
INSERT INTO prices (id, base_price, sale_price, status, created_date, updated_date) VALUES (386, 49.95, 49.95, 'active', '2025-01-01 00:00:00', '2025-01-01 00:00:00');
INSERT INTO product_variants (id, product_id, color_id, size_id, price_id, material_id, season_id, status, created_date, updated_date) VALUES (386, 66, 12, 2, 386, 1, 1, 'active', '2025-01-01 00:00:00', '2025-01-01 00:00:00');
INSERT INTO prices (id, base_price, sale_price, status, created_date, updated_date) VALUES (387, 49.95, 49.95, 'active', '2025-01-01 00:00:00', '2025-01-01 00:00:00');
INSERT INTO product_variants (id, product_id, color_id, size_id, price_id, material_id, season_id, status, created_date, updated_date) VALUES (387, 66, 12, 1, 387, 4, 3, 'active', '2025-01-01 00:00:00', '2025-01-01 00:00:00');
INSERT INTO prices (id, base_price, sale_price, status, created_date, updated_date) VALUES (388, 49.95, 49.95, 'active', '2025-01-01 00:00:00', '2025-01-01 00:00:00');
INSERT INTO product_variants (id, product_id, color_id, size_id, price_id, material_id, season_id, status, created_date, updated_date) VALUES (388, 66, 2, 4, 388, 2, 2, 'active', '2025-01-01 00:00:00', '2025-01-01 00:00:00');
INSERT INTO prices (id, base_price, sale_price, status, created_date, updated_date) VALUES (389, 49.95, 49.95, 'active', '2025-01-01 00:00:00', '2025-01-01 00:00:00');
INSERT INTO product_variants (id, product_id, color_id, size_id, price_id, material_id, season_id, status, created_date, updated_date) VALUES (389, 66, 2, 3, 389, 1, 2, 'active', '2025-01-01 00:00:00', '2025-01-01 00:00:00');
INSERT INTO product (id, name, description, category_id, status, created_date, updated_date, created_by, updated_by) VALUES (67, 'Vegan Leather Lug Sole Tall Boots', 'Description for Vegan Leather Lug Sole Tall Boots', 4, 'active', '2025-01-01 00:00:00', '2025-01-01 00:00:00', 1, 1);
INSERT INTO product_image (id, image_url, display_order, is_primary, product_id, created_date, updated_date) VALUES (419, 'https://www1.assets-gap.com/webcontent/0060/427/520/cn60427520.jpg?q=h&w=1152', 0, 1, 67, '2025-01-01 00:00:00', '2025-01-01 00:00:00');
INSERT INTO product_image (id, image_url, display_order, is_primary, product_id, created_date, updated_date) VALUES (420, 'https://www.gap.com/webcontent/0060/427/510/cn60427510.jpg', 1, 0, 67, '2025-01-01 00:00:00', '2025-01-01 00:00:00');
INSERT INTO product_image (id, image_url, display_order, is_primary, product_id, created_date, updated_date) VALUES (421, 'https://www.gap.com/webcontent/0060/425/186/cn60425186.jpg', 2, 0, 67, '2025-01-01 00:00:00', '2025-01-01 00:00:00');
INSERT INTO product_image (id, image_url, display_order, is_primary, product_id, created_date, updated_date) VALUES (422, 'https://www.gap.com/webcontent/0060/425/254/cn60425254.jpg', 3, 0, 67, '2025-01-01 00:00:00', '2025-01-01 00:00:00');
INSERT INTO product_image (id, image_url, display_order, is_primary, product_id, created_date, updated_date) VALUES (423, 'https://www.gap.com/webcontent/0060/425/289/cn60425289.jpg', 4, 0, 67, '2025-01-01 00:00:00', '2025-01-01 00:00:00');
INSERT INTO product_image (id, image_url, display_order, is_primary, product_id, created_date, updated_date) VALUES (424, 'https://www.gap.com/webcontent/0060/427/143/cn60427143.jpg', 5, 0, 67, '2025-01-01 00:00:00', '2025-01-01 00:00:00');
INSERT INTO prices (id, base_price, sale_price, status, created_date, updated_date) VALUES (390, 118, 47, 'active', '2025-01-01 00:00:00', '2025-01-01 00:00:00');
INSERT INTO product_variants (id, product_id, color_id, size_id, price_id, material_id, season_id, status, created_date, updated_date) VALUES (390, 67, 4, 1, 390, 3, 2, 'active', '2025-01-01 00:00:00', '2025-01-01 00:00:00');
INSERT INTO prices (id, base_price, sale_price, status, created_date, updated_date) VALUES (391, 118, 47, 'active', '2025-01-01 00:00:00', '2025-01-01 00:00:00');
INSERT INTO product_variants (id, product_id, color_id, size_id, price_id, material_id, season_id, status, created_date, updated_date) VALUES (391, 67, 4, 4, 391, 7, 4, 'active', '2025-01-01 00:00:00', '2025-01-01 00:00:00');
INSERT INTO prices (id, base_price, sale_price, status, created_date, updated_date) VALUES (392, 118, 47, 'active', '2025-01-01 00:00:00', '2025-01-01 00:00:00');
INSERT INTO product_variants (id, product_id, color_id, size_id, price_id, material_id, season_id, status, created_date, updated_date) VALUES (392, 67, 2, 9, 392, 2, 2, 'active', '2025-01-01 00:00:00', '2025-01-01 00:00:00');
INSERT INTO prices (id, base_price, sale_price, status, created_date, updated_date) VALUES (393, 118, 47, 'active', '2025-01-01 00:00:00', '2025-01-01 00:00:00');
INSERT INTO product_variants (id, product_id, color_id, size_id, price_id, material_id, season_id, status, created_date, updated_date) VALUES (393, 67, 2, 2, 393, 3, 4, 'active', '2025-01-01 00:00:00', '2025-01-01 00:00:00');
INSERT INTO product (id, name, description, category_id, status, created_date, updated_date, created_by, updated_by) VALUES (68, 'Toddler Corduroy Mary Jane Flats', 'Description for Toddler Corduroy Mary Jane Flats', 4, 'active', '2025-01-01 00:00:00', '2025-01-01 00:00:00', 1, 1);
INSERT INTO product_image (id, image_url, display_order, is_primary, product_id, created_date, updated_date) VALUES (425, 'https://www1.assets-gap.com/webcontent/0059/961/171/cn59961171.jpg?q=h&w=1152', 0, 1, 68, '2025-01-01 00:00:00', '2025-01-01 00:00:00');
INSERT INTO product_image (id, image_url, display_order, is_primary, product_id, created_date, updated_date) VALUES (426, 'https://www.gap.com/webcontent/0059/961/151/cn59961151.jpg', 1, 0, 68, '2025-01-01 00:00:00', '2025-01-01 00:00:00');
INSERT INTO product_image (id, image_url, display_order, is_primary, product_id, created_date, updated_date) VALUES (427, 'https://www.gap.com/webcontent/0059/959/519/cn59959519.jpg', 2, 0, 68, '2025-01-01 00:00:00', '2025-01-01 00:00:00');
INSERT INTO product_image (id, image_url, display_order, is_primary, product_id, created_date, updated_date) VALUES (428, 'https://www.gap.com/webcontent/0059/959/518/cn59959518.jpg', 3, 0, 68, '2025-01-01 00:00:00', '2025-01-01 00:00:00');
INSERT INTO product_image (id, image_url, display_order, is_primary, product_id, created_date, updated_date) VALUES (429, 'https://www.gap.com/webcontent/0059/959/556/cn59959556.jpg', 4, 0, 68, '2025-01-01 00:00:00', '2025-01-01 00:00:00');
INSERT INTO product_image (id, image_url, display_order, is_primary, product_id, created_date, updated_date) VALUES (430, 'https://www.gap.com/webcontent/0059/959/568/cn59959568.jpg', 5, 0, 68, '2025-01-01 00:00:00', '2025-01-01 00:00:00');
INSERT INTO prices (id, base_price, sale_price, status, created_date, updated_date) VALUES (394, 39.95, 19, 'active', '2025-01-01 00:00:00', '2025-01-01 00:00:00');
INSERT INTO product_variants (id, product_id, color_id, size_id, price_id, material_id, season_id, status, created_date, updated_date) VALUES (394, 68, 6, 2, 394, 2, 3, 'active', '2025-01-01 00:00:00', '2025-01-01 00:00:00');
INSERT INTO prices (id, base_price, sale_price, status, created_date, updated_date) VALUES (395, 39.95, 19, 'active', '2025-01-01 00:00:00', '2025-01-01 00:00:00');
INSERT INTO product_variants (id, product_id, color_id, size_id, price_id, material_id, season_id, status, created_date, updated_date) VALUES (395, 68, 6, 8, 395, 3, 1, 'active', '2025-01-01 00:00:00', '2025-01-01 00:00:00');
INSERT INTO prices (id, base_price, sale_price, status, created_date, updated_date) VALUES (396, 39.95, 19, 'active', '2025-01-01 00:00:00', '2025-01-01 00:00:00');
INSERT INTO product_variants (id, product_id, color_id, size_id, price_id, material_id, season_id, status, created_date, updated_date) VALUES (396, 68, 6, 3, 396, 5, 1, 'active', '2025-01-01 00:00:00', '2025-01-01 00:00:00');
INSERT INTO prices (id, base_price, sale_price, status, created_date, updated_date) VALUES (397, 39.95, 19, 'active', '2025-01-01 00:00:00', '2025-01-01 00:00:00');
INSERT INTO product_variants (id, product_id, color_id, size_id, price_id, material_id, season_id, status, created_date, updated_date) VALUES (397, 68, 11, 6, 397, 2, 4, 'active', '2025-01-01 00:00:00', '2025-01-01 00:00:00');
INSERT INTO prices (id, base_price, sale_price, status, created_date, updated_date) VALUES (398, 39.95, 19, 'active', '2025-01-01 00:00:00', '2025-01-01 00:00:00');
INSERT INTO product_variants (id, product_id, color_id, size_id, price_id, material_id, season_id, status, created_date, updated_date) VALUES (398, 68, 11, 1, 398, 1, 4, 'active', '2025-01-01 00:00:00', '2025-01-01 00:00:00');
INSERT INTO prices (id, base_price, sale_price, status, created_date, updated_date) VALUES (399, 39.95, 19, 'active', '2025-01-01 00:00:00', '2025-01-01 00:00:00');
INSERT INTO product_variants (id, product_id, color_id, size_id, price_id, material_id, season_id, status, created_date, updated_date) VALUES (399, 68, 5, 5, 399, 7, 2, 'active', '2025-01-01 00:00:00', '2025-01-01 00:00:00');
INSERT INTO prices (id, base_price, sale_price, status, created_date, updated_date) VALUES (400, 39.95, 19, 'active', '2025-01-01 00:00:00', '2025-01-01 00:00:00');
INSERT INTO product_variants (id, product_id, color_id, size_id, price_id, material_id, season_id, status, created_date, updated_date) VALUES (400, 68, 5, 9, 400, 3, 3, 'active', '2025-01-01 00:00:00', '2025-01-01 00:00:00');
INSERT INTO prices (id, base_price, sale_price, status, created_date, updated_date) VALUES (401, 39.95, 19, 'active', '2025-01-01 00:00:00', '2025-01-01 00:00:00');
INSERT INTO product_variants (id, product_id, color_id, size_id, price_id, material_id, season_id, status, created_date, updated_date) VALUES (401, 68, 5, 6, 401, 2, 3, 'active', '2025-01-01 00:00:00', '2025-01-01 00:00:00');
INSERT INTO product (id, name, description, category_id, status, created_date, updated_date, created_by, updated_by) VALUES (69, 'Kitten Heel Pointy Boots', 'Description for Kitten Heel Pointy Boots', 4, 'active', '2025-01-01 00:00:00', '2025-01-01 00:00:00', 1, 1);
INSERT INTO product_image (id, image_url, display_order, is_primary, product_id, created_date, updated_date) VALUES (431, 'https://www1.assets-gap.com/webcontent/0060/427/479/cn60427479.jpg?q=h&w=1152', 0, 1, 69, '2025-01-01 00:00:00', '2025-01-01 00:00:00');
INSERT INTO product_image (id, image_url, display_order, is_primary, product_id, created_date, updated_date) VALUES (432, 'https://www.gap.com/webcontent/0060/427/474/cn60427474.jpg', 1, 0, 69, '2025-01-01 00:00:00', '2025-01-01 00:00:00');
INSERT INTO product_image (id, image_url, display_order, is_primary, product_id, created_date, updated_date) VALUES (433, 'https://www.gap.com/webcontent/0060/425/156/cn60425156.jpg', 2, 0, 69, '2025-01-01 00:00:00', '2025-01-01 00:00:00');
INSERT INTO product_image (id, image_url, display_order, is_primary, product_id, created_date, updated_date) VALUES (434, 'https://www.gap.com/webcontent/0060/425/167/cn60425167.jpg', 3, 0, 69, '2025-01-01 00:00:00', '2025-01-01 00:00:00');
INSERT INTO product_image (id, image_url, display_order, is_primary, product_id, created_date, updated_date) VALUES (435, 'https://www.gap.com/webcontent/0060/425/268/cn60425268.jpg', 4, 0, 69, '2025-01-01 00:00:00', '2025-01-01 00:00:00');
INSERT INTO product_image (id, image_url, display_order, is_primary, product_id, created_date, updated_date) VALUES (436, 'https://www.gap.com/webcontent/0060/425/331/cn60425331.jpg', 5, 0, 69, '2025-01-01 00:00:00', '2025-01-01 00:00:00');
INSERT INTO prices (id, base_price, sale_price, status, created_date, updated_date) VALUES (402, 98, 39, 'active', '2025-01-01 00:00:00', '2025-01-01 00:00:00');
INSERT INTO product_variants (id, product_id, color_id, size_id, price_id, material_id, season_id, status, created_date, updated_date) VALUES (402, 69, 2, 4, 402, 7, 3, 'active', '2025-01-01 00:00:00', '2025-01-01 00:00:00');
INSERT INTO prices (id, base_price, sale_price, status, created_date, updated_date) VALUES (403, 98, 39, 'active', '2025-01-01 00:00:00', '2025-01-01 00:00:00');
INSERT INTO product_variants (id, product_id, color_id, size_id, price_id, material_id, season_id, status, created_date, updated_date) VALUES (403, 69, 2, 2, 403, 5, 4, 'active', '2025-01-01 00:00:00', '2025-01-01 00:00:00');
INSERT INTO prices (id, base_price, sale_price, status, created_date, updated_date) VALUES (404, 98, 39, 'active', '2025-01-01 00:00:00', '2025-01-01 00:00:00');
INSERT INTO product_variants (id, product_id, color_id, size_id, price_id, material_id, season_id, status, created_date, updated_date) VALUES (404, 69, 4, 6, 404, 5, 1, 'active', '2025-01-01 00:00:00', '2025-01-01 00:00:00');
INSERT INTO prices (id, base_price, sale_price, status, created_date, updated_date) VALUES (405, 98, 39, 'active', '2025-01-01 00:00:00', '2025-01-01 00:00:00');
INSERT INTO product_variants (id, product_id, color_id, size_id, price_id, material_id, season_id, status, created_date, updated_date) VALUES (405, 69, 4, 1, 405, 5, 2, 'active', '2025-01-01 00:00:00', '2025-01-01 00:00:00');
INSERT INTO prices (id, base_price, sale_price, status, created_date, updated_date) VALUES (406, 98, 39, 'active', '2025-01-01 00:00:00', '2025-01-01 00:00:00');
INSERT INTO product_variants (id, product_id, color_id, size_id, price_id, material_id, season_id, status, created_date, updated_date) VALUES (406, 69, 12, 2, 406, 2, 3, 'active', '2025-01-01 00:00:00', '2025-01-01 00:00:00');
INSERT INTO prices (id, base_price, sale_price, status, created_date, updated_date) VALUES (407, 98, 39, 'active', '2025-01-01 00:00:00', '2025-01-01 00:00:00');
INSERT INTO product_variants (id, product_id, color_id, size_id, price_id, material_id, season_id, status, created_date, updated_date) VALUES (407, 69, 12, 3, 407, 2, 4, 'active', '2025-01-01 00:00:00', '2025-01-01 00:00:00');
INSERT INTO product (id, name, description, category_id, status, created_date, updated_date, created_by, updated_by) VALUES (70, 'Kids Studded Mary Jane Flats', 'Description for Kids Studded Mary Jane Flats', 4, 'active', '2025-01-01 00:00:00', '2025-01-01 00:00:00', 1, 1);
INSERT INTO product_image (id, image_url, display_order, is_primary, product_id, created_date, updated_date) VALUES (437, 'https://www1.assets-gap.com/webcontent/0059/672/498/cn59672498.jpg?q=h&w=1152', 0, 1, 70, '2025-01-01 00:00:00', '2025-01-01 00:00:00');
INSERT INTO product_image (id, image_url, display_order, is_primary, product_id, created_date, updated_date) VALUES (438, 'https://www.gap.com/webcontent/0059/672/488/cn59672488.jpg', 1, 0, 70, '2025-01-01 00:00:00', '2025-01-01 00:00:00');
INSERT INTO product_image (id, image_url, display_order, is_primary, product_id, created_date, updated_date) VALUES (439, 'https://www.gap.com/webcontent/0059/679/736/cn59679736.jpg', 2, 0, 70, '2025-01-01 00:00:00', '2025-01-01 00:00:00');
INSERT INTO product_image (id, image_url, display_order, is_primary, product_id, created_date, updated_date) VALUES (440, 'https://www.gap.com/webcontent/0059/670/480/cn59670480.jpg', 3, 0, 70, '2025-01-01 00:00:00', '2025-01-01 00:00:00');
INSERT INTO product_image (id, image_url, display_order, is_primary, product_id, created_date, updated_date) VALUES (441, 'https://www.gap.com/webcontent/0059/670/528/cn59670528.jpg', 4, 0, 70, '2025-01-01 00:00:00', '2025-01-01 00:00:00');
INSERT INTO product_image (id, image_url, display_order, is_primary, product_id, created_date, updated_date) VALUES (442, 'https://www.gap.com/webcontent/0059/670/541/cn59670541.jpg', 5, 0, 70, '2025-01-01 00:00:00', '2025-01-01 00:00:00');
INSERT INTO prices (id, base_price, sale_price, status, created_date, updated_date) VALUES (408, 44.95, 22, 'active', '2025-01-01 00:00:00', '2025-01-01 00:00:00');
INSERT INTO product_variants (id, product_id, color_id, size_id, price_id, material_id, season_id, status, created_date, updated_date) VALUES (408, 70, 2, 3, 408, 1, 4, 'active', '2025-01-01 00:00:00', '2025-01-01 00:00:00');
INSERT INTO prices (id, base_price, sale_price, status, created_date, updated_date) VALUES (409, 44.95, 22, 'active', '2025-01-01 00:00:00', '2025-01-01 00:00:00');
INSERT INTO product_variants (id, product_id, color_id, size_id, price_id, material_id, season_id, status, created_date, updated_date) VALUES (409, 70, 2, 10, 409, 1, 3, 'active', '2025-01-01 00:00:00', '2025-01-01 00:00:00');
INSERT INTO product (id, name, description, category_id, status, created_date, updated_date, created_by, updated_by) VALUES (71, 'Jelly Ballet Flats', 'Description for Jelly Ballet Flats', 4, 'active', '2025-01-01 00:00:00', '2025-01-01 00:00:00', 1, 1);
INSERT INTO product_image (id, image_url, display_order, is_primary, product_id, created_date, updated_date) VALUES (443, 'https://www1.assets-gap.com/webcontent/0058/008/111/cn58008111.jpg?q=h&w=1152', 0, 1, 71, '2025-01-01 00:00:00', '2025-01-01 00:00:00');
INSERT INTO product_image (id, image_url, display_order, is_primary, product_id, created_date, updated_date) VALUES (444, 'https://www.gap.com/webcontent/0058/008/104/cn58008104.jpg', 1, 0, 71, '2025-01-01 00:00:00', '2025-01-01 00:00:00');
INSERT INTO product_image (id, image_url, display_order, is_primary, product_id, created_date, updated_date) VALUES (445, 'https://www.gap.com/webcontent/0058/007/301/cn58007301.jpg', 2, 0, 71, '2025-01-01 00:00:00', '2025-01-01 00:00:00');
INSERT INTO product_image (id, image_url, display_order, is_primary, product_id, created_date, updated_date) VALUES (446, 'https://www.gap.com/webcontent/0058/007/311/cn58007311.jpg', 3, 0, 71, '2025-01-01 00:00:00', '2025-01-01 00:00:00');
INSERT INTO product_image (id, image_url, display_order, is_primary, product_id, created_date, updated_date) VALUES (447, 'https://www.gap.com/webcontent/0058/007/319/cn58007319.jpg', 4, 0, 71, '2025-01-01 00:00:00', '2025-01-01 00:00:00');
INSERT INTO product_image (id, image_url, display_order, is_primary, product_id, created_date, updated_date) VALUES (448, 'https://www.gap.com/webcontent/0058/007/320/cn58007320.jpg', 5, 0, 71, '2025-01-01 00:00:00', '2025-01-01 00:00:00');
INSERT INTO prices (id, base_price, sale_price, status, created_date, updated_date) VALUES (410, 49.95, 16.97, 'active', '2025-01-01 00:00:00', '2025-01-01 00:00:00');
INSERT INTO product_variants (id, product_id, color_id, size_id, price_id, material_id, season_id, status, created_date, updated_date) VALUES (410, 71, 5, 10, 410, 6, 1, 'active', '2025-01-01 00:00:00', '2025-01-01 00:00:00');
INSERT INTO prices (id, base_price, sale_price, status, created_date, updated_date) VALUES (411, 49.95, 16.97, 'active', '2025-01-01 00:00:00', '2025-01-01 00:00:00');
INSERT INTO product_variants (id, product_id, color_id, size_id, price_id, material_id, season_id, status, created_date, updated_date) VALUES (411, 71, 5, 5, 411, 7, 1, 'active', '2025-01-01 00:00:00', '2025-01-01 00:00:00');
INSERT INTO prices (id, base_price, sale_price, status, created_date, updated_date) VALUES (412, 49.95, 16.97, 'active', '2025-01-01 00:00:00', '2025-01-01 00:00:00');
INSERT INTO product_variants (id, product_id, color_id, size_id, price_id, material_id, season_id, status, created_date, updated_date) VALUES (412, 71, 11, 4, 412, 4, 1, 'active', '2025-01-01 00:00:00', '2025-01-01 00:00:00');
INSERT INTO prices (id, base_price, sale_price, status, created_date, updated_date) VALUES (413, 49.95, 16.97, 'active', '2025-01-01 00:00:00', '2025-01-01 00:00:00');
INSERT INTO product_variants (id, product_id, color_id, size_id, price_id, material_id, season_id, status, created_date, updated_date) VALUES (413, 71, 11, 7, 413, 2, 2, 'active', '2025-01-01 00:00:00', '2025-01-01 00:00:00');
INSERT INTO prices (id, base_price, sale_price, status, created_date, updated_date) VALUES (414, 49.95, 16.97, 'active', '2025-01-01 00:00:00', '2025-01-01 00:00:00');
INSERT INTO product_variants (id, product_id, color_id, size_id, price_id, material_id, season_id, status, created_date, updated_date) VALUES (414, 71, 11, 1, 414, 2, 1, 'active', '2025-01-01 00:00:00', '2025-01-01 00:00:00');
INSERT INTO prices (id, base_price, sale_price, status, created_date, updated_date) VALUES (415, 49.95, 16.97, 'active', '2025-01-01 00:00:00', '2025-01-01 00:00:00');
INSERT INTO product_variants (id, product_id, color_id, size_id, price_id, material_id, season_id, status, created_date, updated_date) VALUES (415, 71, 3, 3, 415, 3, 4, 'active', '2025-01-01 00:00:00', '2025-01-01 00:00:00');
INSERT INTO product (id, name, description, category_id, status, created_date, updated_date, created_by, updated_by) VALUES (72, 'Kitten Heel Pointy Knee High Boots', 'Description for Kitten Heel Pointy Knee High Boots', 4, 'active', '2025-01-01 00:00:00', '2025-01-01 00:00:00', 1, 1);
INSERT INTO product_image (id, image_url, display_order, is_primary, product_id, created_date, updated_date) VALUES (449, 'https://www1.assets-gap.com/webcontent/0060/427/456/cn60427456.jpg?q=h&w=1152', 0, 1, 72, '2025-01-01 00:00:00', '2025-01-01 00:00:00');
INSERT INTO product_image (id, image_url, display_order, is_primary, product_id, created_date, updated_date) VALUES (450, 'https://www.gap.com/webcontent/0060/427/451/cn60427451.jpg', 1, 0, 72, '2025-01-01 00:00:00', '2025-01-01 00:00:00');
INSERT INTO product_image (id, image_url, display_order, is_primary, product_id, created_date, updated_date) VALUES (451, 'https://www.gap.com/webcontent/0060/425/070/cn60425070.jpg', 2, 0, 72, '2025-01-01 00:00:00', '2025-01-01 00:00:00');
INSERT INTO product_image (id, image_url, display_order, is_primary, product_id, created_date, updated_date) VALUES (452, 'https://www.gap.com/webcontent/0060/425/147/cn60425147.jpg', 3, 0, 72, '2025-01-01 00:00:00', '2025-01-01 00:00:00');
INSERT INTO product_image (id, image_url, display_order, is_primary, product_id, created_date, updated_date) VALUES (453, 'https://www.gap.com/webcontent/0060/425/253/cn60425253.jpg', 4, 0, 72, '2025-01-01 00:00:00', '2025-01-01 00:00:00');
INSERT INTO product_image (id, image_url, display_order, is_primary, product_id, created_date, updated_date) VALUES (454, 'https://www.gap.com/webcontent/0060/425/246/cn60425246.jpg', 5, 0, 72, '2025-01-01 00:00:00', '2025-01-01 00:00:00');
INSERT INTO prices (id, base_price, sale_price, status, created_date, updated_date) VALUES (416, 118, 47, 'active', '2025-01-01 00:00:00', '2025-01-01 00:00:00');
INSERT INTO product_variants (id, product_id, color_id, size_id, price_id, material_id, season_id, status, created_date, updated_date) VALUES (416, 72, 2, 7, 416, 7, 2, 'active', '2025-01-01 00:00:00', '2025-01-01 00:00:00');
INSERT INTO prices (id, base_price, sale_price, status, created_date, updated_date) VALUES (417, 118, 47, 'active', '2025-01-01 00:00:00', '2025-01-01 00:00:00');
INSERT INTO product_variants (id, product_id, color_id, size_id, price_id, material_id, season_id, status, created_date, updated_date) VALUES (417, 72, 2, 1, 417, 2, 3, 'active', '2025-01-01 00:00:00', '2025-01-01 00:00:00');
INSERT INTO prices (id, base_price, sale_price, status, created_date, updated_date) VALUES (418, 118, 47, 'active', '2025-01-01 00:00:00', '2025-01-01 00:00:00');
INSERT INTO product_variants (id, product_id, color_id, size_id, price_id, material_id, season_id, status, created_date, updated_date) VALUES (418, 72, 4, 7, 418, 4, 4, 'active', '2025-01-01 00:00:00', '2025-01-01 00:00:00');
INSERT INTO prices (id, base_price, sale_price, status, created_date, updated_date) VALUES (419, 118, 47, 'active', '2025-01-01 00:00:00', '2025-01-01 00:00:00');
INSERT INTO product_variants (id, product_id, color_id, size_id, price_id, material_id, season_id, status, created_date, updated_date) VALUES (419, 72, 4, 8, 419, 1, 4, 'active', '2025-01-01 00:00:00', '2025-01-01 00:00:00');
INSERT INTO prices (id, base_price, sale_price, status, created_date, updated_date) VALUES (420, 118, 47, 'active', '2025-01-01 00:00:00', '2025-01-01 00:00:00');
INSERT INTO product_variants (id, product_id, color_id, size_id, price_id, material_id, season_id, status, created_date, updated_date) VALUES (420, 72, 4, 10, 420, 4, 1, 'active', '2025-01-01 00:00:00', '2025-01-01 00:00:00');
INSERT INTO product (id, name, description, category_id, status, created_date, updated_date, created_by, updated_by) VALUES (73, 'Kids Corduroy Sneakers', 'Description for Kids Corduroy Sneakers', 4, 'active', '2025-01-01 00:00:00', '2025-01-01 00:00:00', 1, 1);
INSERT INTO product_image (id, image_url, display_order, is_primary, product_id, created_date, updated_date) VALUES (455, 'https://www1.assets-gap.com/webcontent/0059/698/921/cn59698921.jpg?q=h&w=1152', 0, 1, 73, '2025-01-01 00:00:00', '2025-01-01 00:00:00');
INSERT INTO product_image (id, image_url, display_order, is_primary, product_id, created_date, updated_date) VALUES (456, 'https://www.gap.com/webcontent/0059/698/911/cn59698911.jpg', 1, 0, 73, '2025-01-01 00:00:00', '2025-01-01 00:00:00');
INSERT INTO product_image (id, image_url, display_order, is_primary, product_id, created_date, updated_date) VALUES (457, 'https://www.gap.com/webcontent/0059/697/790/cn59697790.jpg', 2, 0, 73, '2025-01-01 00:00:00', '2025-01-01 00:00:00');
INSERT INTO product_image (id, image_url, display_order, is_primary, product_id, created_date, updated_date) VALUES (458, 'https://www.gap.com/webcontent/0059/697/800/cn59697800.jpg', 3, 0, 73, '2025-01-01 00:00:00', '2025-01-01 00:00:00');
INSERT INTO product_image (id, image_url, display_order, is_primary, product_id, created_date, updated_date) VALUES (459, 'https://www.gap.com/webcontent/0059/697/803/cn59697803.jpg', 4, 0, 73, '2025-01-01 00:00:00', '2025-01-01 00:00:00');
INSERT INTO product_image (id, image_url, display_order, is_primary, product_id, created_date, updated_date) VALUES (460, 'https://www.gap.com/webcontent/0059/697/831/cn59697831.jpg', 5, 0, 73, '2025-01-01 00:00:00', '2025-01-01 00:00:00');
INSERT INTO prices (id, base_price, sale_price, status, created_date, updated_date) VALUES (421, 49.95, 19, 'active', '2025-01-01 00:00:00', '2025-01-01 00:00:00');
INSERT INTO product_variants (id, product_id, color_id, size_id, price_id, material_id, season_id, status, created_date, updated_date) VALUES (421, 73, 6, 10, 421, 7, 1, 'active', '2025-01-01 00:00:00', '2025-01-01 00:00:00');
INSERT INTO prices (id, base_price, sale_price, status, created_date, updated_date) VALUES (422, 49.95, 19, 'active', '2025-01-01 00:00:00', '2025-01-01 00:00:00');
INSERT INTO product_variants (id, product_id, color_id, size_id, price_id, material_id, season_id, status, created_date, updated_date) VALUES (422, 73, 6, 8, 422, 6, 3, 'active', '2025-01-01 00:00:00', '2025-01-01 00:00:00');
INSERT INTO prices (id, base_price, sale_price, status, created_date, updated_date) VALUES (423, 49.95, 19, 'active', '2025-01-01 00:00:00', '2025-01-01 00:00:00');
INSERT INTO product_variants (id, product_id, color_id, size_id, price_id, material_id, season_id, status, created_date, updated_date) VALUES (423, 73, 13, 2, 423, 1, 1, 'active', '2025-01-01 00:00:00', '2025-01-01 00:00:00');
INSERT INTO prices (id, base_price, sale_price, status, created_date, updated_date) VALUES (424, 49.95, 19, 'active', '2025-01-01 00:00:00', '2025-01-01 00:00:00');
INSERT INTO product_variants (id, product_id, color_id, size_id, price_id, material_id, season_id, status, created_date, updated_date) VALUES (424, 73, 13, 6, 424, 5, 1, 'active', '2025-01-01 00:00:00', '2025-01-01 00:00:00');
INSERT INTO product (id, name, description, category_id, status, created_date, updated_date, created_by, updated_by) VALUES (74, 'Toddler Denim Clogs', 'Description for Toddler Denim Clogs', 4, 'active', '2025-01-01 00:00:00', '2025-01-01 00:00:00', 1, 1);
INSERT INTO product_image (id, image_url, display_order, is_primary, product_id, created_date, updated_date) VALUES (461, 'https://www1.assets-gap.com/webcontent/0060/159/685/cn60159685.jpg?q=h&w=1152', 0, 1, 74, '2025-01-01 00:00:00', '2025-01-01 00:00:00');
INSERT INTO product_image (id, image_url, display_order, is_primary, product_id, created_date, updated_date) VALUES (462, 'https://www.gap.com/webcontent/0060/159/662/cn60159662.jpg', 1, 0, 74, '2025-01-01 00:00:00', '2025-01-01 00:00:00');
INSERT INTO product_image (id, image_url, display_order, is_primary, product_id, created_date, updated_date) VALUES (463, 'https://www.gap.com/webcontent/0060/162/255/cn60162255.jpg', 2, 0, 74, '2025-01-01 00:00:00', '2025-01-01 00:00:00');
INSERT INTO product_image (id, image_url, display_order, is_primary, product_id, created_date, updated_date) VALUES (464, 'https://www.gap.com/webcontent/0060/162/262/cn60162262.jpg', 3, 0, 74, '2025-01-01 00:00:00', '2025-01-01 00:00:00');
INSERT INTO product_image (id, image_url, display_order, is_primary, product_id, created_date, updated_date) VALUES (465, 'https://www.gap.com/webcontent/0060/158/687/cn60158687.jpg', 4, 0, 74, '2025-01-01 00:00:00', '2025-01-01 00:00:00');
INSERT INTO product_image (id, image_url, display_order, is_primary, product_id, created_date, updated_date) VALUES (466, 'https://www.gap.com/webcontent/0060/158/690/cn60158690.jpg', 5, 0, 74, '2025-01-01 00:00:00', '2025-01-01 00:00:00');
INSERT INTO prices (id, base_price, sale_price, status, created_date, updated_date) VALUES (425, 34.95, 13, 'active', '2025-01-01 00:00:00', '2025-01-01 00:00:00');
INSERT INTO product_variants (id, product_id, color_id, size_id, price_id, material_id, season_id, status, created_date, updated_date) VALUES (425, 74, 5, 1, 425, 6, 1, 'active', '2025-01-01 00:00:00', '2025-01-01 00:00:00');
INSERT INTO prices (id, base_price, sale_price, status, created_date, updated_date) VALUES (426, 34.95, 13, 'active', '2025-01-01 00:00:00', '2025-01-01 00:00:00');
INSERT INTO product_variants (id, product_id, color_id, size_id, price_id, material_id, season_id, status, created_date, updated_date) VALUES (426, 74, 5, 9, 426, 1, 3, 'active', '2025-01-01 00:00:00', '2025-01-01 00:00:00');
INSERT INTO product (id, name, description, category_id, status, created_date, updated_date, created_by, updated_by) VALUES (75, 'Kids Bow Ankle Boots', 'Description for Kids Bow Ankle Boots', 4, 'active', '2025-01-01 00:00:00', '2025-01-01 00:00:00', 1, 1);
INSERT INTO product_image (id, image_url, display_order, is_primary, product_id, created_date, updated_date) VALUES (467, 'https://www1.assets-gap.com/webcontent/0060/416/273/cn60416273.jpg?q=h&w=1152', 0, 1, 75, '2025-01-01 00:00:00', '2025-01-01 00:00:00');
INSERT INTO product_image (id, image_url, display_order, is_primary, product_id, created_date, updated_date) VALUES (468, 'https://www.gap.com/webcontent/0060/416/259/cn60416259.jpg', 1, 0, 75, '2025-01-01 00:00:00', '2025-01-01 00:00:00');
INSERT INTO product_image (id, image_url, display_order, is_primary, product_id, created_date, updated_date) VALUES (469, 'https://www.gap.com/webcontent/0060/415/353/cn60415353.jpg', 2, 0, 75, '2025-01-01 00:00:00', '2025-01-01 00:00:00');
INSERT INTO product_image (id, image_url, display_order, is_primary, product_id, created_date, updated_date) VALUES (470, 'https://www.gap.com/webcontent/0060/415/368/cn60415368.jpg', 3, 0, 75, '2025-01-01 00:00:00', '2025-01-01 00:00:00');
INSERT INTO product_image (id, image_url, display_order, is_primary, product_id, created_date, updated_date) VALUES (471, 'https://www.gap.com/webcontent/0060/415/370/cn60415370.jpg', 4, 0, 75, '2025-01-01 00:00:00', '2025-01-01 00:00:00');
INSERT INTO product_image (id, image_url, display_order, is_primary, product_id, created_date, updated_date) VALUES (472, 'https://www.gap.com/webcontent/0060/415/379/cn60415379.jpg', 5, 0, 75, '2025-01-01 00:00:00', '2025-01-01 00:00:00');
INSERT INTO prices (id, base_price, sale_price, status, created_date, updated_date) VALUES (427, 59.95, 29, 'active', '2025-01-01 00:00:00', '2025-01-01 00:00:00');
INSERT INTO product_variants (id, product_id, color_id, size_id, price_id, material_id, season_id, status, created_date, updated_date) VALUES (427, 75, 6, 3, 427, 2, 1, 'active', '2025-01-01 00:00:00', '2025-01-01 00:00:00');
INSERT INTO prices (id, base_price, sale_price, status, created_date, updated_date) VALUES (428, 59.95, 29, 'active', '2025-01-01 00:00:00', '2025-01-01 00:00:00');
INSERT INTO product_variants (id, product_id, color_id, size_id, price_id, material_id, season_id, status, created_date, updated_date) VALUES (428, 75, 6, 8, 428, 4, 3, 'active', '2025-01-01 00:00:00', '2025-01-01 00:00:00');
INSERT INTO product (id, name, description, category_id, status, created_date, updated_date, created_by, updated_by) VALUES (76, 'Toddler Jelly Flower Sandals', 'Description for Toddler Jelly Flower Sandals', 4, 'active', '2025-01-01 00:00:00', '2025-01-01 00:00:00', 1, 1);
INSERT INTO product_image (id, image_url, display_order, is_primary, product_id, created_date, updated_date) VALUES (473, 'https://www1.assets-gap.com/webcontent/0057/333/304/cn57333304.jpg?q=h&w=1152', 0, 1, 76, '2025-01-01 00:00:00', '2025-01-01 00:00:00');
INSERT INTO product_image (id, image_url, display_order, is_primary, product_id, created_date, updated_date) VALUES (474, 'https://www.gap.com/webcontent/0057/333/298/cn57333298.jpg', 1, 0, 76, '2025-01-01 00:00:00', '2025-01-01 00:00:00');
INSERT INTO product_image (id, image_url, display_order, is_primary, product_id, created_date, updated_date) VALUES (475, 'https://www.gap.com/webcontent/0057/333/306/cn57333306.jpg', 2, 0, 76, '2025-01-01 00:00:00', '2025-01-01 00:00:00');
INSERT INTO product_image (id, image_url, display_order, is_primary, product_id, created_date, updated_date) VALUES (476, 'https://www.gap.com/webcontent/0057/333/317/cn57333317.jpg', 3, 0, 76, '2025-01-01 00:00:00', '2025-01-01 00:00:00');
INSERT INTO product_image (id, image_url, display_order, is_primary, product_id, created_date, updated_date) VALUES (477, 'https://www.gap.com/webcontent/0057/333/344/cn57333344.jpg', 4, 0, 76, '2025-01-01 00:00:00', '2025-01-01 00:00:00');
INSERT INTO product_image (id, image_url, display_order, is_primary, product_id, created_date, updated_date) VALUES (478, 'https://www.gap.com/webcontent/0057/333/348/cn57333348.jpg', 5, 0, 76, '2025-01-01 00:00:00', '2025-01-01 00:00:00');
INSERT INTO prices (id, base_price, sale_price, status, created_date, updated_date) VALUES (429, 29.95, 12.97, 'active', '2025-01-01 00:00:00', '2025-01-01 00:00:00');
INSERT INTO product_variants (id, product_id, color_id, size_id, price_id, material_id, season_id, status, created_date, updated_date) VALUES (429, 76, 5, 1, 429, 5, 2, 'active', '2025-01-01 00:00:00', '2025-01-01 00:00:00');
INSERT INTO prices (id, base_price, sale_price, status, created_date, updated_date) VALUES (430, 29.95, 12.97, 'active', '2025-01-01 00:00:00', '2025-01-01 00:00:00');
INSERT INTO product_variants (id, product_id, color_id, size_id, price_id, material_id, season_id, status, created_date, updated_date) VALUES (430, 76, 5, 9, 430, 5, 4, 'active', '2025-01-01 00:00:00', '2025-01-01 00:00:00');
INSERT INTO prices (id, base_price, sale_price, status, created_date, updated_date) VALUES (431, 29.95, 12.97, 'active', '2025-01-01 00:00:00', '2025-01-01 00:00:00');
INSERT INTO product_variants (id, product_id, color_id, size_id, price_id, material_id, season_id, status, created_date, updated_date) VALUES (431, 76, 5, 8, 431, 3, 1, 'active', '2025-01-01 00:00:00', '2025-01-01 00:00:00');
INSERT INTO product (id, name, description, category_id, status, created_date, updated_date, created_by, updated_by) VALUES (77, 'High Rise VintageSoft Relaxed Joggers', 'Description for High Rise VintageSoft Relaxed Joggers', 5, 'active', '2025-01-01 00:00:00', '2025-01-01 00:00:00', 1, 1);
INSERT INTO product_image (id, image_url, display_order, is_primary, product_id, created_date, updated_date) VALUES (479, 'https://www1.assets-gap.com/webcontent/0059/151/338/cn59151338.jpg?q=h&w=1152', 0, 1, 77, '2025-01-01 00:00:00', '2025-01-01 00:00:00');
INSERT INTO product_image (id, image_url, display_order, is_primary, product_id, created_date, updated_date) VALUES (480, 'https://www.gap.com/webcontent/0059/151/311/cn59151311.jpg', 1, 0, 77, '2025-01-01 00:00:00', '2025-01-01 00:00:00');
INSERT INTO product_image (id, image_url, display_order, is_primary, product_id, created_date, updated_date) VALUES (481, 'https://www.gap.com/webcontent/0059/151/387/cn59151387.jpg', 2, 0, 77, '2025-01-01 00:00:00', '2025-01-01 00:00:00');
INSERT INTO product_image (id, image_url, display_order, is_primary, product_id, created_date, updated_date) VALUES (482, 'https://www.gap.com/webcontent/0059/151/074/cn59151074.jpg', 3, 0, 77, '2025-01-01 00:00:00', '2025-01-01 00:00:00');
INSERT INTO product_image (id, image_url, display_order, is_primary, product_id, created_date, updated_date) VALUES (483, 'https://www.gap.com/webcontent/0059/151/339/cn59151339.jpg', 4, 0, 77, '2025-01-01 00:00:00', '2025-01-01 00:00:00');
INSERT INTO product_image (id, image_url, display_order, is_primary, product_id, created_date, updated_date) VALUES (484, 'https://www.gap.com/webcontent/0053/450/970/cn53450970.jpg', 5, 0, 77, '2025-01-01 00:00:00', '2025-01-01 00:00:00');
INSERT INTO product_image (id, image_url, display_order, is_primary, product_id, created_date, updated_date) VALUES (485, 'https://www.gap.com/webcontent/0053/426/050/cn53426050.jpg', 6, 0, 77, '2025-01-01 00:00:00', '2025-01-01 00:00:00');
INSERT INTO product_image (id, image_url, display_order, is_primary, product_id, created_date, updated_date) VALUES (486, 'https://www.gap.com/webcontent/0059/127/143/cn59127143.jpg', 7, 0, 77, '2025-01-01 00:00:00', '2025-01-01 00:00:00');
INSERT INTO product_image (id, image_url, display_order, is_primary, product_id, created_date, updated_date) VALUES (487, 'https://www.gap.com/webcontent/0060/825/655/cn60825655.jpg', 8, 0, 77, '2025-01-01 00:00:00', '2025-01-01 00:00:00');
INSERT INTO prices (id, base_price, sale_price, status, created_date, updated_date) VALUES (432, 59.95, 35, 'active', '2025-01-01 00:00:00', '2025-01-01 00:00:00');
INSERT INTO product_variants (id, product_id, color_id, size_id, price_id, material_id, season_id, status, created_date, updated_date) VALUES (432, 77, 1, 3, 432, 2, 3, 'active', '2025-01-01 00:00:00', '2025-01-01 00:00:00');
INSERT INTO prices (id, base_price, sale_price, status, created_date, updated_date) VALUES (433, 59.95, 35, 'active', '2025-01-01 00:00:00', '2025-01-01 00:00:00');
INSERT INTO product_variants (id, product_id, color_id, size_id, price_id, material_id, season_id, status, created_date, updated_date) VALUES (433, 77, 1, 7, 433, 6, 1, 'active', '2025-01-01 00:00:00', '2025-01-01 00:00:00');
INSERT INTO prices (id, base_price, sale_price, status, created_date, updated_date) VALUES (434, 59.95, 35, 'active', '2025-01-01 00:00:00', '2025-01-01 00:00:00');
INSERT INTO product_variants (id, product_id, color_id, size_id, price_id, material_id, season_id, status, created_date, updated_date) VALUES (434, 77, 3, 5, 434, 1, 2, 'active', '2025-01-01 00:00:00', '2025-01-01 00:00:00');
INSERT INTO prices (id, base_price, sale_price, status, created_date, updated_date) VALUES (435, 59.95, 35, 'active', '2025-01-01 00:00:00', '2025-01-01 00:00:00');
INSERT INTO product_variants (id, product_id, color_id, size_id, price_id, material_id, season_id, status, created_date, updated_date) VALUES (435, 77, 3, 9, 435, 6, 1, 'active', '2025-01-01 00:00:00', '2025-01-01 00:00:00');
INSERT INTO prices (id, base_price, sale_price, status, created_date, updated_date) VALUES (436, 59.95, 35, 'active', '2025-01-01 00:00:00', '2025-01-01 00:00:00');
INSERT INTO product_variants (id, product_id, color_id, size_id, price_id, material_id, season_id, status, created_date, updated_date) VALUES (436, 77, 9, 5, 436, 2, 3, 'active', '2025-01-01 00:00:00', '2025-01-01 00:00:00');
INSERT INTO prices (id, base_price, sale_price, status, created_date, updated_date) VALUES (437, 59.95, 35, 'active', '2025-01-01 00:00:00', '2025-01-01 00:00:00');
INSERT INTO product_variants (id, product_id, color_id, size_id, price_id, material_id, season_id, status, created_date, updated_date) VALUES (437, 77, 3, 1, 437, 7, 4, 'active', '2025-01-01 00:00:00', '2025-01-01 00:00:00');
INSERT INTO prices (id, base_price, sale_price, status, created_date, updated_date) VALUES (438, 59.95, 35, 'active', '2025-01-01 00:00:00', '2025-01-01 00:00:00');
INSERT INTO product_variants (id, product_id, color_id, size_id, price_id, material_id, season_id, status, created_date, updated_date) VALUES (438, 77, 3, 3, 438, 2, 2, 'active', '2025-01-01 00:00:00', '2025-01-01 00:00:00');
INSERT INTO prices (id, base_price, sale_price, status, created_date, updated_date) VALUES (439, 59.95, 35, 'active', '2025-01-01 00:00:00', '2025-01-01 00:00:00');
INSERT INTO product_variants (id, product_id, color_id, size_id, price_id, material_id, season_id, status, created_date, updated_date) VALUES (439, 77, 3, 5, 439, 7, 4, 'active', '2025-01-01 00:00:00', '2025-01-01 00:00:00');
INSERT INTO prices (id, base_price, sale_price, status, created_date, updated_date) VALUES (440, 59.95, 35, 'active', '2025-01-01 00:00:00', '2025-01-01 00:00:00');
INSERT INTO product_variants (id, product_id, color_id, size_id, price_id, material_id, season_id, status, created_date, updated_date) VALUES (440, 77, 11, 7, 440, 4, 3, 'active', '2025-01-01 00:00:00', '2025-01-01 00:00:00');
INSERT INTO prices (id, base_price, sale_price, status, created_date, updated_date) VALUES (441, 59.95, 35, 'active', '2025-01-01 00:00:00', '2025-01-01 00:00:00');
INSERT INTO product_variants (id, product_id, color_id, size_id, price_id, material_id, season_id, status, created_date, updated_date) VALUES (441, 77, 11, 6, 441, 1, 1, 'active', '2025-01-01 00:00:00', '2025-01-01 00:00:00');
INSERT INTO prices (id, base_price, sale_price, status, created_date, updated_date) VALUES (442, 59.95, 35, 'active', '2025-01-01 00:00:00', '2025-01-01 00:00:00');
INSERT INTO product_variants (id, product_id, color_id, size_id, price_id, material_id, season_id, status, created_date, updated_date) VALUES (442, 77, 4, 4, 442, 5, 1, 'active', '2025-01-01 00:00:00', '2025-01-01 00:00:00');
INSERT INTO prices (id, base_price, sale_price, status, created_date, updated_date) VALUES (443, 59.95, 35, 'active', '2025-01-01 00:00:00', '2025-01-01 00:00:00');
INSERT INTO product_variants (id, product_id, color_id, size_id, price_id, material_id, season_id, status, created_date, updated_date) VALUES (443, 77, 4, 7, 443, 6, 4, 'active', '2025-01-01 00:00:00', '2025-01-01 00:00:00');
INSERT INTO prices (id, base_price, sale_price, status, created_date, updated_date) VALUES (444, 59.95, 35, 'active', '2025-01-01 00:00:00', '2025-01-01 00:00:00');
INSERT INTO product_variants (id, product_id, color_id, size_id, price_id, material_id, season_id, status, created_date, updated_date) VALUES (444, 77, 4, 8, 444, 7, 4, 'active', '2025-01-01 00:00:00', '2025-01-01 00:00:00');
INSERT INTO prices (id, base_price, sale_price, status, created_date, updated_date) VALUES (445, 59.95, 35, 'active', '2025-01-01 00:00:00', '2025-01-01 00:00:00');
INSERT INTO product_variants (id, product_id, color_id, size_id, price_id, material_id, season_id, status, created_date, updated_date) VALUES (445, 77, 4, 5, 445, 3, 2, 'active', '2025-01-01 00:00:00', '2025-01-01 00:00:00');
INSERT INTO prices (id, base_price, sale_price, status, created_date, updated_date) VALUES (446, 59.95, 35, 'active', '2025-01-01 00:00:00', '2025-01-01 00:00:00');
INSERT INTO product_variants (id, product_id, color_id, size_id, price_id, material_id, season_id, status, created_date, updated_date) VALUES (446, 77, 4, 2, 446, 3, 3, 'active', '2025-01-01 00:00:00', '2025-01-01 00:00:00');
INSERT INTO prices (id, base_price, sale_price, status, created_date, updated_date) VALUES (447, 59.95, 35, 'active', '2025-01-01 00:00:00', '2025-01-01 00:00:00');
INSERT INTO product_variants (id, product_id, color_id, size_id, price_id, material_id, season_id, status, created_date, updated_date) VALUES (447, 77, 2, 3, 447, 4, 3, 'active', '2025-01-01 00:00:00', '2025-01-01 00:00:00');
INSERT INTO prices (id, base_price, sale_price, status, created_date, updated_date) VALUES (448, 59.95, 35, 'active', '2025-01-01 00:00:00', '2025-01-01 00:00:00');
INSERT INTO product_variants (id, product_id, color_id, size_id, price_id, material_id, season_id, status, created_date, updated_date) VALUES (448, 77, 2, 1, 448, 2, 4, 'active', '2025-01-01 00:00:00', '2025-01-01 00:00:00');
INSERT INTO prices (id, base_price, sale_price, status, created_date, updated_date) VALUES (449, 59.95, 35, 'active', '2025-01-01 00:00:00', '2025-01-01 00:00:00');
INSERT INTO product_variants (id, product_id, color_id, size_id, price_id, material_id, season_id, status, created_date, updated_date) VALUES (449, 77, 2, 5, 449, 4, 3, 'active', '2025-01-01 00:00:00', '2025-01-01 00:00:00');
INSERT INTO prices (id, base_price, sale_price, status, created_date, updated_date) VALUES (450, 59.95, 35, 'active', '2025-01-01 00:00:00', '2025-01-01 00:00:00');
INSERT INTO product_variants (id, product_id, color_id, size_id, price_id, material_id, season_id, status, created_date, updated_date) VALUES (450, 77, 10, 5, 450, 6, 4, 'active', '2025-01-01 00:00:00', '2025-01-01 00:00:00');
INSERT INTO prices (id, base_price, sale_price, status, created_date, updated_date) VALUES (451, 59.95, 35, 'active', '2025-01-01 00:00:00', '2025-01-01 00:00:00');
INSERT INTO product_variants (id, product_id, color_id, size_id, price_id, material_id, season_id, status, created_date, updated_date) VALUES (451, 77, 10, 7, 451, 4, 2, 'active', '2025-01-01 00:00:00', '2025-01-01 00:00:00');
INSERT INTO prices (id, base_price, sale_price, status, created_date, updated_date) VALUES (452, 59.95, 35, 'active', '2025-01-01 00:00:00', '2025-01-01 00:00:00');
INSERT INTO product_variants (id, product_id, color_id, size_id, price_id, material_id, season_id, status, created_date, updated_date) VALUES (452, 77, 10, 6, 452, 5, 1, 'active', '2025-01-01 00:00:00', '2025-01-01 00:00:00');
INSERT INTO prices (id, base_price, sale_price, status, created_date, updated_date) VALUES (453, 59.95, 35, 'active', '2025-01-01 00:00:00', '2025-01-01 00:00:00');
INSERT INTO product_variants (id, product_id, color_id, size_id, price_id, material_id, season_id, status, created_date, updated_date) VALUES (453, 77, 3, 1, 453, 5, 1, 'active', '2025-01-01 00:00:00', '2025-01-01 00:00:00');
INSERT INTO prices (id, base_price, sale_price, status, created_date, updated_date) VALUES (454, 59.95, 35, 'active', '2025-01-01 00:00:00', '2025-01-01 00:00:00');
INSERT INTO product_variants (id, product_id, color_id, size_id, price_id, material_id, season_id, status, created_date, updated_date) VALUES (454, 77, 3, 3, 454, 2, 3, 'active', '2025-01-01 00:00:00', '2025-01-01 00:00:00');
INSERT INTO prices (id, base_price, sale_price, status, created_date, updated_date) VALUES (455, 59.95, 35, 'active', '2025-01-01 00:00:00', '2025-01-01 00:00:00');
INSERT INTO product_variants (id, product_id, color_id, size_id, price_id, material_id, season_id, status, created_date, updated_date) VALUES (455, 77, 3, 4, 455, 6, 4, 'active', '2025-01-01 00:00:00', '2025-01-01 00:00:00');
INSERT INTO prices (id, base_price, sale_price, status, created_date, updated_date) VALUES (456, 59.95, 35, 'active', '2025-01-01 00:00:00', '2025-01-01 00:00:00');
INSERT INTO product_variants (id, product_id, color_id, size_id, price_id, material_id, season_id, status, created_date, updated_date) VALUES (456, 77, 9, 6, 456, 2, 1, 'active', '2025-01-01 00:00:00', '2025-01-01 00:00:00');
INSERT INTO prices (id, base_price, sale_price, status, created_date, updated_date) VALUES (457, 59.95, 35, 'active', '2025-01-01 00:00:00', '2025-01-01 00:00:00');
INSERT INTO product_variants (id, product_id, color_id, size_id, price_id, material_id, season_id, status, created_date, updated_date) VALUES (457, 77, 9, 1, 457, 3, 3, 'active', '2025-01-01 00:00:00', '2025-01-01 00:00:00');
INSERT INTO prices (id, base_price, sale_price, status, created_date, updated_date) VALUES (458, 59.95, 35, 'active', '2025-01-01 00:00:00', '2025-01-01 00:00:00');
INSERT INTO product_variants (id, product_id, color_id, size_id, price_id, material_id, season_id, status, created_date, updated_date) VALUES (458, 77, 2, 3, 458, 5, 4, 'active', '2025-01-01 00:00:00', '2025-01-01 00:00:00');
INSERT INTO prices (id, base_price, sale_price, status, created_date, updated_date) VALUES (459, 59.95, 35, 'active', '2025-01-01 00:00:00', '2025-01-01 00:00:00');
INSERT INTO product_variants (id, product_id, color_id, size_id, price_id, material_id, season_id, status, created_date, updated_date) VALUES (459, 77, 2, 4, 459, 3, 4, 'active', '2025-01-01 00:00:00', '2025-01-01 00:00:00');
INSERT INTO prices (id, base_price, sale_price, status, created_date, updated_date) VALUES (460, 59.95, 35, 'active', '2025-01-01 00:00:00', '2025-01-01 00:00:00');
INSERT INTO product_variants (id, product_id, color_id, size_id, price_id, material_id, season_id, status, created_date, updated_date) VALUES (460, 77, 3, 9, 460, 5, 4, 'active', '2025-01-01 00:00:00', '2025-01-01 00:00:00');
INSERT INTO prices (id, base_price, sale_price, status, created_date, updated_date) VALUES (461, 59.95, 35, 'active', '2025-01-01 00:00:00', '2025-01-01 00:00:00');
INSERT INTO product_variants (id, product_id, color_id, size_id, price_id, material_id, season_id, status, created_date, updated_date) VALUES (461, 77, 3, 7, 461, 6, 2, 'active', '2025-01-01 00:00:00', '2025-01-01 00:00:00');
INSERT INTO prices (id, base_price, sale_price, status, created_date, updated_date) VALUES (462, 59.95, 35, 'active', '2025-01-01 00:00:00', '2025-01-01 00:00:00');
INSERT INTO product_variants (id, product_id, color_id, size_id, price_id, material_id, season_id, status, created_date, updated_date) VALUES (462, 77, 3, 2, 462, 1, 3, 'active', '2025-01-01 00:00:00', '2025-01-01 00:00:00');
INSERT INTO prices (id, base_price, sale_price, status, created_date, updated_date) VALUES (463, 59.95, 35, 'active', '2025-01-01 00:00:00', '2025-01-01 00:00:00');
INSERT INTO product_variants (id, product_id, color_id, size_id, price_id, material_id, season_id, status, created_date, updated_date) VALUES (463, 77, 14, 5, 463, 1, 3, 'active', '2025-01-01 00:00:00', '2025-01-01 00:00:00');
INSERT INTO prices (id, base_price, sale_price, status, created_date, updated_date) VALUES (464, 59.95, 35, 'active', '2025-01-01 00:00:00', '2025-01-01 00:00:00');
INSERT INTO product_variants (id, product_id, color_id, size_id, price_id, material_id, season_id, status, created_date, updated_date) VALUES (464, 77, 14, 2, 464, 5, 2, 'active', '2025-01-01 00:00:00', '2025-01-01 00:00:00');
INSERT INTO prices (id, base_price, sale_price, status, created_date, updated_date) VALUES (465, 59.95, 35, 'active', '2025-01-01 00:00:00', '2025-01-01 00:00:00');
INSERT INTO product_variants (id, product_id, color_id, size_id, price_id, material_id, season_id, status, created_date, updated_date) VALUES (465, 77, 14, 7, 465, 2, 1, 'active', '2025-01-01 00:00:00', '2025-01-01 00:00:00');
INSERT INTO prices (id, base_price, sale_price, status, created_date, updated_date) VALUES (466, 59.95, 35, 'active', '2025-01-01 00:00:00', '2025-01-01 00:00:00');
INSERT INTO product_variants (id, product_id, color_id, size_id, price_id, material_id, season_id, status, created_date, updated_date) VALUES (466, 77, 11, 9, 466, 5, 3, 'active', '2025-01-01 00:00:00', '2025-01-01 00:00:00');
INSERT INTO prices (id, base_price, sale_price, status, created_date, updated_date) VALUES (467, 59.95, 35, 'active', '2025-01-01 00:00:00', '2025-01-01 00:00:00');
INSERT INTO product_variants (id, product_id, color_id, size_id, price_id, material_id, season_id, status, created_date, updated_date) VALUES (467, 77, 11, 5, 467, 7, 4, 'active', '2025-01-01 00:00:00', '2025-01-01 00:00:00');
INSERT INTO prices (id, base_price, sale_price, status, created_date, updated_date) VALUES (468, 59.95, 35, 'active', '2025-01-01 00:00:00', '2025-01-01 00:00:00');
INSERT INTO product_variants (id, product_id, color_id, size_id, price_id, material_id, season_id, status, created_date, updated_date) VALUES (468, 77, 11, 1, 468, 1, 1, 'active', '2025-01-01 00:00:00', '2025-01-01 00:00:00');
INSERT INTO prices (id, base_price, sale_price, status, created_date, updated_date) VALUES (469, 59.95, 35, 'active', '2025-01-01 00:00:00', '2025-01-01 00:00:00');
INSERT INTO product_variants (id, product_id, color_id, size_id, price_id, material_id, season_id, status, created_date, updated_date) VALUES (469, 77, 7, 9, 469, 5, 1, 'active', '2025-01-01 00:00:00', '2025-01-01 00:00:00');
INSERT INTO prices (id, base_price, sale_price, status, created_date, updated_date) VALUES (470, 59.95, 35, 'active', '2025-01-01 00:00:00', '2025-01-01 00:00:00');
INSERT INTO product_variants (id, product_id, color_id, size_id, price_id, material_id, season_id, status, created_date, updated_date) VALUES (470, 77, 7, 7, 470, 2, 3, 'active', '2025-01-01 00:00:00', '2025-01-01 00:00:00');
INSERT INTO prices (id, base_price, sale_price, status, created_date, updated_date) VALUES (471, 59.95, 35, 'active', '2025-01-01 00:00:00', '2025-01-01 00:00:00');
INSERT INTO product_variants (id, product_id, color_id, size_id, price_id, material_id, season_id, status, created_date, updated_date) VALUES (471, 77, 6, 6, 471, 7, 3, 'active', '2025-01-01 00:00:00', '2025-01-01 00:00:00');
INSERT INTO prices (id, base_price, sale_price, status, created_date, updated_date) VALUES (472, 59.95, 35, 'active', '2025-01-01 00:00:00', '2025-01-01 00:00:00');
INSERT INTO product_variants (id, product_id, color_id, size_id, price_id, material_id, season_id, status, created_date, updated_date) VALUES (472, 77, 6, 10, 472, 7, 1, 'active', '2025-01-01 00:00:00', '2025-01-01 00:00:00');
INSERT INTO prices (id, base_price, sale_price, status, created_date, updated_date) VALUES (473, 59.95, 35, 'active', '2025-01-01 00:00:00', '2025-01-01 00:00:00');
INSERT INTO product_variants (id, product_id, color_id, size_id, price_id, material_id, season_id, status, created_date, updated_date) VALUES (473, 77, 6, 5, 473, 4, 2, 'active', '2025-01-01 00:00:00', '2025-01-01 00:00:00');
INSERT INTO product (id, name, description, category_id, status, created_date, updated_date, created_by, updated_by) VALUES (78, 'High Rise VintageSoft Relaxed Joggers', 'Description for High Rise VintageSoft Relaxed Joggers', 5, 'active', '2025-01-01 00:00:00', '2025-01-01 00:00:00', 1, 1);
INSERT INTO product_image (id, image_url, display_order, is_primary, product_id, created_date, updated_date) VALUES (488, 'https://www1.assets-gap.com/webcontent/0061/333/022/cn61333022.jpg?q=h&w=1152', 0, 1, 78, '2025-01-01 00:00:00', '2025-01-01 00:00:00');
INSERT INTO product_image (id, image_url, display_order, is_primary, product_id, created_date, updated_date) VALUES (489, 'https://www.gap.com/webcontent/0061/332/978/cn61332978.jpg', 1, 0, 78, '2025-01-01 00:00:00', '2025-01-01 00:00:00');
INSERT INTO product_image (id, image_url, display_order, is_primary, product_id, created_date, updated_date) VALUES (490, 'https://www.gap.com/webcontent/0061/332/999/cn61332999.jpg', 2, 0, 78, '2025-01-01 00:00:00', '2025-01-01 00:00:00');
INSERT INTO product_image (id, image_url, display_order, is_primary, product_id, created_date, updated_date) VALUES (491, 'https://www.gap.com/webcontent/0061/333/007/cn61333007.jpg', 3, 0, 78, '2025-01-01 00:00:00', '2025-01-01 00:00:00');
INSERT INTO product_image (id, image_url, display_order, is_primary, product_id, created_date, updated_date) VALUES (492, 'https://www.gap.com/webcontent/0061/332/982/cn61332982.jpg', 4, 0, 78, '2025-01-01 00:00:00', '2025-01-01 00:00:00');
INSERT INTO product_image (id, image_url, display_order, is_primary, product_id, created_date, updated_date) VALUES (493, 'https://www.gap.com/webcontent/0061/333/011/cn61333011.jpg', 5, 0, 78, '2025-01-01 00:00:00', '2025-01-01 00:00:00');
INSERT INTO product_image (id, image_url, display_order, is_primary, product_id, created_date, updated_date) VALUES (494, 'https://www.gap.com/webcontent/0060/824/371/cn60824371.jpg', 6, 0, 78, '2025-01-01 00:00:00', '2025-01-01 00:00:00');
INSERT INTO prices (id, base_price, sale_price, status, created_date, updated_date) VALUES (474, 59.95, 35, 'active', '2025-01-01 00:00:00', '2025-01-01 00:00:00');
INSERT INTO product_variants (id, product_id, color_id, size_id, price_id, material_id, season_id, status, created_date, updated_date) VALUES (474, 78, 1, 7, 474, 2, 3, 'active', '2025-01-01 00:00:00', '2025-01-01 00:00:00');
INSERT INTO prices (id, base_price, sale_price, status, created_date, updated_date) VALUES (475, 59.95, 35, 'active', '2025-01-01 00:00:00', '2025-01-01 00:00:00');
INSERT INTO product_variants (id, product_id, color_id, size_id, price_id, material_id, season_id, status, created_date, updated_date) VALUES (475, 78, 1, 8, 475, 6, 4, 'active', '2025-01-01 00:00:00', '2025-01-01 00:00:00');
INSERT INTO prices (id, base_price, sale_price, status, created_date, updated_date) VALUES (476, 59.95, 35, 'active', '2025-01-01 00:00:00', '2025-01-01 00:00:00');
INSERT INTO product_variants (id, product_id, color_id, size_id, price_id, material_id, season_id, status, created_date, updated_date) VALUES (476, 78, 3, 3, 476, 5, 2, 'active', '2025-01-01 00:00:00', '2025-01-01 00:00:00');
INSERT INTO prices (id, base_price, sale_price, status, created_date, updated_date) VALUES (477, 59.95, 35, 'active', '2025-01-01 00:00:00', '2025-01-01 00:00:00');
INSERT INTO product_variants (id, product_id, color_id, size_id, price_id, material_id, season_id, status, created_date, updated_date) VALUES (477, 78, 3, 2, 477, 2, 4, 'active', '2025-01-01 00:00:00', '2025-01-01 00:00:00');
INSERT INTO prices (id, base_price, sale_price, status, created_date, updated_date) VALUES (478, 59.95, 35, 'active', '2025-01-01 00:00:00', '2025-01-01 00:00:00');
INSERT INTO product_variants (id, product_id, color_id, size_id, price_id, material_id, season_id, status, created_date, updated_date) VALUES (478, 78, 3, 4, 478, 6, 2, 'active', '2025-01-01 00:00:00', '2025-01-01 00:00:00');
INSERT INTO prices (id, base_price, sale_price, status, created_date, updated_date) VALUES (479, 59.95, 35, 'active', '2025-01-01 00:00:00', '2025-01-01 00:00:00');
INSERT INTO product_variants (id, product_id, color_id, size_id, price_id, material_id, season_id, status, created_date, updated_date) VALUES (479, 78, 9, 2, 479, 5, 4, 'active', '2025-01-01 00:00:00', '2025-01-01 00:00:00');
INSERT INTO prices (id, base_price, sale_price, status, created_date, updated_date) VALUES (480, 59.95, 35, 'active', '2025-01-01 00:00:00', '2025-01-01 00:00:00');
INSERT INTO product_variants (id, product_id, color_id, size_id, price_id, material_id, season_id, status, created_date, updated_date) VALUES (480, 78, 9, 3, 480, 1, 2, 'active', '2025-01-01 00:00:00', '2025-01-01 00:00:00');
INSERT INTO prices (id, base_price, sale_price, status, created_date, updated_date) VALUES (481, 59.95, 35, 'active', '2025-01-01 00:00:00', '2025-01-01 00:00:00');
INSERT INTO product_variants (id, product_id, color_id, size_id, price_id, material_id, season_id, status, created_date, updated_date) VALUES (481, 78, 3, 4, 481, 1, 4, 'active', '2025-01-01 00:00:00', '2025-01-01 00:00:00');
INSERT INTO prices (id, base_price, sale_price, status, created_date, updated_date) VALUES (482, 59.95, 35, 'active', '2025-01-01 00:00:00', '2025-01-01 00:00:00');
INSERT INTO product_variants (id, product_id, color_id, size_id, price_id, material_id, season_id, status, created_date, updated_date) VALUES (482, 78, 3, 7, 482, 5, 2, 'active', '2025-01-01 00:00:00', '2025-01-01 00:00:00');
INSERT INTO prices (id, base_price, sale_price, status, created_date, updated_date) VALUES (483, 59.95, 35, 'active', '2025-01-01 00:00:00', '2025-01-01 00:00:00');
INSERT INTO product_variants (id, product_id, color_id, size_id, price_id, material_id, season_id, status, created_date, updated_date) VALUES (483, 78, 11, 8, 483, 3, 4, 'active', '2025-01-01 00:00:00', '2025-01-01 00:00:00');
INSERT INTO prices (id, base_price, sale_price, status, created_date, updated_date) VALUES (484, 59.95, 35, 'active', '2025-01-01 00:00:00', '2025-01-01 00:00:00');
INSERT INTO product_variants (id, product_id, color_id, size_id, price_id, material_id, season_id, status, created_date, updated_date) VALUES (484, 78, 11, 4, 484, 3, 2, 'active', '2025-01-01 00:00:00', '2025-01-01 00:00:00');
INSERT INTO prices (id, base_price, sale_price, status, created_date, updated_date) VALUES (485, 59.95, 35, 'active', '2025-01-01 00:00:00', '2025-01-01 00:00:00');
INSERT INTO product_variants (id, product_id, color_id, size_id, price_id, material_id, season_id, status, created_date, updated_date) VALUES (485, 78, 4, 1, 485, 1, 3, 'active', '2025-01-01 00:00:00', '2025-01-01 00:00:00');
INSERT INTO prices (id, base_price, sale_price, status, created_date, updated_date) VALUES (486, 59.95, 35, 'active', '2025-01-01 00:00:00', '2025-01-01 00:00:00');
INSERT INTO product_variants (id, product_id, color_id, size_id, price_id, material_id, season_id, status, created_date, updated_date) VALUES (486, 78, 4, 5, 486, 5, 3, 'active', '2025-01-01 00:00:00', '2025-01-01 00:00:00');
INSERT INTO prices (id, base_price, sale_price, status, created_date, updated_date) VALUES (487, 59.95, 35, 'active', '2025-01-01 00:00:00', '2025-01-01 00:00:00');
INSERT INTO product_variants (id, product_id, color_id, size_id, price_id, material_id, season_id, status, created_date, updated_date) VALUES (487, 78, 4, 6, 487, 6, 4, 'active', '2025-01-01 00:00:00', '2025-01-01 00:00:00');
INSERT INTO prices (id, base_price, sale_price, status, created_date, updated_date) VALUES (488, 59.95, 35, 'active', '2025-01-01 00:00:00', '2025-01-01 00:00:00');
INSERT INTO product_variants (id, product_id, color_id, size_id, price_id, material_id, season_id, status, created_date, updated_date) VALUES (488, 78, 4, 9, 488, 4, 4, 'active', '2025-01-01 00:00:00', '2025-01-01 00:00:00');
INSERT INTO prices (id, base_price, sale_price, status, created_date, updated_date) VALUES (489, 59.95, 35, 'active', '2025-01-01 00:00:00', '2025-01-01 00:00:00');
INSERT INTO product_variants (id, product_id, color_id, size_id, price_id, material_id, season_id, status, created_date, updated_date) VALUES (489, 78, 2, 3, 489, 1, 1, 'active', '2025-01-01 00:00:00', '2025-01-01 00:00:00');
INSERT INTO prices (id, base_price, sale_price, status, created_date, updated_date) VALUES (490, 59.95, 35, 'active', '2025-01-01 00:00:00', '2025-01-01 00:00:00');
INSERT INTO product_variants (id, product_id, color_id, size_id, price_id, material_id, season_id, status, created_date, updated_date) VALUES (490, 78, 2, 4, 490, 1, 4, 'active', '2025-01-01 00:00:00', '2025-01-01 00:00:00');
INSERT INTO prices (id, base_price, sale_price, status, created_date, updated_date) VALUES (491, 59.95, 35, 'active', '2025-01-01 00:00:00', '2025-01-01 00:00:00');
INSERT INTO product_variants (id, product_id, color_id, size_id, price_id, material_id, season_id, status, created_date, updated_date) VALUES (491, 78, 2, 8, 491, 3, 3, 'active', '2025-01-01 00:00:00', '2025-01-01 00:00:00');
INSERT INTO prices (id, base_price, sale_price, status, created_date, updated_date) VALUES (492, 59.95, 35, 'active', '2025-01-01 00:00:00', '2025-01-01 00:00:00');
INSERT INTO product_variants (id, product_id, color_id, size_id, price_id, material_id, season_id, status, created_date, updated_date) VALUES (492, 78, 10, 7, 492, 6, 3, 'active', '2025-01-01 00:00:00', '2025-01-01 00:00:00');
INSERT INTO prices (id, base_price, sale_price, status, created_date, updated_date) VALUES (493, 59.95, 35, 'active', '2025-01-01 00:00:00', '2025-01-01 00:00:00');
INSERT INTO product_variants (id, product_id, color_id, size_id, price_id, material_id, season_id, status, created_date, updated_date) VALUES (493, 78, 10, 6, 493, 7, 4, 'active', '2025-01-01 00:00:00', '2025-01-01 00:00:00');
INSERT INTO prices (id, base_price, sale_price, status, created_date, updated_date) VALUES (494, 59.95, 35, 'active', '2025-01-01 00:00:00', '2025-01-01 00:00:00');
INSERT INTO product_variants (id, product_id, color_id, size_id, price_id, material_id, season_id, status, created_date, updated_date) VALUES (494, 78, 3, 9, 494, 1, 2, 'active', '2025-01-01 00:00:00', '2025-01-01 00:00:00');
INSERT INTO prices (id, base_price, sale_price, status, created_date, updated_date) VALUES (495, 59.95, 35, 'active', '2025-01-01 00:00:00', '2025-01-01 00:00:00');
INSERT INTO product_variants (id, product_id, color_id, size_id, price_id, material_id, season_id, status, created_date, updated_date) VALUES (495, 78, 9, 9, 495, 1, 3, 'active', '2025-01-01 00:00:00', '2025-01-01 00:00:00');
INSERT INTO prices (id, base_price, sale_price, status, created_date, updated_date) VALUES (496, 59.95, 35, 'active', '2025-01-01 00:00:00', '2025-01-01 00:00:00');
INSERT INTO product_variants (id, product_id, color_id, size_id, price_id, material_id, season_id, status, created_date, updated_date) VALUES (496, 78, 9, 2, 496, 7, 3, 'active', '2025-01-01 00:00:00', '2025-01-01 00:00:00');
INSERT INTO prices (id, base_price, sale_price, status, created_date, updated_date) VALUES (497, 59.95, 35, 'active', '2025-01-01 00:00:00', '2025-01-01 00:00:00');
INSERT INTO product_variants (id, product_id, color_id, size_id, price_id, material_id, season_id, status, created_date, updated_date) VALUES (497, 78, 9, 7, 497, 2, 1, 'active', '2025-01-01 00:00:00', '2025-01-01 00:00:00');
INSERT INTO prices (id, base_price, sale_price, status, created_date, updated_date) VALUES (498, 59.95, 35, 'active', '2025-01-01 00:00:00', '2025-01-01 00:00:00');
INSERT INTO product_variants (id, product_id, color_id, size_id, price_id, material_id, season_id, status, created_date, updated_date) VALUES (498, 78, 2, 9, 498, 3, 2, 'active', '2025-01-01 00:00:00', '2025-01-01 00:00:00');
INSERT INTO prices (id, base_price, sale_price, status, created_date, updated_date) VALUES (499, 59.95, 35, 'active', '2025-01-01 00:00:00', '2025-01-01 00:00:00');
INSERT INTO product_variants (id, product_id, color_id, size_id, price_id, material_id, season_id, status, created_date, updated_date) VALUES (499, 78, 2, 3, 499, 2, 2, 'active', '2025-01-01 00:00:00', '2025-01-01 00:00:00');
INSERT INTO prices (id, base_price, sale_price, status, created_date, updated_date) VALUES (500, 59.95, 35, 'active', '2025-01-01 00:00:00', '2025-01-01 00:00:00');
INSERT INTO product_variants (id, product_id, color_id, size_id, price_id, material_id, season_id, status, created_date, updated_date) VALUES (500, 78, 2, 5, 500, 1, 2, 'active', '2025-01-01 00:00:00', '2025-01-01 00:00:00');
INSERT INTO prices (id, base_price, sale_price, status, created_date, updated_date) VALUES (501, 59.95, 35, 'active', '2025-01-01 00:00:00', '2025-01-01 00:00:00');
INSERT INTO product_variants (id, product_id, color_id, size_id, price_id, material_id, season_id, status, created_date, updated_date) VALUES (501, 78, 3, 7, 501, 2, 2, 'active', '2025-01-01 00:00:00', '2025-01-01 00:00:00');
INSERT INTO prices (id, base_price, sale_price, status, created_date, updated_date) VALUES (502, 59.95, 35, 'active', '2025-01-01 00:00:00', '2025-01-01 00:00:00');
INSERT INTO product_variants (id, product_id, color_id, size_id, price_id, material_id, season_id, status, created_date, updated_date) VALUES (502, 78, 3, 4, 502, 2, 3, 'active', '2025-01-01 00:00:00', '2025-01-01 00:00:00');
INSERT INTO prices (id, base_price, sale_price, status, created_date, updated_date) VALUES (503, 59.95, 35, 'active', '2025-01-01 00:00:00', '2025-01-01 00:00:00');
INSERT INTO product_variants (id, product_id, color_id, size_id, price_id, material_id, season_id, status, created_date, updated_date) VALUES (503, 78, 14, 3, 503, 4, 3, 'active', '2025-01-01 00:00:00', '2025-01-01 00:00:00');
INSERT INTO prices (id, base_price, sale_price, status, created_date, updated_date) VALUES (504, 59.95, 35, 'active', '2025-01-01 00:00:00', '2025-01-01 00:00:00');
INSERT INTO product_variants (id, product_id, color_id, size_id, price_id, material_id, season_id, status, created_date, updated_date) VALUES (504, 78, 14, 5, 504, 3, 3, 'active', '2025-01-01 00:00:00', '2025-01-01 00:00:00');
INSERT INTO prices (id, base_price, sale_price, status, created_date, updated_date) VALUES (505, 59.95, 35, 'active', '2025-01-01 00:00:00', '2025-01-01 00:00:00');
INSERT INTO product_variants (id, product_id, color_id, size_id, price_id, material_id, season_id, status, created_date, updated_date) VALUES (505, 78, 11, 1, 505, 6, 2, 'active', '2025-01-01 00:00:00', '2025-01-01 00:00:00');
INSERT INTO prices (id, base_price, sale_price, status, created_date, updated_date) VALUES (506, 59.95, 35, 'active', '2025-01-01 00:00:00', '2025-01-01 00:00:00');
INSERT INTO product_variants (id, product_id, color_id, size_id, price_id, material_id, season_id, status, created_date, updated_date) VALUES (506, 78, 11, 9, 506, 3, 2, 'active', '2025-01-01 00:00:00', '2025-01-01 00:00:00');
INSERT INTO prices (id, base_price, sale_price, status, created_date, updated_date) VALUES (507, 59.95, 35, 'active', '2025-01-01 00:00:00', '2025-01-01 00:00:00');
INSERT INTO product_variants (id, product_id, color_id, size_id, price_id, material_id, season_id, status, created_date, updated_date) VALUES (507, 78, 11, 3, 507, 1, 4, 'active', '2025-01-01 00:00:00', '2025-01-01 00:00:00');
INSERT INTO prices (id, base_price, sale_price, status, created_date, updated_date) VALUES (508, 59.95, 35, 'active', '2025-01-01 00:00:00', '2025-01-01 00:00:00');
INSERT INTO product_variants (id, product_id, color_id, size_id, price_id, material_id, season_id, status, created_date, updated_date) VALUES (508, 78, 7, 10, 508, 7, 4, 'active', '2025-01-01 00:00:00', '2025-01-01 00:00:00');
INSERT INTO prices (id, base_price, sale_price, status, created_date, updated_date) VALUES (509, 59.95, 35, 'active', '2025-01-01 00:00:00', '2025-01-01 00:00:00');
INSERT INTO product_variants (id, product_id, color_id, size_id, price_id, material_id, season_id, status, created_date, updated_date) VALUES (509, 78, 7, 4, 509, 5, 3, 'active', '2025-01-01 00:00:00', '2025-01-01 00:00:00');
INSERT INTO prices (id, base_price, sale_price, status, created_date, updated_date) VALUES (510, 59.95, 35, 'active', '2025-01-01 00:00:00', '2025-01-01 00:00:00');
INSERT INTO product_variants (id, product_id, color_id, size_id, price_id, material_id, season_id, status, created_date, updated_date) VALUES (510, 78, 6, 4, 510, 3, 4, 'active', '2025-01-01 00:00:00', '2025-01-01 00:00:00');
INSERT INTO prices (id, base_price, sale_price, status, created_date, updated_date) VALUES (511, 59.95, 35, 'active', '2025-01-01 00:00:00', '2025-01-01 00:00:00');
INSERT INTO product_variants (id, product_id, color_id, size_id, price_id, material_id, season_id, status, created_date, updated_date) VALUES (511, 78, 6, 6, 511, 7, 3, 'active', '2025-01-01 00:00:00', '2025-01-01 00:00:00');
INSERT INTO product (id, name, description, category_id, status, created_date, updated_date, created_by, updated_by) VALUES (79, 'VintageSoft Wedge Crewneck Sweatshirt', 'Description for VintageSoft Wedge Crewneck Sweatshirt', 5, 'active', '2025-01-01 00:00:00', '2025-01-01 00:00:00', 1, 1);
INSERT INTO product_image (id, image_url, display_order, is_primary, product_id, created_date, updated_date) VALUES (495, 'https://www1.assets-gap.com/webcontent/0060/601/842/cn60601842.jpg?q=h&w=1152', 0, 1, 79, '2025-01-01 00:00:00', '2025-01-01 00:00:00');
INSERT INTO product_image (id, image_url, display_order, is_primary, product_id, created_date, updated_date) VALUES (496, 'https://www.gap.com/webcontent/0060/601/826/cn60601826.jpg', 1, 0, 79, '2025-01-01 00:00:00', '2025-01-01 00:00:00');
INSERT INTO product_image (id, image_url, display_order, is_primary, product_id, created_date, updated_date) VALUES (497, 'https://www.gap.com/webcontent/0059/356/197/cn59356197.jpg', 2, 0, 79, '2025-01-01 00:00:00', '2025-01-01 00:00:00');
INSERT INTO product_image (id, image_url, display_order, is_primary, product_id, created_date, updated_date) VALUES (498, 'https://www.gap.com/webcontent/0060/601/837/cn60601837.jpg', 3, 0, 79, '2025-01-01 00:00:00', '2025-01-01 00:00:00');
INSERT INTO product_image (id, image_url, display_order, is_primary, product_id, created_date, updated_date) VALUES (499, 'https://www.gap.com/webcontent/0060/719/961/cn60719961.jpg', 4, 0, 79, '2025-01-01 00:00:00', '2025-01-01 00:00:00');
INSERT INTO product_image (id, image_url, display_order, is_primary, product_id, created_date, updated_date) VALUES (500, 'https://www.gap.com/webcontent/0059/434/651/cn59434651.jpg', 5, 0, 79, '2025-01-01 00:00:00', '2025-01-01 00:00:00');
INSERT INTO prices (id, base_price, sale_price, status, created_date, updated_date) VALUES (512, 59.95, 29, 'active', '2025-01-01 00:00:00', '2025-01-01 00:00:00');
INSERT INTO product_variants (id, product_id, color_id, size_id, price_id, material_id, season_id, status, created_date, updated_date) VALUES (512, 79, 4, 9, 512, 7, 3, 'active', '2025-01-01 00:00:00', '2025-01-01 00:00:00');
INSERT INTO prices (id, base_price, sale_price, status, created_date, updated_date) VALUES (513, 59.95, 29, 'active', '2025-01-01 00:00:00', '2025-01-01 00:00:00');
INSERT INTO product_variants (id, product_id, color_id, size_id, price_id, material_id, season_id, status, created_date, updated_date) VALUES (513, 79, 4, 6, 513, 7, 3, 'active', '2025-01-01 00:00:00', '2025-01-01 00:00:00');
INSERT INTO prices (id, base_price, sale_price, status, created_date, updated_date) VALUES (514, 59.95, 29, 'active', '2025-01-01 00:00:00', '2025-01-01 00:00:00');
INSERT INTO product_variants (id, product_id, color_id, size_id, price_id, material_id, season_id, status, created_date, updated_date) VALUES (514, 79, 11, 7, 514, 3, 2, 'active', '2025-01-01 00:00:00', '2025-01-01 00:00:00');
INSERT INTO prices (id, base_price, sale_price, status, created_date, updated_date) VALUES (515, 59.95, 29, 'active', '2025-01-01 00:00:00', '2025-01-01 00:00:00');
INSERT INTO product_variants (id, product_id, color_id, size_id, price_id, material_id, season_id, status, created_date, updated_date) VALUES (515, 79, 11, 3, 515, 1, 1, 'active', '2025-01-01 00:00:00', '2025-01-01 00:00:00');
INSERT INTO prices (id, base_price, sale_price, status, created_date, updated_date) VALUES (516, 59.95, 29, 'active', '2025-01-01 00:00:00', '2025-01-01 00:00:00');
INSERT INTO product_variants (id, product_id, color_id, size_id, price_id, material_id, season_id, status, created_date, updated_date) VALUES (516, 79, 11, 8, 516, 4, 1, 'active', '2025-01-01 00:00:00', '2025-01-01 00:00:00');
INSERT INTO prices (id, base_price, sale_price, status, created_date, updated_date) VALUES (517, 59.95, 29, 'active', '2025-01-01 00:00:00', '2025-01-01 00:00:00');
INSERT INTO product_variants (id, product_id, color_id, size_id, price_id, material_id, season_id, status, created_date, updated_date) VALUES (517, 79, 3, 5, 517, 3, 4, 'active', '2025-01-01 00:00:00', '2025-01-01 00:00:00');
INSERT INTO prices (id, base_price, sale_price, status, created_date, updated_date) VALUES (518, 59.95, 29, 'active', '2025-01-01 00:00:00', '2025-01-01 00:00:00');
INSERT INTO product_variants (id, product_id, color_id, size_id, price_id, material_id, season_id, status, created_date, updated_date) VALUES (518, 79, 3, 3, 518, 5, 2, 'active', '2025-01-01 00:00:00', '2025-01-01 00:00:00');
INSERT INTO prices (id, base_price, sale_price, status, created_date, updated_date) VALUES (519, 59.95, 29, 'active', '2025-01-01 00:00:00', '2025-01-01 00:00:00');
INSERT INTO product_variants (id, product_id, color_id, size_id, price_id, material_id, season_id, status, created_date, updated_date) VALUES (519, 79, 3, 8, 519, 4, 3, 'active', '2025-01-01 00:00:00', '2025-01-01 00:00:00');
INSERT INTO prices (id, base_price, sale_price, status, created_date, updated_date) VALUES (520, 59.95, 29, 'active', '2025-01-01 00:00:00', '2025-01-01 00:00:00');
INSERT INTO product_variants (id, product_id, color_id, size_id, price_id, material_id, season_id, status, created_date, updated_date) VALUES (520, 79, 3, 4, 520, 5, 1, 'active', '2025-01-01 00:00:00', '2025-01-01 00:00:00');
INSERT INTO prices (id, base_price, sale_price, status, created_date, updated_date) VALUES (521, 59.95, 29, 'active', '2025-01-01 00:00:00', '2025-01-01 00:00:00');
INSERT INTO product_variants (id, product_id, color_id, size_id, price_id, material_id, season_id, status, created_date, updated_date) VALUES (521, 79, 6, 3, 521, 4, 1, 'active', '2025-01-01 00:00:00', '2025-01-01 00:00:00');
INSERT INTO prices (id, base_price, sale_price, status, created_date, updated_date) VALUES (522, 59.95, 29, 'active', '2025-01-01 00:00:00', '2025-01-01 00:00:00');
INSERT INTO product_variants (id, product_id, color_id, size_id, price_id, material_id, season_id, status, created_date, updated_date) VALUES (522, 79, 6, 7, 522, 4, 2, 'active', '2025-01-01 00:00:00', '2025-01-01 00:00:00');
INSERT INTO prices (id, base_price, sale_price, status, created_date, updated_date) VALUES (523, 59.95, 29, 'active', '2025-01-01 00:00:00', '2025-01-01 00:00:00');
INSERT INTO product_variants (id, product_id, color_id, size_id, price_id, material_id, season_id, status, created_date, updated_date) VALUES (523, 79, 6, 2, 523, 2, 1, 'active', '2025-01-01 00:00:00', '2025-01-01 00:00:00');
INSERT INTO prices (id, base_price, sale_price, status, created_date, updated_date) VALUES (524, 59.95, 29, 'active', '2025-01-01 00:00:00', '2025-01-01 00:00:00');
INSERT INTO product_variants (id, product_id, color_id, size_id, price_id, material_id, season_id, status, created_date, updated_date) VALUES (524, 79, 3, 6, 524, 1, 3, 'active', '2025-01-01 00:00:00', '2025-01-01 00:00:00');
INSERT INTO prices (id, base_price, sale_price, status, created_date, updated_date) VALUES (525, 59.95, 29, 'active', '2025-01-01 00:00:00', '2025-01-01 00:00:00');
INSERT INTO product_variants (id, product_id, color_id, size_id, price_id, material_id, season_id, status, created_date, updated_date) VALUES (525, 79, 3, 9, 525, 1, 3, 'active', '2025-01-01 00:00:00', '2025-01-01 00:00:00');
INSERT INTO prices (id, base_price, sale_price, status, created_date, updated_date) VALUES (526, 59.95, 29, 'active', '2025-01-01 00:00:00', '2025-01-01 00:00:00');
INSERT INTO product_variants (id, product_id, color_id, size_id, price_id, material_id, season_id, status, created_date, updated_date) VALUES (526, 79, 3, 8, 526, 5, 2, 'active', '2025-01-01 00:00:00', '2025-01-01 00:00:00');
INSERT INTO prices (id, base_price, sale_price, status, created_date, updated_date) VALUES (527, 59.95, 29, 'active', '2025-01-01 00:00:00', '2025-01-01 00:00:00');
INSERT INTO product_variants (id, product_id, color_id, size_id, price_id, material_id, season_id, status, created_date, updated_date) VALUES (527, 79, 3, 1, 527, 2, 1, 'active', '2025-01-01 00:00:00', '2025-01-01 00:00:00');
INSERT INTO prices (id, base_price, sale_price, status, created_date, updated_date) VALUES (528, 59.95, 29, 'active', '2025-01-01 00:00:00', '2025-01-01 00:00:00');
INSERT INTO product_variants (id, product_id, color_id, size_id, price_id, material_id, season_id, status, created_date, updated_date) VALUES (528, 79, 3, 6, 528, 5, 3, 'active', '2025-01-01 00:00:00', '2025-01-01 00:00:00');
INSERT INTO prices (id, base_price, sale_price, status, created_date, updated_date) VALUES (529, 59.95, 29, 'active', '2025-01-01 00:00:00', '2025-01-01 00:00:00');
INSERT INTO product_variants (id, product_id, color_id, size_id, price_id, material_id, season_id, status, created_date, updated_date) VALUES (529, 79, 2, 10, 529, 7, 2, 'active', '2025-01-01 00:00:00', '2025-01-01 00:00:00');
INSERT INTO prices (id, base_price, sale_price, status, created_date, updated_date) VALUES (530, 59.95, 29, 'active', '2025-01-01 00:00:00', '2025-01-01 00:00:00');
INSERT INTO product_variants (id, product_id, color_id, size_id, price_id, material_id, season_id, status, created_date, updated_date) VALUES (530, 79, 2, 2, 530, 3, 3, 'active', '2025-01-01 00:00:00', '2025-01-01 00:00:00');
INSERT INTO prices (id, base_price, sale_price, status, created_date, updated_date) VALUES (531, 59.95, 29, 'active', '2025-01-01 00:00:00', '2025-01-01 00:00:00');
INSERT INTO product_variants (id, product_id, color_id, size_id, price_id, material_id, season_id, status, created_date, updated_date) VALUES (531, 79, 2, 1, 531, 3, 4, 'active', '2025-01-01 00:00:00', '2025-01-01 00:00:00');
INSERT INTO prices (id, base_price, sale_price, status, created_date, updated_date) VALUES (532, 59.95, 29, 'active', '2025-01-01 00:00:00', '2025-01-01 00:00:00');
INSERT INTO product_variants (id, product_id, color_id, size_id, price_id, material_id, season_id, status, created_date, updated_date) VALUES (532, 79, 9, 5, 532, 4, 1, 'active', '2025-01-01 00:00:00', '2025-01-01 00:00:00');
INSERT INTO prices (id, base_price, sale_price, status, created_date, updated_date) VALUES (533, 59.95, 29, 'active', '2025-01-01 00:00:00', '2025-01-01 00:00:00');
INSERT INTO product_variants (id, product_id, color_id, size_id, price_id, material_id, season_id, status, created_date, updated_date) VALUES (533, 79, 9, 6, 533, 4, 1, 'active', '2025-01-01 00:00:00', '2025-01-01 00:00:00');
INSERT INTO prices (id, base_price, sale_price, status, created_date, updated_date) VALUES (534, 59.95, 29, 'active', '2025-01-01 00:00:00', '2025-01-01 00:00:00');
INSERT INTO product_variants (id, product_id, color_id, size_id, price_id, material_id, season_id, status, created_date, updated_date) VALUES (534, 79, 1, 6, 534, 5, 3, 'active', '2025-01-01 00:00:00', '2025-01-01 00:00:00');
INSERT INTO prices (id, base_price, sale_price, status, created_date, updated_date) VALUES (535, 59.95, 29, 'active', '2025-01-01 00:00:00', '2025-01-01 00:00:00');
INSERT INTO product_variants (id, product_id, color_id, size_id, price_id, material_id, season_id, status, created_date, updated_date) VALUES (535, 79, 1, 1, 535, 1, 4, 'active', '2025-01-01 00:00:00', '2025-01-01 00:00:00');
INSERT INTO prices (id, base_price, sale_price, status, created_date, updated_date) VALUES (536, 59.95, 29, 'active', '2025-01-01 00:00:00', '2025-01-01 00:00:00');
INSERT INTO product_variants (id, product_id, color_id, size_id, price_id, material_id, season_id, status, created_date, updated_date) VALUES (536, 79, 9, 4, 536, 7, 1, 'active', '2025-01-01 00:00:00', '2025-01-01 00:00:00');
INSERT INTO prices (id, base_price, sale_price, status, created_date, updated_date) VALUES (537, 59.95, 29, 'active', '2025-01-01 00:00:00', '2025-01-01 00:00:00');
INSERT INTO product_variants (id, product_id, color_id, size_id, price_id, material_id, season_id, status, created_date, updated_date) VALUES (537, 79, 9, 1, 537, 7, 3, 'active', '2025-01-01 00:00:00', '2025-01-01 00:00:00');
INSERT INTO prices (id, base_price, sale_price, status, created_date, updated_date) VALUES (538, 59.95, 29, 'active', '2025-01-01 00:00:00', '2025-01-01 00:00:00');
INSERT INTO product_variants (id, product_id, color_id, size_id, price_id, material_id, season_id, status, created_date, updated_date) VALUES (538, 79, 9, 8, 538, 2, 4, 'active', '2025-01-01 00:00:00', '2025-01-01 00:00:00');
INSERT INTO prices (id, base_price, sale_price, status, created_date, updated_date) VALUES (539, 59.95, 29, 'active', '2025-01-01 00:00:00', '2025-01-01 00:00:00');
INSERT INTO product_variants (id, product_id, color_id, size_id, price_id, material_id, season_id, status, created_date, updated_date) VALUES (539, 79, 3, 7, 539, 2, 3, 'active', '2025-01-01 00:00:00', '2025-01-01 00:00:00');
INSERT INTO prices (id, base_price, sale_price, status, created_date, updated_date) VALUES (540, 59.95, 29, 'active', '2025-01-01 00:00:00', '2025-01-01 00:00:00');
INSERT INTO product_variants (id, product_id, color_id, size_id, price_id, material_id, season_id, status, created_date, updated_date) VALUES (540, 79, 3, 5, 540, 1, 2, 'active', '2025-01-01 00:00:00', '2025-01-01 00:00:00');
INSERT INTO prices (id, base_price, sale_price, status, created_date, updated_date) VALUES (541, 59.95, 29, 'active', '2025-01-01 00:00:00', '2025-01-01 00:00:00');
INSERT INTO product_variants (id, product_id, color_id, size_id, price_id, material_id, season_id, status, created_date, updated_date) VALUES (541, 79, 13, 7, 541, 1, 1, 'active', '2025-01-01 00:00:00', '2025-01-01 00:00:00');
INSERT INTO prices (id, base_price, sale_price, status, created_date, updated_date) VALUES (542, 59.95, 29, 'active', '2025-01-01 00:00:00', '2025-01-01 00:00:00');
INSERT INTO product_variants (id, product_id, color_id, size_id, price_id, material_id, season_id, status, created_date, updated_date) VALUES (542, 79, 13, 6, 542, 1, 3, 'active', '2025-01-01 00:00:00', '2025-01-01 00:00:00');
INSERT INTO prices (id, base_price, sale_price, status, created_date, updated_date) VALUES (543, 59.95, 29, 'active', '2025-01-01 00:00:00', '2025-01-01 00:00:00');
INSERT INTO product_variants (id, product_id, color_id, size_id, price_id, material_id, season_id, status, created_date, updated_date) VALUES (543, 79, 13, 4, 543, 4, 1, 'active', '2025-01-01 00:00:00', '2025-01-01 00:00:00');
INSERT INTO prices (id, base_price, sale_price, status, created_date, updated_date) VALUES (544, 59.95, 29, 'active', '2025-01-01 00:00:00', '2025-01-01 00:00:00');
INSERT INTO product_variants (id, product_id, color_id, size_id, price_id, material_id, season_id, status, created_date, updated_date) VALUES (544, 79, 13, 8, 544, 1, 1, 'active', '2025-01-01 00:00:00', '2025-01-01 00:00:00');
INSERT INTO prices (id, base_price, sale_price, status, created_date, updated_date) VALUES (545, 59.95, 29, 'active', '2025-01-01 00:00:00', '2025-01-01 00:00:00');
INSERT INTO product_variants (id, product_id, color_id, size_id, price_id, material_id, season_id, status, created_date, updated_date) VALUES (545, 79, 11, 1, 545, 4, 1, 'active', '2025-01-01 00:00:00', '2025-01-01 00:00:00');
INSERT INTO prices (id, base_price, sale_price, status, created_date, updated_date) VALUES (546, 59.95, 29, 'active', '2025-01-01 00:00:00', '2025-01-01 00:00:00');
INSERT INTO product_variants (id, product_id, color_id, size_id, price_id, material_id, season_id, status, created_date, updated_date) VALUES (546, 79, 11, 10, 546, 3, 4, 'active', '2025-01-01 00:00:00', '2025-01-01 00:00:00');
INSERT INTO prices (id, base_price, sale_price, status, created_date, updated_date) VALUES (547, 59.95, 29, 'active', '2025-01-01 00:00:00', '2025-01-01 00:00:00');
INSERT INTO product_variants (id, product_id, color_id, size_id, price_id, material_id, season_id, status, created_date, updated_date) VALUES (547, 79, 11, 8, 547, 6, 3, 'active', '2025-01-01 00:00:00', '2025-01-01 00:00:00');
INSERT INTO product (id, name, description, category_id, status, created_date, updated_date, created_by, updated_by) VALUES (80, 'High Rise VintageSoft Joggers', 'Description for High Rise VintageSoft Joggers', 5, 'active', '2025-01-01 00:00:00', '2025-01-01 00:00:00', 1, 1);
INSERT INTO product_image (id, image_url, display_order, is_primary, product_id, created_date, updated_date) VALUES (501, 'https://www1.assets-gap.com/webcontent/0060/149/766/cn60149766.jpg?q=h&w=1152', 0, 1, 80, '2025-01-01 00:00:00', '2025-01-01 00:00:00');
INSERT INTO product_image (id, image_url, display_order, is_primary, product_id, created_date, updated_date) VALUES (502, 'https://www.gap.com/webcontent/0060/149/755/cn60149755.jpg', 1, 0, 80, '2025-01-01 00:00:00', '2025-01-01 00:00:00');
INSERT INTO product_image (id, image_url, display_order, is_primary, product_id, created_date, updated_date) VALUES (503, 'https://www.gap.com/webcontent/0060/147/266/cn60147266.jpg', 2, 0, 80, '2025-01-01 00:00:00', '2025-01-01 00:00:00');
INSERT INTO product_image (id, image_url, display_order, is_primary, product_id, created_date, updated_date) VALUES (504, 'https://www.gap.com/webcontent/0060/147/265/cn60147265.jpg', 3, 0, 80, '2025-01-01 00:00:00', '2025-01-01 00:00:00');
INSERT INTO product_image (id, image_url, display_order, is_primary, product_id, created_date, updated_date) VALUES (505, 'https://www.gap.com/webcontent/0060/147/278/cn60147278.jpg', 4, 0, 80, '2025-01-01 00:00:00', '2025-01-01 00:00:00');
INSERT INTO product_image (id, image_url, display_order, is_primary, product_id, created_date, updated_date) VALUES (506, 'https://www.gap.com/webcontent/0059/708/980/cn59708980.jpg', 5, 0, 80, '2025-01-01 00:00:00', '2025-01-01 00:00:00');
INSERT INTO product_image (id, image_url, display_order, is_primary, product_id, created_date, updated_date) VALUES (507, 'https://www.gap.com/webcontent/0059/708/973/cn59708973.jpg', 6, 0, 80, '2025-01-01 00:00:00', '2025-01-01 00:00:00');
INSERT INTO prices (id, base_price, sale_price, status, created_date, updated_date) VALUES (548, 49.95, 24, 'active', '2025-01-01 00:00:00', '2025-01-01 00:00:00');
INSERT INTO product_variants (id, product_id, color_id, size_id, price_id, material_id, season_id, status, created_date, updated_date) VALUES (548, 80, 1, 6, 548, 5, 4, 'active', '2025-01-01 00:00:00', '2025-01-01 00:00:00');
INSERT INTO prices (id, base_price, sale_price, status, created_date, updated_date) VALUES (549, 49.95, 24, 'active', '2025-01-01 00:00:00', '2025-01-01 00:00:00');
INSERT INTO product_variants (id, product_id, color_id, size_id, price_id, material_id, season_id, status, created_date, updated_date) VALUES (549, 80, 1, 10, 549, 3, 4, 'active', '2025-01-01 00:00:00', '2025-01-01 00:00:00');
INSERT INTO prices (id, base_price, sale_price, status, created_date, updated_date) VALUES (550, 49.95, 24, 'active', '2025-01-01 00:00:00', '2025-01-01 00:00:00');
INSERT INTO product_variants (id, product_id, color_id, size_id, price_id, material_id, season_id, status, created_date, updated_date) VALUES (550, 80, 3, 9, 550, 7, 3, 'active', '2025-01-01 00:00:00', '2025-01-01 00:00:00');
INSERT INTO prices (id, base_price, sale_price, status, created_date, updated_date) VALUES (551, 49.95, 24, 'active', '2025-01-01 00:00:00', '2025-01-01 00:00:00');
INSERT INTO product_variants (id, product_id, color_id, size_id, price_id, material_id, season_id, status, created_date, updated_date) VALUES (551, 80, 3, 10, 551, 6, 2, 'active', '2025-01-01 00:00:00', '2025-01-01 00:00:00');
INSERT INTO prices (id, base_price, sale_price, status, created_date, updated_date) VALUES (552, 49.95, 24, 'active', '2025-01-01 00:00:00', '2025-01-01 00:00:00');
INSERT INTO product_variants (id, product_id, color_id, size_id, price_id, material_id, season_id, status, created_date, updated_date) VALUES (552, 80, 3, 2, 552, 2, 4, 'active', '2025-01-01 00:00:00', '2025-01-01 00:00:00');
INSERT INTO prices (id, base_price, sale_price, status, created_date, updated_date) VALUES (553, 49.95, 24, 'active', '2025-01-01 00:00:00', '2025-01-01 00:00:00');
INSERT INTO product_variants (id, product_id, color_id, size_id, price_id, material_id, season_id, status, created_date, updated_date) VALUES (553, 80, 9, 2, 553, 4, 1, 'active', '2025-01-01 00:00:00', '2025-01-01 00:00:00');
INSERT INTO prices (id, base_price, sale_price, status, created_date, updated_date) VALUES (554, 49.95, 24, 'active', '2025-01-01 00:00:00', '2025-01-01 00:00:00');
INSERT INTO product_variants (id, product_id, color_id, size_id, price_id, material_id, season_id, status, created_date, updated_date) VALUES (554, 80, 9, 8, 554, 5, 3, 'active', '2025-01-01 00:00:00', '2025-01-01 00:00:00');
INSERT INTO prices (id, base_price, sale_price, status, created_date, updated_date) VALUES (555, 49.95, 24, 'active', '2025-01-01 00:00:00', '2025-01-01 00:00:00');
INSERT INTO product_variants (id, product_id, color_id, size_id, price_id, material_id, season_id, status, created_date, updated_date) VALUES (555, 80, 3, 7, 555, 7, 4, 'active', '2025-01-01 00:00:00', '2025-01-01 00:00:00');
INSERT INTO prices (id, base_price, sale_price, status, created_date, updated_date) VALUES (556, 49.95, 24, 'active', '2025-01-01 00:00:00', '2025-01-01 00:00:00');
INSERT INTO product_variants (id, product_id, color_id, size_id, price_id, material_id, season_id, status, created_date, updated_date) VALUES (556, 80, 3, 9, 556, 4, 2, 'active', '2025-01-01 00:00:00', '2025-01-01 00:00:00');
INSERT INTO prices (id, base_price, sale_price, status, created_date, updated_date) VALUES (557, 49.95, 24, 'active', '2025-01-01 00:00:00', '2025-01-01 00:00:00');
INSERT INTO product_variants (id, product_id, color_id, size_id, price_id, material_id, season_id, status, created_date, updated_date) VALUES (557, 80, 11, 3, 557, 7, 2, 'active', '2025-01-01 00:00:00', '2025-01-01 00:00:00');
INSERT INTO prices (id, base_price, sale_price, status, created_date, updated_date) VALUES (558, 49.95, 24, 'active', '2025-01-01 00:00:00', '2025-01-01 00:00:00');
INSERT INTO product_variants (id, product_id, color_id, size_id, price_id, material_id, season_id, status, created_date, updated_date) VALUES (558, 80, 11, 9, 558, 7, 2, 'active', '2025-01-01 00:00:00', '2025-01-01 00:00:00');
INSERT INTO prices (id, base_price, sale_price, status, created_date, updated_date) VALUES (559, 49.95, 24, 'active', '2025-01-01 00:00:00', '2025-01-01 00:00:00');
INSERT INTO product_variants (id, product_id, color_id, size_id, price_id, material_id, season_id, status, created_date, updated_date) VALUES (559, 80, 11, 1, 559, 5, 3, 'active', '2025-01-01 00:00:00', '2025-01-01 00:00:00');
INSERT INTO prices (id, base_price, sale_price, status, created_date, updated_date) VALUES (560, 49.95, 24, 'active', '2025-01-01 00:00:00', '2025-01-01 00:00:00');
INSERT INTO product_variants (id, product_id, color_id, size_id, price_id, material_id, season_id, status, created_date, updated_date) VALUES (560, 80, 4, 7, 560, 2, 2, 'active', '2025-01-01 00:00:00', '2025-01-01 00:00:00');
INSERT INTO prices (id, base_price, sale_price, status, created_date, updated_date) VALUES (561, 49.95, 24, 'active', '2025-01-01 00:00:00', '2025-01-01 00:00:00');
INSERT INTO product_variants (id, product_id, color_id, size_id, price_id, material_id, season_id, status, created_date, updated_date) VALUES (561, 80, 4, 5, 561, 6, 4, 'active', '2025-01-01 00:00:00', '2025-01-01 00:00:00');
INSERT INTO prices (id, base_price, sale_price, status, created_date, updated_date) VALUES (562, 49.95, 24, 'active', '2025-01-01 00:00:00', '2025-01-01 00:00:00');
INSERT INTO product_variants (id, product_id, color_id, size_id, price_id, material_id, season_id, status, created_date, updated_date) VALUES (562, 80, 4, 10, 562, 3, 2, 'active', '2025-01-01 00:00:00', '2025-01-01 00:00:00');
INSERT INTO prices (id, base_price, sale_price, status, created_date, updated_date) VALUES (563, 49.95, 24, 'active', '2025-01-01 00:00:00', '2025-01-01 00:00:00');
INSERT INTO product_variants (id, product_id, color_id, size_id, price_id, material_id, season_id, status, created_date, updated_date) VALUES (563, 80, 4, 7, 563, 5, 4, 'active', '2025-01-01 00:00:00', '2025-01-01 00:00:00');
INSERT INTO prices (id, base_price, sale_price, status, created_date, updated_date) VALUES (564, 49.95, 24, 'active', '2025-01-01 00:00:00', '2025-01-01 00:00:00');
INSERT INTO product_variants (id, product_id, color_id, size_id, price_id, material_id, season_id, status, created_date, updated_date) VALUES (564, 80, 2, 2, 564, 2, 3, 'active', '2025-01-01 00:00:00', '2025-01-01 00:00:00');
INSERT INTO prices (id, base_price, sale_price, status, created_date, updated_date) VALUES (565, 49.95, 24, 'active', '2025-01-01 00:00:00', '2025-01-01 00:00:00');
INSERT INTO product_variants (id, product_id, color_id, size_id, price_id, material_id, season_id, status, created_date, updated_date) VALUES (565, 80, 2, 5, 565, 2, 1, 'active', '2025-01-01 00:00:00', '2025-01-01 00:00:00');
INSERT INTO prices (id, base_price, sale_price, status, created_date, updated_date) VALUES (566, 49.95, 24, 'active', '2025-01-01 00:00:00', '2025-01-01 00:00:00');
INSERT INTO product_variants (id, product_id, color_id, size_id, price_id, material_id, season_id, status, created_date, updated_date) VALUES (566, 80, 2, 1, 566, 4, 2, 'active', '2025-01-01 00:00:00', '2025-01-01 00:00:00');
INSERT INTO prices (id, base_price, sale_price, status, created_date, updated_date) VALUES (567, 49.95, 24, 'active', '2025-01-01 00:00:00', '2025-01-01 00:00:00');
INSERT INTO product_variants (id, product_id, color_id, size_id, price_id, material_id, season_id, status, created_date, updated_date) VALUES (567, 80, 10, 2, 567, 3, 1, 'active', '2025-01-01 00:00:00', '2025-01-01 00:00:00');
INSERT INTO prices (id, base_price, sale_price, status, created_date, updated_date) VALUES (568, 49.95, 24, 'active', '2025-01-01 00:00:00', '2025-01-01 00:00:00');
INSERT INTO product_variants (id, product_id, color_id, size_id, price_id, material_id, season_id, status, created_date, updated_date) VALUES (568, 80, 10, 4, 568, 5, 3, 'active', '2025-01-01 00:00:00', '2025-01-01 00:00:00');
INSERT INTO prices (id, base_price, sale_price, status, created_date, updated_date) VALUES (569, 49.95, 24, 'active', '2025-01-01 00:00:00', '2025-01-01 00:00:00');
INSERT INTO product_variants (id, product_id, color_id, size_id, price_id, material_id, season_id, status, created_date, updated_date) VALUES (569, 80, 3, 6, 569, 6, 4, 'active', '2025-01-01 00:00:00', '2025-01-01 00:00:00');
INSERT INTO prices (id, base_price, sale_price, status, created_date, updated_date) VALUES (570, 49.95, 24, 'active', '2025-01-01 00:00:00', '2025-01-01 00:00:00');
INSERT INTO product_variants (id, product_id, color_id, size_id, price_id, material_id, season_id, status, created_date, updated_date) VALUES (570, 80, 3, 10, 570, 2, 3, 'active', '2025-01-01 00:00:00', '2025-01-01 00:00:00');
INSERT INTO prices (id, base_price, sale_price, status, created_date, updated_date) VALUES (571, 49.95, 24, 'active', '2025-01-01 00:00:00', '2025-01-01 00:00:00');
INSERT INTO product_variants (id, product_id, color_id, size_id, price_id, material_id, season_id, status, created_date, updated_date) VALUES (571, 80, 9, 6, 571, 1, 2, 'active', '2025-01-01 00:00:00', '2025-01-01 00:00:00');
INSERT INTO prices (id, base_price, sale_price, status, created_date, updated_date) VALUES (572, 49.95, 24, 'active', '2025-01-01 00:00:00', '2025-01-01 00:00:00');
INSERT INTO product_variants (id, product_id, color_id, size_id, price_id, material_id, season_id, status, created_date, updated_date) VALUES (572, 80, 9, 9, 572, 4, 3, 'active', '2025-01-01 00:00:00', '2025-01-01 00:00:00');
INSERT INTO prices (id, base_price, sale_price, status, created_date, updated_date) VALUES (573, 49.95, 24, 'active', '2025-01-01 00:00:00', '2025-01-01 00:00:00');
INSERT INTO product_variants (id, product_id, color_id, size_id, price_id, material_id, season_id, status, created_date, updated_date) VALUES (573, 80, 9, 5, 573, 1, 1, 'active', '2025-01-01 00:00:00', '2025-01-01 00:00:00');
INSERT INTO prices (id, base_price, sale_price, status, created_date, updated_date) VALUES (574, 49.95, 24, 'active', '2025-01-01 00:00:00', '2025-01-01 00:00:00');
INSERT INTO product_variants (id, product_id, color_id, size_id, price_id, material_id, season_id, status, created_date, updated_date) VALUES (574, 80, 2, 5, 574, 3, 4, 'active', '2025-01-01 00:00:00', '2025-01-01 00:00:00');
INSERT INTO prices (id, base_price, sale_price, status, created_date, updated_date) VALUES (575, 49.95, 24, 'active', '2025-01-01 00:00:00', '2025-01-01 00:00:00');
INSERT INTO product_variants (id, product_id, color_id, size_id, price_id, material_id, season_id, status, created_date, updated_date) VALUES (575, 80, 2, 8, 575, 2, 3, 'active', '2025-01-01 00:00:00', '2025-01-01 00:00:00');
INSERT INTO prices (id, base_price, sale_price, status, created_date, updated_date) VALUES (576, 49.95, 24, 'active', '2025-01-01 00:00:00', '2025-01-01 00:00:00');
INSERT INTO product_variants (id, product_id, color_id, size_id, price_id, material_id, season_id, status, created_date, updated_date) VALUES (576, 80, 3, 5, 576, 4, 2, 'active', '2025-01-01 00:00:00', '2025-01-01 00:00:00');
INSERT INTO prices (id, base_price, sale_price, status, created_date, updated_date) VALUES (577, 49.95, 24, 'active', '2025-01-01 00:00:00', '2025-01-01 00:00:00');
INSERT INTO product_variants (id, product_id, color_id, size_id, price_id, material_id, season_id, status, created_date, updated_date) VALUES (577, 80, 3, 4, 577, 7, 1, 'active', '2025-01-01 00:00:00', '2025-01-01 00:00:00');
INSERT INTO prices (id, base_price, sale_price, status, created_date, updated_date) VALUES (578, 49.95, 24, 'active', '2025-01-01 00:00:00', '2025-01-01 00:00:00');
INSERT INTO product_variants (id, product_id, color_id, size_id, price_id, material_id, season_id, status, created_date, updated_date) VALUES (578, 80, 3, 10, 578, 6, 2, 'active', '2025-01-01 00:00:00', '2025-01-01 00:00:00');
INSERT INTO prices (id, base_price, sale_price, status, created_date, updated_date) VALUES (579, 49.95, 24, 'active', '2025-01-01 00:00:00', '2025-01-01 00:00:00');
INSERT INTO product_variants (id, product_id, color_id, size_id, price_id, material_id, season_id, status, created_date, updated_date) VALUES (579, 80, 14, 9, 579, 1, 1, 'active', '2025-01-01 00:00:00', '2025-01-01 00:00:00');
INSERT INTO prices (id, base_price, sale_price, status, created_date, updated_date) VALUES (580, 49.95, 24, 'active', '2025-01-01 00:00:00', '2025-01-01 00:00:00');
INSERT INTO product_variants (id, product_id, color_id, size_id, price_id, material_id, season_id, status, created_date, updated_date) VALUES (580, 80, 14, 1, 580, 2, 3, 'active', '2025-01-01 00:00:00', '2025-01-01 00:00:00');
INSERT INTO prices (id, base_price, sale_price, status, created_date, updated_date) VALUES (581, 49.95, 24, 'active', '2025-01-01 00:00:00', '2025-01-01 00:00:00');
INSERT INTO product_variants (id, product_id, color_id, size_id, price_id, material_id, season_id, status, created_date, updated_date) VALUES (581, 80, 11, 6, 581, 1, 1, 'active', '2025-01-01 00:00:00', '2025-01-01 00:00:00');
INSERT INTO prices (id, base_price, sale_price, status, created_date, updated_date) VALUES (582, 49.95, 24, 'active', '2025-01-01 00:00:00', '2025-01-01 00:00:00');
INSERT INTO product_variants (id, product_id, color_id, size_id, price_id, material_id, season_id, status, created_date, updated_date) VALUES (582, 80, 11, 7, 582, 2, 2, 'active', '2025-01-01 00:00:00', '2025-01-01 00:00:00');
INSERT INTO prices (id, base_price, sale_price, status, created_date, updated_date) VALUES (583, 49.95, 24, 'active', '2025-01-01 00:00:00', '2025-01-01 00:00:00');
INSERT INTO product_variants (id, product_id, color_id, size_id, price_id, material_id, season_id, status, created_date, updated_date) VALUES (583, 80, 7, 5, 583, 4, 1, 'active', '2025-01-01 00:00:00', '2025-01-01 00:00:00');
INSERT INTO prices (id, base_price, sale_price, status, created_date, updated_date) VALUES (584, 49.95, 24, 'active', '2025-01-01 00:00:00', '2025-01-01 00:00:00');
INSERT INTO product_variants (id, product_id, color_id, size_id, price_id, material_id, season_id, status, created_date, updated_date) VALUES (584, 80, 7, 9, 584, 3, 1, 'active', '2025-01-01 00:00:00', '2025-01-01 00:00:00');
INSERT INTO prices (id, base_price, sale_price, status, created_date, updated_date) VALUES (585, 49.95, 24, 'active', '2025-01-01 00:00:00', '2025-01-01 00:00:00');
INSERT INTO product_variants (id, product_id, color_id, size_id, price_id, material_id, season_id, status, created_date, updated_date) VALUES (585, 80, 6, 2, 585, 7, 2, 'active', '2025-01-01 00:00:00', '2025-01-01 00:00:00');
INSERT INTO prices (id, base_price, sale_price, status, created_date, updated_date) VALUES (586, 49.95, 24, 'active', '2025-01-01 00:00:00', '2025-01-01 00:00:00');
INSERT INTO product_variants (id, product_id, color_id, size_id, price_id, material_id, season_id, status, created_date, updated_date) VALUES (586, 80, 6, 5, 586, 5, 1, 'active', '2025-01-01 00:00:00', '2025-01-01 00:00:00');
INSERT INTO product (id, name, description, category_id, status, created_date, updated_date, created_by, updated_by) VALUES (81, 'VintageSoft Wedge Crewneck Sweatshirt', 'Description for VintageSoft Wedge Crewneck Sweatshirt', 5, 'active', '2025-01-01 00:00:00', '2025-01-01 00:00:00', 1, 1);
INSERT INTO product_image (id, image_url, display_order, is_primary, product_id, created_date, updated_date) VALUES (508, 'https://www1.assets-gap.com/webcontent/0060/135/414/cn60135414.jpg?q=h&w=1152', 0, 1, 81, '2025-01-01 00:00:00', '2025-01-01 00:00:00');
INSERT INTO product_image (id, image_url, display_order, is_primary, product_id, created_date, updated_date) VALUES (509, 'https://www.gap.com/webcontent/0060/135/409/cn60135409.jpg', 1, 0, 81, '2025-01-01 00:00:00', '2025-01-01 00:00:00');
INSERT INTO product_image (id, image_url, display_order, is_primary, product_id, created_date, updated_date) VALUES (510, 'https://www.gap.com/webcontent/0060/135/422/cn60135422.jpg', 2, 0, 81, '2025-01-01 00:00:00', '2025-01-01 00:00:00');
INSERT INTO product_image (id, image_url, display_order, is_primary, product_id, created_date, updated_date) VALUES (511, 'https://www.gap.com/webcontent/0060/135/428/cn60135428.jpg', 3, 0, 81, '2025-01-01 00:00:00', '2025-01-01 00:00:00');
INSERT INTO product_image (id, image_url, display_order, is_primary, product_id, created_date, updated_date) VALUES (512, 'https://www.gap.com/webcontent/0059/583/948/cn59583948.jpg', 4, 0, 81, '2025-01-01 00:00:00', '2025-01-01 00:00:00');
INSERT INTO prices (id, base_price, sale_price, status, created_date, updated_date) VALUES (587, 49.95, 34.99, 'active', '2025-01-01 00:00:00', '2025-01-01 00:00:00');
INSERT INTO product_variants (id, product_id, color_id, size_id, price_id, material_id, season_id, status, created_date, updated_date) VALUES (587, 81, 4, 2, 587, 5, 3, 'active', '2025-01-01 00:00:00', '2025-01-01 00:00:00');
INSERT INTO prices (id, base_price, sale_price, status, created_date, updated_date) VALUES (588, 49.95, 34.99, 'active', '2025-01-01 00:00:00', '2025-01-01 00:00:00');
INSERT INTO product_variants (id, product_id, color_id, size_id, price_id, material_id, season_id, status, created_date, updated_date) VALUES (588, 81, 4, 3, 588, 2, 3, 'active', '2025-01-01 00:00:00', '2025-01-01 00:00:00');
INSERT INTO prices (id, base_price, sale_price, status, created_date, updated_date) VALUES (589, 49.95, 34.99, 'active', '2025-01-01 00:00:00', '2025-01-01 00:00:00');
INSERT INTO product_variants (id, product_id, color_id, size_id, price_id, material_id, season_id, status, created_date, updated_date) VALUES (589, 81, 11, 3, 589, 2, 2, 'active', '2025-01-01 00:00:00', '2025-01-01 00:00:00');
INSERT INTO prices (id, base_price, sale_price, status, created_date, updated_date) VALUES (590, 49.95, 34.99, 'active', '2025-01-01 00:00:00', '2025-01-01 00:00:00');
INSERT INTO product_variants (id, product_id, color_id, size_id, price_id, material_id, season_id, status, created_date, updated_date) VALUES (590, 81, 11, 8, 590, 7, 4, 'active', '2025-01-01 00:00:00', '2025-01-01 00:00:00');
INSERT INTO prices (id, base_price, sale_price, status, created_date, updated_date) VALUES (591, 49.95, 34.99, 'active', '2025-01-01 00:00:00', '2025-01-01 00:00:00');
INSERT INTO product_variants (id, product_id, color_id, size_id, price_id, material_id, season_id, status, created_date, updated_date) VALUES (591, 81, 3, 4, 591, 2, 1, 'active', '2025-01-01 00:00:00', '2025-01-01 00:00:00');
INSERT INTO prices (id, base_price, sale_price, status, created_date, updated_date) VALUES (592, 49.95, 34.99, 'active', '2025-01-01 00:00:00', '2025-01-01 00:00:00');
INSERT INTO product_variants (id, product_id, color_id, size_id, price_id, material_id, season_id, status, created_date, updated_date) VALUES (592, 81, 3, 3, 592, 2, 1, 'active', '2025-01-01 00:00:00', '2025-01-01 00:00:00');
INSERT INTO prices (id, base_price, sale_price, status, created_date, updated_date) VALUES (593, 49.95, 34.99, 'active', '2025-01-01 00:00:00', '2025-01-01 00:00:00');
INSERT INTO product_variants (id, product_id, color_id, size_id, price_id, material_id, season_id, status, created_date, updated_date) VALUES (593, 81, 3, 3, 593, 3, 3, 'active', '2025-01-01 00:00:00', '2025-01-01 00:00:00');
INSERT INTO prices (id, base_price, sale_price, status, created_date, updated_date) VALUES (594, 49.95, 34.99, 'active', '2025-01-01 00:00:00', '2025-01-01 00:00:00');
INSERT INTO product_variants (id, product_id, color_id, size_id, price_id, material_id, season_id, status, created_date, updated_date) VALUES (594, 81, 3, 7, 594, 2, 1, 'active', '2025-01-01 00:00:00', '2025-01-01 00:00:00');
INSERT INTO prices (id, base_price, sale_price, status, created_date, updated_date) VALUES (595, 49.95, 34.99, 'active', '2025-01-01 00:00:00', '2025-01-01 00:00:00');
INSERT INTO product_variants (id, product_id, color_id, size_id, price_id, material_id, season_id, status, created_date, updated_date) VALUES (595, 81, 6, 5, 595, 1, 2, 'active', '2025-01-01 00:00:00', '2025-01-01 00:00:00');
INSERT INTO prices (id, base_price, sale_price, status, created_date, updated_date) VALUES (596, 49.95, 34.99, 'active', '2025-01-01 00:00:00', '2025-01-01 00:00:00');
INSERT INTO product_variants (id, product_id, color_id, size_id, price_id, material_id, season_id, status, created_date, updated_date) VALUES (596, 81, 6, 3, 596, 2, 4, 'active', '2025-01-01 00:00:00', '2025-01-01 00:00:00');
INSERT INTO prices (id, base_price, sale_price, status, created_date, updated_date) VALUES (597, 49.95, 34.99, 'active', '2025-01-01 00:00:00', '2025-01-01 00:00:00');
INSERT INTO product_variants (id, product_id, color_id, size_id, price_id, material_id, season_id, status, created_date, updated_date) VALUES (597, 81, 3, 7, 597, 3, 2, 'active', '2025-01-01 00:00:00', '2025-01-01 00:00:00');
INSERT INTO prices (id, base_price, sale_price, status, created_date, updated_date) VALUES (598, 49.95, 34.99, 'active', '2025-01-01 00:00:00', '2025-01-01 00:00:00');
INSERT INTO product_variants (id, product_id, color_id, size_id, price_id, material_id, season_id, status, created_date, updated_date) VALUES (598, 81, 3, 10, 598, 4, 1, 'active', '2025-01-01 00:00:00', '2025-01-01 00:00:00');
INSERT INTO prices (id, base_price, sale_price, status, created_date, updated_date) VALUES (599, 49.95, 34.99, 'active', '2025-01-01 00:00:00', '2025-01-01 00:00:00');
INSERT INTO product_variants (id, product_id, color_id, size_id, price_id, material_id, season_id, status, created_date, updated_date) VALUES (599, 81, 3, 1, 599, 7, 2, 'active', '2025-01-01 00:00:00', '2025-01-01 00:00:00');
INSERT INTO prices (id, base_price, sale_price, status, created_date, updated_date) VALUES (600, 49.95, 34.99, 'active', '2025-01-01 00:00:00', '2025-01-01 00:00:00');
INSERT INTO product_variants (id, product_id, color_id, size_id, price_id, material_id, season_id, status, created_date, updated_date) VALUES (600, 81, 3, 3, 600, 7, 1, 'active', '2025-01-01 00:00:00', '2025-01-01 00:00:00');
INSERT INTO prices (id, base_price, sale_price, status, created_date, updated_date) VALUES (601, 49.95, 34.99, 'active', '2025-01-01 00:00:00', '2025-01-01 00:00:00');
INSERT INTO product_variants (id, product_id, color_id, size_id, price_id, material_id, season_id, status, created_date, updated_date) VALUES (601, 81, 3, 8, 601, 1, 2, 'active', '2025-01-01 00:00:00', '2025-01-01 00:00:00');
INSERT INTO prices (id, base_price, sale_price, status, created_date, updated_date) VALUES (602, 49.95, 34.99, 'active', '2025-01-01 00:00:00', '2025-01-01 00:00:00');
INSERT INTO product_variants (id, product_id, color_id, size_id, price_id, material_id, season_id, status, created_date, updated_date) VALUES (602, 81, 2, 2, 602, 7, 4, 'active', '2025-01-01 00:00:00', '2025-01-01 00:00:00');
INSERT INTO prices (id, base_price, sale_price, status, created_date, updated_date) VALUES (603, 49.95, 34.99, 'active', '2025-01-01 00:00:00', '2025-01-01 00:00:00');
INSERT INTO product_variants (id, product_id, color_id, size_id, price_id, material_id, season_id, status, created_date, updated_date) VALUES (603, 81, 2, 7, 603, 7, 1, 'active', '2025-01-01 00:00:00', '2025-01-01 00:00:00');
INSERT INTO prices (id, base_price, sale_price, status, created_date, updated_date) VALUES (604, 49.95, 34.99, 'active', '2025-01-01 00:00:00', '2025-01-01 00:00:00');
INSERT INTO product_variants (id, product_id, color_id, size_id, price_id, material_id, season_id, status, created_date, updated_date) VALUES (604, 81, 9, 7, 604, 2, 4, 'active', '2025-01-01 00:00:00', '2025-01-01 00:00:00');
INSERT INTO prices (id, base_price, sale_price, status, created_date, updated_date) VALUES (605, 49.95, 34.99, 'active', '2025-01-01 00:00:00', '2025-01-01 00:00:00');
INSERT INTO product_variants (id, product_id, color_id, size_id, price_id, material_id, season_id, status, created_date, updated_date) VALUES (605, 81, 9, 10, 605, 1, 1, 'active', '2025-01-01 00:00:00', '2025-01-01 00:00:00');
INSERT INTO prices (id, base_price, sale_price, status, created_date, updated_date) VALUES (606, 49.95, 34.99, 'active', '2025-01-01 00:00:00', '2025-01-01 00:00:00');
INSERT INTO product_variants (id, product_id, color_id, size_id, price_id, material_id, season_id, status, created_date, updated_date) VALUES (606, 81, 9, 3, 606, 6, 1, 'active', '2025-01-01 00:00:00', '2025-01-01 00:00:00');
INSERT INTO prices (id, base_price, sale_price, status, created_date, updated_date) VALUES (607, 49.95, 34.99, 'active', '2025-01-01 00:00:00', '2025-01-01 00:00:00');
INSERT INTO product_variants (id, product_id, color_id, size_id, price_id, material_id, season_id, status, created_date, updated_date) VALUES (607, 81, 1, 2, 607, 6, 2, 'active', '2025-01-01 00:00:00', '2025-01-01 00:00:00');
INSERT INTO prices (id, base_price, sale_price, status, created_date, updated_date) VALUES (608, 49.95, 34.99, 'active', '2025-01-01 00:00:00', '2025-01-01 00:00:00');
INSERT INTO product_variants (id, product_id, color_id, size_id, price_id, material_id, season_id, status, created_date, updated_date) VALUES (608, 81, 1, 3, 608, 3, 3, 'active', '2025-01-01 00:00:00', '2025-01-01 00:00:00');
INSERT INTO prices (id, base_price, sale_price, status, created_date, updated_date) VALUES (609, 49.95, 34.99, 'active', '2025-01-01 00:00:00', '2025-01-01 00:00:00');
INSERT INTO product_variants (id, product_id, color_id, size_id, price_id, material_id, season_id, status, created_date, updated_date) VALUES (609, 81, 9, 1, 609, 6, 4, 'active', '2025-01-01 00:00:00', '2025-01-01 00:00:00');
INSERT INTO prices (id, base_price, sale_price, status, created_date, updated_date) VALUES (610, 49.95, 34.99, 'active', '2025-01-01 00:00:00', '2025-01-01 00:00:00');
INSERT INTO product_variants (id, product_id, color_id, size_id, price_id, material_id, season_id, status, created_date, updated_date) VALUES (610, 81, 9, 4, 610, 6, 1, 'active', '2025-01-01 00:00:00', '2025-01-01 00:00:00');
INSERT INTO prices (id, base_price, sale_price, status, created_date, updated_date) VALUES (611, 49.95, 34.99, 'active', '2025-01-01 00:00:00', '2025-01-01 00:00:00');
INSERT INTO product_variants (id, product_id, color_id, size_id, price_id, material_id, season_id, status, created_date, updated_date) VALUES (611, 81, 9, 6, 611, 2, 1, 'active', '2025-01-01 00:00:00', '2025-01-01 00:00:00');
INSERT INTO prices (id, base_price, sale_price, status, created_date, updated_date) VALUES (612, 49.95, 34.99, 'active', '2025-01-01 00:00:00', '2025-01-01 00:00:00');
INSERT INTO product_variants (id, product_id, color_id, size_id, price_id, material_id, season_id, status, created_date, updated_date) VALUES (612, 81, 3, 7, 612, 5, 4, 'active', '2025-01-01 00:00:00', '2025-01-01 00:00:00');
INSERT INTO prices (id, base_price, sale_price, status, created_date, updated_date) VALUES (613, 49.95, 34.99, 'active', '2025-01-01 00:00:00', '2025-01-01 00:00:00');
INSERT INTO product_variants (id, product_id, color_id, size_id, price_id, material_id, season_id, status, created_date, updated_date) VALUES (613, 81, 3, 1, 613, 3, 4, 'active', '2025-01-01 00:00:00', '2025-01-01 00:00:00');
INSERT INTO prices (id, base_price, sale_price, status, created_date, updated_date) VALUES (614, 49.95, 34.99, 'active', '2025-01-01 00:00:00', '2025-01-01 00:00:00');
INSERT INTO product_variants (id, product_id, color_id, size_id, price_id, material_id, season_id, status, created_date, updated_date) VALUES (614, 81, 13, 8, 614, 6, 1, 'active', '2025-01-01 00:00:00', '2025-01-01 00:00:00');
INSERT INTO prices (id, base_price, sale_price, status, created_date, updated_date) VALUES (615, 49.95, 34.99, 'active', '2025-01-01 00:00:00', '2025-01-01 00:00:00');
INSERT INTO product_variants (id, product_id, color_id, size_id, price_id, material_id, season_id, status, created_date, updated_date) VALUES (615, 81, 13, 10, 615, 2, 1, 'active', '2025-01-01 00:00:00', '2025-01-01 00:00:00');
INSERT INTO prices (id, base_price, sale_price, status, created_date, updated_date) VALUES (616, 49.95, 34.99, 'active', '2025-01-01 00:00:00', '2025-01-01 00:00:00');
INSERT INTO product_variants (id, product_id, color_id, size_id, price_id, material_id, season_id, status, created_date, updated_date) VALUES (616, 81, 13, 1, 616, 2, 2, 'active', '2025-01-01 00:00:00', '2025-01-01 00:00:00');
INSERT INTO prices (id, base_price, sale_price, status, created_date, updated_date) VALUES (617, 49.95, 34.99, 'active', '2025-01-01 00:00:00', '2025-01-01 00:00:00');
INSERT INTO product_variants (id, product_id, color_id, size_id, price_id, material_id, season_id, status, created_date, updated_date) VALUES (617, 81, 13, 10, 617, 7, 3, 'active', '2025-01-01 00:00:00', '2025-01-01 00:00:00');
INSERT INTO prices (id, base_price, sale_price, status, created_date, updated_date) VALUES (618, 49.95, 34.99, 'active', '2025-01-01 00:00:00', '2025-01-01 00:00:00');
INSERT INTO product_variants (id, product_id, color_id, size_id, price_id, material_id, season_id, status, created_date, updated_date) VALUES (618, 81, 11, 3, 618, 2, 2, 'active', '2025-01-01 00:00:00', '2025-01-01 00:00:00');
INSERT INTO product (id, name, description, category_id, status, created_date, updated_date, created_by, updated_by) VALUES (82, 'VintageSoft Wedge Crewneck Sweatshirt', 'Description for VintageSoft Wedge Crewneck Sweatshirt', 5, 'active', '2025-01-01 00:00:00', '2025-01-01 00:00:00', 1, 1);
INSERT INTO product_image (id, image_url, display_order, is_primary, product_id, created_date, updated_date) VALUES (513, 'https://www1.assets-gap.com/webcontent/0056/377/953/cn56377953.jpg?q=h&w=1152', 0, 1, 82, '2025-01-01 00:00:00', '2025-01-01 00:00:00');
INSERT INTO product_image (id, image_url, display_order, is_primary, product_id, created_date, updated_date) VALUES (514, 'https://www.gap.com/webcontent/0056/377/940/cn56377940.jpg', 1, 0, 82, '2025-01-01 00:00:00', '2025-01-01 00:00:00');
INSERT INTO product_image (id, image_url, display_order, is_primary, product_id, created_date, updated_date) VALUES (515, 'https://www.gap.com/webcontent/0056/377/715/cn56377715.jpg', 2, 0, 82, '2025-01-01 00:00:00', '2025-01-01 00:00:00');
INSERT INTO product_image (id, image_url, display_order, is_primary, product_id, created_date, updated_date) VALUES (516, 'https://www.gap.com/webcontent/0056/377/730/cn56377730.jpg', 3, 0, 82, '2025-01-01 00:00:00', '2025-01-01 00:00:00');
INSERT INTO product_image (id, image_url, display_order, is_primary, product_id, created_date, updated_date) VALUES (517, 'https://www.gap.com/webcontent/0056/168/370/cn56168370.jpg', 4, 0, 82, '2025-01-01 00:00:00', '2025-01-01 00:00:00');
INSERT INTO product_image (id, image_url, display_order, is_primary, product_id, created_date, updated_date) VALUES (518, 'https://www.gap.com/webcontent/0057/974/358/cn57974358.jpg', 5, 0, 82, '2025-01-01 00:00:00', '2025-01-01 00:00:00');
INSERT INTO prices (id, base_price, sale_price, status, created_date, updated_date) VALUES (619, 59.95, 35, 'active', '2025-01-01 00:00:00', '2025-01-01 00:00:00');
INSERT INTO product_variants (id, product_id, color_id, size_id, price_id, material_id, season_id, status, created_date, updated_date) VALUES (619, 82, 4, 3, 619, 1, 3, 'active', '2025-01-01 00:00:00', '2025-01-01 00:00:00');
INSERT INTO prices (id, base_price, sale_price, status, created_date, updated_date) VALUES (620, 59.95, 35, 'active', '2025-01-01 00:00:00', '2025-01-01 00:00:00');
INSERT INTO product_variants (id, product_id, color_id, size_id, price_id, material_id, season_id, status, created_date, updated_date) VALUES (620, 82, 4, 2, 620, 5, 2, 'active', '2025-01-01 00:00:00', '2025-01-01 00:00:00');
INSERT INTO prices (id, base_price, sale_price, status, created_date, updated_date) VALUES (621, 59.95, 35, 'active', '2025-01-01 00:00:00', '2025-01-01 00:00:00');
INSERT INTO product_variants (id, product_id, color_id, size_id, price_id, material_id, season_id, status, created_date, updated_date) VALUES (621, 82, 4, 9, 621, 3, 3, 'active', '2025-01-01 00:00:00', '2025-01-01 00:00:00');
INSERT INTO prices (id, base_price, sale_price, status, created_date, updated_date) VALUES (622, 59.95, 35, 'active', '2025-01-01 00:00:00', '2025-01-01 00:00:00');
INSERT INTO product_variants (id, product_id, color_id, size_id, price_id, material_id, season_id, status, created_date, updated_date) VALUES (622, 82, 11, 2, 622, 2, 2, 'active', '2025-01-01 00:00:00', '2025-01-01 00:00:00');
INSERT INTO prices (id, base_price, sale_price, status, created_date, updated_date) VALUES (623, 59.95, 35, 'active', '2025-01-01 00:00:00', '2025-01-01 00:00:00');
INSERT INTO product_variants (id, product_id, color_id, size_id, price_id, material_id, season_id, status, created_date, updated_date) VALUES (623, 82, 11, 3, 623, 3, 1, 'active', '2025-01-01 00:00:00', '2025-01-01 00:00:00');
INSERT INTO prices (id, base_price, sale_price, status, created_date, updated_date) VALUES (624, 59.95, 35, 'active', '2025-01-01 00:00:00', '2025-01-01 00:00:00');
INSERT INTO product_variants (id, product_id, color_id, size_id, price_id, material_id, season_id, status, created_date, updated_date) VALUES (624, 82, 11, 4, 624, 6, 2, 'active', '2025-01-01 00:00:00', '2025-01-01 00:00:00');
INSERT INTO prices (id, base_price, sale_price, status, created_date, updated_date) VALUES (625, 59.95, 35, 'active', '2025-01-01 00:00:00', '2025-01-01 00:00:00');
INSERT INTO product_variants (id, product_id, color_id, size_id, price_id, material_id, season_id, status, created_date, updated_date) VALUES (625, 82, 3, 1, 625, 3, 1, 'active', '2025-01-01 00:00:00', '2025-01-01 00:00:00');
INSERT INTO prices (id, base_price, sale_price, status, created_date, updated_date) VALUES (626, 59.95, 35, 'active', '2025-01-01 00:00:00', '2025-01-01 00:00:00');
INSERT INTO product_variants (id, product_id, color_id, size_id, price_id, material_id, season_id, status, created_date, updated_date) VALUES (626, 82, 3, 2, 626, 5, 4, 'active', '2025-01-01 00:00:00', '2025-01-01 00:00:00');
INSERT INTO prices (id, base_price, sale_price, status, created_date, updated_date) VALUES (627, 59.95, 35, 'active', '2025-01-01 00:00:00', '2025-01-01 00:00:00');
INSERT INTO product_variants (id, product_id, color_id, size_id, price_id, material_id, season_id, status, created_date, updated_date) VALUES (627, 82, 3, 6, 627, 4, 1, 'active', '2025-01-01 00:00:00', '2025-01-01 00:00:00');
INSERT INTO prices (id, base_price, sale_price, status, created_date, updated_date) VALUES (628, 59.95, 35, 'active', '2025-01-01 00:00:00', '2025-01-01 00:00:00');
INSERT INTO product_variants (id, product_id, color_id, size_id, price_id, material_id, season_id, status, created_date, updated_date) VALUES (628, 82, 3, 9, 628, 7, 2, 'active', '2025-01-01 00:00:00', '2025-01-01 00:00:00');
INSERT INTO prices (id, base_price, sale_price, status, created_date, updated_date) VALUES (629, 59.95, 35, 'active', '2025-01-01 00:00:00', '2025-01-01 00:00:00');
INSERT INTO product_variants (id, product_id, color_id, size_id, price_id, material_id, season_id, status, created_date, updated_date) VALUES (629, 82, 3, 4, 629, 7, 1, 'active', '2025-01-01 00:00:00', '2025-01-01 00:00:00');
INSERT INTO prices (id, base_price, sale_price, status, created_date, updated_date) VALUES (630, 59.95, 35, 'active', '2025-01-01 00:00:00', '2025-01-01 00:00:00');
INSERT INTO product_variants (id, product_id, color_id, size_id, price_id, material_id, season_id, status, created_date, updated_date) VALUES (630, 82, 3, 2, 630, 3, 3, 'active', '2025-01-01 00:00:00', '2025-01-01 00:00:00');
INSERT INTO prices (id, base_price, sale_price, status, created_date, updated_date) VALUES (631, 59.95, 35, 'active', '2025-01-01 00:00:00', '2025-01-01 00:00:00');
INSERT INTO product_variants (id, product_id, color_id, size_id, price_id, material_id, season_id, status, created_date, updated_date) VALUES (631, 82, 6, 9, 631, 7, 2, 'active', '2025-01-01 00:00:00', '2025-01-01 00:00:00');
INSERT INTO prices (id, base_price, sale_price, status, created_date, updated_date) VALUES (632, 59.95, 35, 'active', '2025-01-01 00:00:00', '2025-01-01 00:00:00');
INSERT INTO product_variants (id, product_id, color_id, size_id, price_id, material_id, season_id, status, created_date, updated_date) VALUES (632, 82, 6, 8, 632, 1, 2, 'active', '2025-01-01 00:00:00', '2025-01-01 00:00:00');
INSERT INTO prices (id, base_price, sale_price, status, created_date, updated_date) VALUES (633, 59.95, 35, 'active', '2025-01-01 00:00:00', '2025-01-01 00:00:00');
INSERT INTO product_variants (id, product_id, color_id, size_id, price_id, material_id, season_id, status, created_date, updated_date) VALUES (633, 82, 6, 5, 633, 4, 4, 'active', '2025-01-01 00:00:00', '2025-01-01 00:00:00');
INSERT INTO prices (id, base_price, sale_price, status, created_date, updated_date) VALUES (634, 59.95, 35, 'active', '2025-01-01 00:00:00', '2025-01-01 00:00:00');
INSERT INTO product_variants (id, product_id, color_id, size_id, price_id, material_id, season_id, status, created_date, updated_date) VALUES (634, 82, 3, 5, 634, 7, 1, 'active', '2025-01-01 00:00:00', '2025-01-01 00:00:00');
INSERT INTO prices (id, base_price, sale_price, status, created_date, updated_date) VALUES (635, 59.95, 35, 'active', '2025-01-01 00:00:00', '2025-01-01 00:00:00');
INSERT INTO product_variants (id, product_id, color_id, size_id, price_id, material_id, season_id, status, created_date, updated_date) VALUES (635, 82, 3, 10, 635, 1, 3, 'active', '2025-01-01 00:00:00', '2025-01-01 00:00:00');
INSERT INTO prices (id, base_price, sale_price, status, created_date, updated_date) VALUES (636, 59.95, 35, 'active', '2025-01-01 00:00:00', '2025-01-01 00:00:00');
INSERT INTO product_variants (id, product_id, color_id, size_id, price_id, material_id, season_id, status, created_date, updated_date) VALUES (636, 82, 3, 8, 636, 7, 3, 'active', '2025-01-01 00:00:00', '2025-01-01 00:00:00');
INSERT INTO prices (id, base_price, sale_price, status, created_date, updated_date) VALUES (637, 59.95, 35, 'active', '2025-01-01 00:00:00', '2025-01-01 00:00:00');
INSERT INTO product_variants (id, product_id, color_id, size_id, price_id, material_id, season_id, status, created_date, updated_date) VALUES (637, 82, 3, 5, 637, 3, 3, 'active', '2025-01-01 00:00:00', '2025-01-01 00:00:00');
INSERT INTO prices (id, base_price, sale_price, status, created_date, updated_date) VALUES (638, 59.95, 35, 'active', '2025-01-01 00:00:00', '2025-01-01 00:00:00');
INSERT INTO product_variants (id, product_id, color_id, size_id, price_id, material_id, season_id, status, created_date, updated_date) VALUES (638, 82, 3, 10, 638, 7, 1, 'active', '2025-01-01 00:00:00', '2025-01-01 00:00:00');
INSERT INTO prices (id, base_price, sale_price, status, created_date, updated_date) VALUES (639, 59.95, 35, 'active', '2025-01-01 00:00:00', '2025-01-01 00:00:00');
INSERT INTO product_variants (id, product_id, color_id, size_id, price_id, material_id, season_id, status, created_date, updated_date) VALUES (639, 82, 2, 8, 639, 6, 3, 'active', '2025-01-01 00:00:00', '2025-01-01 00:00:00');
INSERT INTO prices (id, base_price, sale_price, status, created_date, updated_date) VALUES (640, 59.95, 35, 'active', '2025-01-01 00:00:00', '2025-01-01 00:00:00');
INSERT INTO product_variants (id, product_id, color_id, size_id, price_id, material_id, season_id, status, created_date, updated_date) VALUES (640, 82, 2, 9, 640, 6, 3, 'active', '2025-01-01 00:00:00', '2025-01-01 00:00:00');
INSERT INTO prices (id, base_price, sale_price, status, created_date, updated_date) VALUES (641, 59.95, 35, 'active', '2025-01-01 00:00:00', '2025-01-01 00:00:00');
INSERT INTO product_variants (id, product_id, color_id, size_id, price_id, material_id, season_id, status, created_date, updated_date) VALUES (641, 82, 9, 2, 641, 7, 4, 'active', '2025-01-01 00:00:00', '2025-01-01 00:00:00');
INSERT INTO prices (id, base_price, sale_price, status, created_date, updated_date) VALUES (642, 59.95, 35, 'active', '2025-01-01 00:00:00', '2025-01-01 00:00:00');
INSERT INTO product_variants (id, product_id, color_id, size_id, price_id, material_id, season_id, status, created_date, updated_date) VALUES (642, 82, 1, 2, 642, 3, 1, 'active', '2025-01-01 00:00:00', '2025-01-01 00:00:00');
INSERT INTO prices (id, base_price, sale_price, status, created_date, updated_date) VALUES (643, 59.95, 35, 'active', '2025-01-01 00:00:00', '2025-01-01 00:00:00');
INSERT INTO product_variants (id, product_id, color_id, size_id, price_id, material_id, season_id, status, created_date, updated_date) VALUES (643, 82, 1, 9, 643, 5, 2, 'active', '2025-01-01 00:00:00', '2025-01-01 00:00:00');
INSERT INTO prices (id, base_price, sale_price, status, created_date, updated_date) VALUES (644, 59.95, 35, 'active', '2025-01-01 00:00:00', '2025-01-01 00:00:00');
INSERT INTO product_variants (id, product_id, color_id, size_id, price_id, material_id, season_id, status, created_date, updated_date) VALUES (644, 82, 9, 6, 644, 3, 3, 'active', '2025-01-01 00:00:00', '2025-01-01 00:00:00');
INSERT INTO prices (id, base_price, sale_price, status, created_date, updated_date) VALUES (645, 59.95, 35, 'active', '2025-01-01 00:00:00', '2025-01-01 00:00:00');
INSERT INTO product_variants (id, product_id, color_id, size_id, price_id, material_id, season_id, status, created_date, updated_date) VALUES (645, 82, 9, 3, 645, 3, 1, 'active', '2025-01-01 00:00:00', '2025-01-01 00:00:00');
INSERT INTO prices (id, base_price, sale_price, status, created_date, updated_date) VALUES (646, 59.95, 35, 'active', '2025-01-01 00:00:00', '2025-01-01 00:00:00');
INSERT INTO product_variants (id, product_id, color_id, size_id, price_id, material_id, season_id, status, created_date, updated_date) VALUES (646, 82, 9, 5, 646, 6, 3, 'active', '2025-01-01 00:00:00', '2025-01-01 00:00:00');
INSERT INTO prices (id, base_price, sale_price, status, created_date, updated_date) VALUES (647, 59.95, 35, 'active', '2025-01-01 00:00:00', '2025-01-01 00:00:00');
INSERT INTO product_variants (id, product_id, color_id, size_id, price_id, material_id, season_id, status, created_date, updated_date) VALUES (647, 82, 3, 1, 647, 7, 3, 'active', '2025-01-01 00:00:00', '2025-01-01 00:00:00');
INSERT INTO prices (id, base_price, sale_price, status, created_date, updated_date) VALUES (648, 59.95, 35, 'active', '2025-01-01 00:00:00', '2025-01-01 00:00:00');
INSERT INTO product_variants (id, product_id, color_id, size_id, price_id, material_id, season_id, status, created_date, updated_date) VALUES (648, 82, 3, 7, 648, 5, 1, 'active', '2025-01-01 00:00:00', '2025-01-01 00:00:00');
INSERT INTO prices (id, base_price, sale_price, status, created_date, updated_date) VALUES (649, 59.95, 35, 'active', '2025-01-01 00:00:00', '2025-01-01 00:00:00');
INSERT INTO product_variants (id, product_id, color_id, size_id, price_id, material_id, season_id, status, created_date, updated_date) VALUES (649, 82, 13, 7, 649, 1, 1, 'active', '2025-01-01 00:00:00', '2025-01-01 00:00:00');
INSERT INTO prices (id, base_price, sale_price, status, created_date, updated_date) VALUES (650, 59.95, 35, 'active', '2025-01-01 00:00:00', '2025-01-01 00:00:00');
INSERT INTO product_variants (id, product_id, color_id, size_id, price_id, material_id, season_id, status, created_date, updated_date) VALUES (650, 82, 13, 8, 650, 4, 3, 'active', '2025-01-01 00:00:00', '2025-01-01 00:00:00');
INSERT INTO prices (id, base_price, sale_price, status, created_date, updated_date) VALUES (651, 59.95, 35, 'active', '2025-01-01 00:00:00', '2025-01-01 00:00:00');
INSERT INTO product_variants (id, product_id, color_id, size_id, price_id, material_id, season_id, status, created_date, updated_date) VALUES (651, 82, 13, 9, 651, 5, 3, 'active', '2025-01-01 00:00:00', '2025-01-01 00:00:00');
INSERT INTO prices (id, base_price, sale_price, status, created_date, updated_date) VALUES (652, 59.95, 35, 'active', '2025-01-01 00:00:00', '2025-01-01 00:00:00');
INSERT INTO product_variants (id, product_id, color_id, size_id, price_id, material_id, season_id, status, created_date, updated_date) VALUES (652, 82, 13, 7, 652, 6, 1, 'active', '2025-01-01 00:00:00', '2025-01-01 00:00:00');
INSERT INTO prices (id, base_price, sale_price, status, created_date, updated_date) VALUES (653, 59.95, 35, 'active', '2025-01-01 00:00:00', '2025-01-01 00:00:00');
INSERT INTO product_variants (id, product_id, color_id, size_id, price_id, material_id, season_id, status, created_date, updated_date) VALUES (653, 82, 13, 3, 653, 5, 3, 'active', '2025-01-01 00:00:00', '2025-01-01 00:00:00');
INSERT INTO prices (id, base_price, sale_price, status, created_date, updated_date) VALUES (654, 59.95, 35, 'active', '2025-01-01 00:00:00', '2025-01-01 00:00:00');
INSERT INTO product_variants (id, product_id, color_id, size_id, price_id, material_id, season_id, status, created_date, updated_date) VALUES (654, 82, 13, 9, 654, 6, 3, 'active', '2025-01-01 00:00:00', '2025-01-01 00:00:00');
INSERT INTO prices (id, base_price, sale_price, status, created_date, updated_date) VALUES (655, 59.95, 35, 'active', '2025-01-01 00:00:00', '2025-01-01 00:00:00');
INSERT INTO product_variants (id, product_id, color_id, size_id, price_id, material_id, season_id, status, created_date, updated_date) VALUES (655, 82, 11, 1, 655, 2, 4, 'active', '2025-01-01 00:00:00', '2025-01-01 00:00:00');
INSERT INTO prices (id, base_price, sale_price, status, created_date, updated_date) VALUES (656, 59.95, 35, 'active', '2025-01-01 00:00:00', '2025-01-01 00:00:00');
INSERT INTO product_variants (id, product_id, color_id, size_id, price_id, material_id, season_id, status, created_date, updated_date) VALUES (656, 82, 11, 4, 656, 7, 1, 'active', '2025-01-01 00:00:00', '2025-01-01 00:00:00');
INSERT INTO product (id, name, description, category_id, status, created_date, updated_date, created_by, updated_by) VALUES (83, 'Pet CashSoft Sweater', 'Description for Pet CashSoft Sweater', 5, 'active', '2025-01-01 00:00:00', '2025-01-01 00:00:00', 1, 1);
INSERT INTO product_image (id, image_url, display_order, is_primary, product_id, created_date, updated_date) VALUES (519, 'https://www1.assets-gap.com/webcontent/0060/942/135/cn60942135.jpg?q=h&w=1152', 0, 1, 83, '2025-01-01 00:00:00', '2025-01-01 00:00:00');
INSERT INTO product_image (id, image_url, display_order, is_primary, product_id, created_date, updated_date) VALUES (520, 'https://www.gap.com/webcontent/0060/942/111/cn60942111.jpg', 1, 0, 83, '2025-01-01 00:00:00', '2025-01-01 00:00:00');
INSERT INTO product_image (id, image_url, display_order, is_primary, product_id, created_date, updated_date) VALUES (521, 'https://www.gap.com/webcontent/0060/942/138/cn60942138.jpg', 2, 0, 83, '2025-01-01 00:00:00', '2025-01-01 00:00:00');
INSERT INTO product_image (id, image_url, display_order, is_primary, product_id, created_date, updated_date) VALUES (522, 'https://www.gap.com/webcontent/0060/942/154/cn60942154.jpg', 3, 0, 83, '2025-01-01 00:00:00', '2025-01-01 00:00:00');
INSERT INTO product_image (id, image_url, display_order, is_primary, product_id, created_date, updated_date) VALUES (523, 'https://www.gap.com/webcontent/0060/208/548/cn60208548.jpg', 4, 0, 83, '2025-01-01 00:00:00', '2025-01-01 00:00:00');
INSERT INTO prices (id, base_price, sale_price, status, created_date, updated_date) VALUES (657, 44.95, 35, 'active', '2025-01-01 00:00:00', '2025-01-01 00:00:00');
INSERT INTO product_variants (id, product_id, color_id, size_id, price_id, material_id, season_id, status, created_date, updated_date) VALUES (657, 83, 5, 5, 657, 6, 1, 'active', '2025-01-01 00:00:00', '2025-01-01 00:00:00');
INSERT INTO prices (id, base_price, sale_price, status, created_date, updated_date) VALUES (658, 44.95, 35, 'active', '2025-01-01 00:00:00', '2025-01-01 00:00:00');
INSERT INTO product_variants (id, product_id, color_id, size_id, price_id, material_id, season_id, status, created_date, updated_date) VALUES (658, 83, 5, 3, 658, 5, 2, 'active', '2025-01-01 00:00:00', '2025-01-01 00:00:00');
INSERT INTO product (id, name, description, category_id, status, created_date, updated_date, created_by, updated_by) VALUES (84, 'High Rise VintageSoft Relaxed Joggers', 'Description for High Rise VintageSoft Relaxed Joggers', 5, 'active', '2025-01-01 00:00:00', '2025-01-01 00:00:00', 1, 1);
INSERT INTO product_image (id, image_url, display_order, is_primary, product_id, created_date, updated_date) VALUES (524, 'https://www1.assets-gap.com/webcontent/0059/151/401/cn59151401.jpg?q=h&w=1152', 0, 1, 84, '2025-01-01 00:00:00', '2025-01-01 00:00:00');
INSERT INTO product_image (id, image_url, display_order, is_primary, product_id, created_date, updated_date) VALUES (525, 'https://www.gap.com/webcontent/0059/151/396/cn59151396.jpg', 1, 0, 84, '2025-01-01 00:00:00', '2025-01-01 00:00:00');
INSERT INTO product_image (id, image_url, display_order, is_primary, product_id, created_date, updated_date) VALUES (526, 'https://www.gap.com/webcontent/0059/153/387/cn59153387.jpg', 2, 0, 84, '2025-01-01 00:00:00', '2025-01-01 00:00:00');
INSERT INTO product_image (id, image_url, display_order, is_primary, product_id, created_date, updated_date) VALUES (527, 'https://www.gap.com/webcontent/0059/151/408/cn59151408.jpg', 3, 0, 84, '2025-01-01 00:00:00', '2025-01-01 00:00:00');
INSERT INTO product_image (id, image_url, display_order, is_primary, product_id, created_date, updated_date) VALUES (528, 'https://www.gap.com/webcontent/0060/065/913/cn60065913.jpg', 4, 0, 84, '2025-01-01 00:00:00', '2025-01-01 00:00:00');
INSERT INTO product_image (id, image_url, display_order, is_primary, product_id, created_date, updated_date) VALUES (529, 'https://www.gap.com/webcontent/0059/127/135/cn59127135.jpg', 5, 0, 84, '2025-01-01 00:00:00', '2025-01-01 00:00:00');
INSERT INTO product_image (id, image_url, display_order, is_primary, product_id, created_date, updated_date) VALUES (530, 'https://www.gap.com/webcontent/0060/825/673/cn60825673.jpg', 6, 0, 84, '2025-01-01 00:00:00', '2025-01-01 00:00:00');
INSERT INTO prices (id, base_price, sale_price, status, created_date, updated_date) VALUES (659, 59.95, 47, 'active', '2025-01-01 00:00:00', '2025-01-01 00:00:00');
INSERT INTO product_variants (id, product_id, color_id, size_id, price_id, material_id, season_id, status, created_date, updated_date) VALUES (659, 84, 1, 3, 659, 2, 2, 'active', '2025-01-01 00:00:00', '2025-01-01 00:00:00');
INSERT INTO prices (id, base_price, sale_price, status, created_date, updated_date) VALUES (660, 59.95, 47, 'active', '2025-01-01 00:00:00', '2025-01-01 00:00:00');
INSERT INTO product_variants (id, product_id, color_id, size_id, price_id, material_id, season_id, status, created_date, updated_date) VALUES (660, 84, 1, 9, 660, 1, 3, 'active', '2025-01-01 00:00:00', '2025-01-01 00:00:00');
INSERT INTO prices (id, base_price, sale_price, status, created_date, updated_date) VALUES (661, 59.95, 47, 'active', '2025-01-01 00:00:00', '2025-01-01 00:00:00');
INSERT INTO product_variants (id, product_id, color_id, size_id, price_id, material_id, season_id, status, created_date, updated_date) VALUES (661, 84, 3, 6, 661, 5, 2, 'active', '2025-01-01 00:00:00', '2025-01-01 00:00:00');
INSERT INTO prices (id, base_price, sale_price, status, created_date, updated_date) VALUES (662, 59.95, 47, 'active', '2025-01-01 00:00:00', '2025-01-01 00:00:00');
INSERT INTO product_variants (id, product_id, color_id, size_id, price_id, material_id, season_id, status, created_date, updated_date) VALUES (662, 84, 3, 1, 662, 1, 2, 'active', '2025-01-01 00:00:00', '2025-01-01 00:00:00');
INSERT INTO prices (id, base_price, sale_price, status, created_date, updated_date) VALUES (663, 59.95, 47, 'active', '2025-01-01 00:00:00', '2025-01-01 00:00:00');
INSERT INTO product_variants (id, product_id, color_id, size_id, price_id, material_id, season_id, status, created_date, updated_date) VALUES (663, 84, 3, 4, 663, 7, 3, 'active', '2025-01-01 00:00:00', '2025-01-01 00:00:00');
INSERT INTO prices (id, base_price, sale_price, status, created_date, updated_date) VALUES (664, 59.95, 47, 'active', '2025-01-01 00:00:00', '2025-01-01 00:00:00');
INSERT INTO product_variants (id, product_id, color_id, size_id, price_id, material_id, season_id, status, created_date, updated_date) VALUES (664, 84, 9, 10, 664, 5, 4, 'active', '2025-01-01 00:00:00', '2025-01-01 00:00:00');
INSERT INTO prices (id, base_price, sale_price, status, created_date, updated_date) VALUES (665, 59.95, 47, 'active', '2025-01-01 00:00:00', '2025-01-01 00:00:00');
INSERT INTO product_variants (id, product_id, color_id, size_id, price_id, material_id, season_id, status, created_date, updated_date) VALUES (665, 84, 9, 4, 665, 6, 1, 'active', '2025-01-01 00:00:00', '2025-01-01 00:00:00');
INSERT INTO prices (id, base_price, sale_price, status, created_date, updated_date) VALUES (666, 59.95, 47, 'active', '2025-01-01 00:00:00', '2025-01-01 00:00:00');
INSERT INTO product_variants (id, product_id, color_id, size_id, price_id, material_id, season_id, status, created_date, updated_date) VALUES (666, 84, 3, 4, 666, 7, 1, 'active', '2025-01-01 00:00:00', '2025-01-01 00:00:00');
INSERT INTO prices (id, base_price, sale_price, status, created_date, updated_date) VALUES (667, 59.95, 47, 'active', '2025-01-01 00:00:00', '2025-01-01 00:00:00');
INSERT INTO product_variants (id, product_id, color_id, size_id, price_id, material_id, season_id, status, created_date, updated_date) VALUES (667, 84, 3, 9, 667, 1, 4, 'active', '2025-01-01 00:00:00', '2025-01-01 00:00:00');
INSERT INTO prices (id, base_price, sale_price, status, created_date, updated_date) VALUES (668, 59.95, 47, 'active', '2025-01-01 00:00:00', '2025-01-01 00:00:00');
INSERT INTO product_variants (id, product_id, color_id, size_id, price_id, material_id, season_id, status, created_date, updated_date) VALUES (668, 84, 3, 5, 668, 3, 4, 'active', '2025-01-01 00:00:00', '2025-01-01 00:00:00');
INSERT INTO prices (id, base_price, sale_price, status, created_date, updated_date) VALUES (669, 59.95, 47, 'active', '2025-01-01 00:00:00', '2025-01-01 00:00:00');
INSERT INTO product_variants (id, product_id, color_id, size_id, price_id, material_id, season_id, status, created_date, updated_date) VALUES (669, 84, 11, 7, 669, 3, 2, 'active', '2025-01-01 00:00:00', '2025-01-01 00:00:00');
INSERT INTO prices (id, base_price, sale_price, status, created_date, updated_date) VALUES (670, 59.95, 47, 'active', '2025-01-01 00:00:00', '2025-01-01 00:00:00');
INSERT INTO product_variants (id, product_id, color_id, size_id, price_id, material_id, season_id, status, created_date, updated_date) VALUES (670, 84, 11, 5, 670, 4, 2, 'active', '2025-01-01 00:00:00', '2025-01-01 00:00:00');
INSERT INTO prices (id, base_price, sale_price, status, created_date, updated_date) VALUES (671, 59.95, 47, 'active', '2025-01-01 00:00:00', '2025-01-01 00:00:00');
INSERT INTO product_variants (id, product_id, color_id, size_id, price_id, material_id, season_id, status, created_date, updated_date) VALUES (671, 84, 4, 3, 671, 5, 3, 'active', '2025-01-01 00:00:00', '2025-01-01 00:00:00');
INSERT INTO prices (id, base_price, sale_price, status, created_date, updated_date) VALUES (672, 59.95, 47, 'active', '2025-01-01 00:00:00', '2025-01-01 00:00:00');
INSERT INTO product_variants (id, product_id, color_id, size_id, price_id, material_id, season_id, status, created_date, updated_date) VALUES (672, 84, 4, 5, 672, 4, 3, 'active', '2025-01-01 00:00:00', '2025-01-01 00:00:00');
INSERT INTO prices (id, base_price, sale_price, status, created_date, updated_date) VALUES (673, 59.95, 47, 'active', '2025-01-01 00:00:00', '2025-01-01 00:00:00');
INSERT INTO product_variants (id, product_id, color_id, size_id, price_id, material_id, season_id, status, created_date, updated_date) VALUES (673, 84, 4, 3, 673, 4, 4, 'active', '2025-01-01 00:00:00', '2025-01-01 00:00:00');
INSERT INTO prices (id, base_price, sale_price, status, created_date, updated_date) VALUES (674, 59.95, 47, 'active', '2025-01-01 00:00:00', '2025-01-01 00:00:00');
INSERT INTO product_variants (id, product_id, color_id, size_id, price_id, material_id, season_id, status, created_date, updated_date) VALUES (674, 84, 4, 1, 674, 2, 3, 'active', '2025-01-01 00:00:00', '2025-01-01 00:00:00');
INSERT INTO prices (id, base_price, sale_price, status, created_date, updated_date) VALUES (675, 59.95, 47, 'active', '2025-01-01 00:00:00', '2025-01-01 00:00:00');
INSERT INTO product_variants (id, product_id, color_id, size_id, price_id, material_id, season_id, status, created_date, updated_date) VALUES (675, 84, 4, 6, 675, 5, 4, 'active', '2025-01-01 00:00:00', '2025-01-01 00:00:00');
INSERT INTO prices (id, base_price, sale_price, status, created_date, updated_date) VALUES (676, 59.95, 47, 'active', '2025-01-01 00:00:00', '2025-01-01 00:00:00');
INSERT INTO product_variants (id, product_id, color_id, size_id, price_id, material_id, season_id, status, created_date, updated_date) VALUES (676, 84, 2, 8, 676, 3, 2, 'active', '2025-01-01 00:00:00', '2025-01-01 00:00:00');
INSERT INTO prices (id, base_price, sale_price, status, created_date, updated_date) VALUES (677, 59.95, 47, 'active', '2025-01-01 00:00:00', '2025-01-01 00:00:00');
INSERT INTO product_variants (id, product_id, color_id, size_id, price_id, material_id, season_id, status, created_date, updated_date) VALUES (677, 84, 2, 1, 677, 1, 1, 'active', '2025-01-01 00:00:00', '2025-01-01 00:00:00');
INSERT INTO prices (id, base_price, sale_price, status, created_date, updated_date) VALUES (678, 59.95, 47, 'active', '2025-01-01 00:00:00', '2025-01-01 00:00:00');
INSERT INTO product_variants (id, product_id, color_id, size_id, price_id, material_id, season_id, status, created_date, updated_date) VALUES (678, 84, 2, 2, 678, 4, 3, 'active', '2025-01-01 00:00:00', '2025-01-01 00:00:00');
INSERT INTO prices (id, base_price, sale_price, status, created_date, updated_date) VALUES (679, 59.95, 47, 'active', '2025-01-01 00:00:00', '2025-01-01 00:00:00');
INSERT INTO product_variants (id, product_id, color_id, size_id, price_id, material_id, season_id, status, created_date, updated_date) VALUES (679, 84, 10, 5, 679, 7, 1, 'active', '2025-01-01 00:00:00', '2025-01-01 00:00:00');
INSERT INTO prices (id, base_price, sale_price, status, created_date, updated_date) VALUES (680, 59.95, 47, 'active', '2025-01-01 00:00:00', '2025-01-01 00:00:00');
INSERT INTO product_variants (id, product_id, color_id, size_id, price_id, material_id, season_id, status, created_date, updated_date) VALUES (680, 84, 10, 7, 680, 2, 2, 'active', '2025-01-01 00:00:00', '2025-01-01 00:00:00');
INSERT INTO prices (id, base_price, sale_price, status, created_date, updated_date) VALUES (681, 59.95, 47, 'active', '2025-01-01 00:00:00', '2025-01-01 00:00:00');
INSERT INTO product_variants (id, product_id, color_id, size_id, price_id, material_id, season_id, status, created_date, updated_date) VALUES (681, 84, 3, 3, 681, 2, 1, 'active', '2025-01-01 00:00:00', '2025-01-01 00:00:00');
INSERT INTO prices (id, base_price, sale_price, status, created_date, updated_date) VALUES (682, 59.95, 47, 'active', '2025-01-01 00:00:00', '2025-01-01 00:00:00');
INSERT INTO product_variants (id, product_id, color_id, size_id, price_id, material_id, season_id, status, created_date, updated_date) VALUES (682, 84, 3, 7, 682, 6, 1, 'active', '2025-01-01 00:00:00', '2025-01-01 00:00:00');
INSERT INTO prices (id, base_price, sale_price, status, created_date, updated_date) VALUES (683, 59.95, 47, 'active', '2025-01-01 00:00:00', '2025-01-01 00:00:00');
INSERT INTO product_variants (id, product_id, color_id, size_id, price_id, material_id, season_id, status, created_date, updated_date) VALUES (683, 84, 9, 3, 683, 6, 1, 'active', '2025-01-01 00:00:00', '2025-01-01 00:00:00');
INSERT INTO prices (id, base_price, sale_price, status, created_date, updated_date) VALUES (684, 59.95, 47, 'active', '2025-01-01 00:00:00', '2025-01-01 00:00:00');
INSERT INTO product_variants (id, product_id, color_id, size_id, price_id, material_id, season_id, status, created_date, updated_date) VALUES (684, 84, 9, 2, 684, 6, 1, 'active', '2025-01-01 00:00:00', '2025-01-01 00:00:00');
INSERT INTO prices (id, base_price, sale_price, status, created_date, updated_date) VALUES (685, 59.95, 47, 'active', '2025-01-01 00:00:00', '2025-01-01 00:00:00');
INSERT INTO product_variants (id, product_id, color_id, size_id, price_id, material_id, season_id, status, created_date, updated_date) VALUES (685, 84, 2, 9, 685, 6, 1, 'active', '2025-01-01 00:00:00', '2025-01-01 00:00:00');
INSERT INTO prices (id, base_price, sale_price, status, created_date, updated_date) VALUES (686, 59.95, 47, 'active', '2025-01-01 00:00:00', '2025-01-01 00:00:00');
INSERT INTO product_variants (id, product_id, color_id, size_id, price_id, material_id, season_id, status, created_date, updated_date) VALUES (686, 84, 2, 8, 686, 7, 1, 'active', '2025-01-01 00:00:00', '2025-01-01 00:00:00');
INSERT INTO prices (id, base_price, sale_price, status, created_date, updated_date) VALUES (687, 59.95, 47, 'active', '2025-01-01 00:00:00', '2025-01-01 00:00:00');
INSERT INTO product_variants (id, product_id, color_id, size_id, price_id, material_id, season_id, status, created_date, updated_date) VALUES (687, 84, 2, 2, 687, 1, 2, 'active', '2025-01-01 00:00:00', '2025-01-01 00:00:00');
INSERT INTO prices (id, base_price, sale_price, status, created_date, updated_date) VALUES (688, 59.95, 47, 'active', '2025-01-01 00:00:00', '2025-01-01 00:00:00');
INSERT INTO product_variants (id, product_id, color_id, size_id, price_id, material_id, season_id, status, created_date, updated_date) VALUES (688, 84, 3, 6, 688, 3, 4, 'active', '2025-01-01 00:00:00', '2025-01-01 00:00:00');
INSERT INTO prices (id, base_price, sale_price, status, created_date, updated_date) VALUES (689, 59.95, 47, 'active', '2025-01-01 00:00:00', '2025-01-01 00:00:00');
INSERT INTO product_variants (id, product_id, color_id, size_id, price_id, material_id, season_id, status, created_date, updated_date) VALUES (689, 84, 3, 10, 689, 4, 3, 'active', '2025-01-01 00:00:00', '2025-01-01 00:00:00');
INSERT INTO prices (id, base_price, sale_price, status, created_date, updated_date) VALUES (690, 59.95, 47, 'active', '2025-01-01 00:00:00', '2025-01-01 00:00:00');
INSERT INTO product_variants (id, product_id, color_id, size_id, price_id, material_id, season_id, status, created_date, updated_date) VALUES (690, 84, 14, 2, 690, 1, 2, 'active', '2025-01-01 00:00:00', '2025-01-01 00:00:00');
INSERT INTO prices (id, base_price, sale_price, status, created_date, updated_date) VALUES (691, 59.95, 47, 'active', '2025-01-01 00:00:00', '2025-01-01 00:00:00');
INSERT INTO product_variants (id, product_id, color_id, size_id, price_id, material_id, season_id, status, created_date, updated_date) VALUES (691, 84, 14, 7, 691, 6, 4, 'active', '2025-01-01 00:00:00', '2025-01-01 00:00:00');
INSERT INTO prices (id, base_price, sale_price, status, created_date, updated_date) VALUES (692, 59.95, 47, 'active', '2025-01-01 00:00:00', '2025-01-01 00:00:00');
INSERT INTO product_variants (id, product_id, color_id, size_id, price_id, material_id, season_id, status, created_date, updated_date) VALUES (692, 84, 11, 4, 692, 5, 3, 'active', '2025-01-01 00:00:00', '2025-01-01 00:00:00');
INSERT INTO prices (id, base_price, sale_price, status, created_date, updated_date) VALUES (693, 59.95, 47, 'active', '2025-01-01 00:00:00', '2025-01-01 00:00:00');
INSERT INTO product_variants (id, product_id, color_id, size_id, price_id, material_id, season_id, status, created_date, updated_date) VALUES (693, 84, 11, 1, 693, 4, 3, 'active', '2025-01-01 00:00:00', '2025-01-01 00:00:00');
INSERT INTO prices (id, base_price, sale_price, status, created_date, updated_date) VALUES (694, 59.95, 47, 'active', '2025-01-01 00:00:00', '2025-01-01 00:00:00');
INSERT INTO product_variants (id, product_id, color_id, size_id, price_id, material_id, season_id, status, created_date, updated_date) VALUES (694, 84, 11, 6, 694, 2, 3, 'active', '2025-01-01 00:00:00', '2025-01-01 00:00:00');
INSERT INTO prices (id, base_price, sale_price, status, created_date, updated_date) VALUES (695, 59.95, 47, 'active', '2025-01-01 00:00:00', '2025-01-01 00:00:00');
INSERT INTO product_variants (id, product_id, color_id, size_id, price_id, material_id, season_id, status, created_date, updated_date) VALUES (695, 84, 7, 10, 695, 7, 1, 'active', '2025-01-01 00:00:00', '2025-01-01 00:00:00');
INSERT INTO prices (id, base_price, sale_price, status, created_date, updated_date) VALUES (696, 59.95, 47, 'active', '2025-01-01 00:00:00', '2025-01-01 00:00:00');
INSERT INTO product_variants (id, product_id, color_id, size_id, price_id, material_id, season_id, status, created_date, updated_date) VALUES (696, 84, 7, 8, 696, 7, 4, 'active', '2025-01-01 00:00:00', '2025-01-01 00:00:00');
INSERT INTO prices (id, base_price, sale_price, status, created_date, updated_date) VALUES (697, 59.95, 47, 'active', '2025-01-01 00:00:00', '2025-01-01 00:00:00');
INSERT INTO product_variants (id, product_id, color_id, size_id, price_id, material_id, season_id, status, created_date, updated_date) VALUES (697, 84, 7, 4, 697, 4, 2, 'active', '2025-01-01 00:00:00', '2025-01-01 00:00:00');
INSERT INTO prices (id, base_price, sale_price, status, created_date, updated_date) VALUES (698, 59.95, 47, 'active', '2025-01-01 00:00:00', '2025-01-01 00:00:00');
INSERT INTO product_variants (id, product_id, color_id, size_id, price_id, material_id, season_id, status, created_date, updated_date) VALUES (698, 84, 6, 6, 698, 4, 2, 'active', '2025-01-01 00:00:00', '2025-01-01 00:00:00');
INSERT INTO prices (id, base_price, sale_price, status, created_date, updated_date) VALUES (699, 59.95, 47, 'active', '2025-01-01 00:00:00', '2025-01-01 00:00:00');
INSERT INTO product_variants (id, product_id, color_id, size_id, price_id, material_id, season_id, status, created_date, updated_date) VALUES (699, 84, 6, 5, 699, 4, 3, 'active', '2025-01-01 00:00:00', '2025-01-01 00:00:00');
INSERT INTO prices (id, base_price, sale_price, status, created_date, updated_date) VALUES (700, 59.95, 47, 'active', '2025-01-01 00:00:00', '2025-01-01 00:00:00');
INSERT INTO product_variants (id, product_id, color_id, size_id, price_id, material_id, season_id, status, created_date, updated_date) VALUES (700, 84, 6, 9, 700, 6, 1, 'active', '2025-01-01 00:00:00', '2025-01-01 00:00:00');
INSERT INTO product (id, name, description, category_id, status, created_date, updated_date, created_by, updated_by) VALUES (85, 'VintageSoft Wedge Crewneck Sweatshirt', 'Description for VintageSoft Wedge Crewneck Sweatshirt', 5, 'active', '2025-01-01 00:00:00', '2025-01-01 00:00:00', 1, 1);
INSERT INTO product_image (id, image_url, display_order, is_primary, product_id, created_date, updated_date) VALUES (531, 'https://www1.assets-gap.com/webcontent/0061/438/111/cn61438111.jpg?q=h&w=1152', 0, 1, 85, '2025-01-01 00:00:00', '2025-01-01 00:00:00');
INSERT INTO product_image (id, image_url, display_order, is_primary, product_id, created_date, updated_date) VALUES (532, 'https://www.gap.com/webcontent/0061/438/074/cn61438074.jpg', 1, 0, 85, '2025-01-01 00:00:00', '2025-01-01 00:00:00');
INSERT INTO product_image (id, image_url, display_order, is_primary, product_id, created_date, updated_date) VALUES (533, 'https://www.gap.com/webcontent/0060/413/645/cn60413645.jpg', 2, 0, 85, '2025-01-01 00:00:00', '2025-01-01 00:00:00');
INSERT INTO product_image (id, image_url, display_order, is_primary, product_id, created_date, updated_date) VALUES (534, 'https://www.gap.com/webcontent/0060/413/664/cn60413664.jpg', 3, 0, 85, '2025-01-01 00:00:00', '2025-01-01 00:00:00');
INSERT INTO product_image (id, image_url, display_order, is_primary, product_id, created_date, updated_date) VALUES (535, 'https://www.gap.com/webcontent/0060/413/665/cn60413665.jpg', 4, 0, 85, '2025-01-01 00:00:00', '2025-01-01 00:00:00');
INSERT INTO product_image (id, image_url, display_order, is_primary, product_id, created_date, updated_date) VALUES (536, 'https://www.gap.com/webcontent/0059/583/961/cn59583961.jpg', 5, 0, 85, '2025-01-01 00:00:00', '2025-01-01 00:00:00');
INSERT INTO prices (id, base_price, sale_price, status, created_date, updated_date) VALUES (701, 59.95, 47, 'active', '2025-01-01 00:00:00', '2025-01-01 00:00:00');
INSERT INTO product_variants (id, product_id, color_id, size_id, price_id, material_id, season_id, status, created_date, updated_date) VALUES (701, 85, 4, 4, 701, 3, 2, 'active', '2025-01-01 00:00:00', '2025-01-01 00:00:00');
INSERT INTO prices (id, base_price, sale_price, status, created_date, updated_date) VALUES (702, 59.95, 47, 'active', '2025-01-01 00:00:00', '2025-01-01 00:00:00');
INSERT INTO product_variants (id, product_id, color_id, size_id, price_id, material_id, season_id, status, created_date, updated_date) VALUES (702, 85, 4, 7, 702, 4, 2, 'active', '2025-01-01 00:00:00', '2025-01-01 00:00:00');
INSERT INTO prices (id, base_price, sale_price, status, created_date, updated_date) VALUES (703, 59.95, 47, 'active', '2025-01-01 00:00:00', '2025-01-01 00:00:00');
INSERT INTO product_variants (id, product_id, color_id, size_id, price_id, material_id, season_id, status, created_date, updated_date) VALUES (703, 85, 11, 2, 703, 4, 4, 'active', '2025-01-01 00:00:00', '2025-01-01 00:00:00');
INSERT INTO prices (id, base_price, sale_price, status, created_date, updated_date) VALUES (704, 59.95, 47, 'active', '2025-01-01 00:00:00', '2025-01-01 00:00:00');
INSERT INTO product_variants (id, product_id, color_id, size_id, price_id, material_id, season_id, status, created_date, updated_date) VALUES (704, 85, 11, 9, 704, 7, 4, 'active', '2025-01-01 00:00:00', '2025-01-01 00:00:00');
INSERT INTO prices (id, base_price, sale_price, status, created_date, updated_date) VALUES (705, 59.95, 47, 'active', '2025-01-01 00:00:00', '2025-01-01 00:00:00');
INSERT INTO product_variants (id, product_id, color_id, size_id, price_id, material_id, season_id, status, created_date, updated_date) VALUES (705, 85, 3, 2, 705, 2, 3, 'active', '2025-01-01 00:00:00', '2025-01-01 00:00:00');
INSERT INTO prices (id, base_price, sale_price, status, created_date, updated_date) VALUES (706, 59.95, 47, 'active', '2025-01-01 00:00:00', '2025-01-01 00:00:00');
INSERT INTO product_variants (id, product_id, color_id, size_id, price_id, material_id, season_id, status, created_date, updated_date) VALUES (706, 85, 3, 6, 706, 4, 1, 'active', '2025-01-01 00:00:00', '2025-01-01 00:00:00');
INSERT INTO prices (id, base_price, sale_price, status, created_date, updated_date) VALUES (707, 59.95, 47, 'active', '2025-01-01 00:00:00', '2025-01-01 00:00:00');
INSERT INTO product_variants (id, product_id, color_id, size_id, price_id, material_id, season_id, status, created_date, updated_date) VALUES (707, 85, 3, 7, 707, 4, 2, 'active', '2025-01-01 00:00:00', '2025-01-01 00:00:00');
INSERT INTO prices (id, base_price, sale_price, status, created_date, updated_date) VALUES (708, 59.95, 47, 'active', '2025-01-01 00:00:00', '2025-01-01 00:00:00');
INSERT INTO product_variants (id, product_id, color_id, size_id, price_id, material_id, season_id, status, created_date, updated_date) VALUES (708, 85, 3, 4, 708, 2, 3, 'active', '2025-01-01 00:00:00', '2025-01-01 00:00:00');
INSERT INTO prices (id, base_price, sale_price, status, created_date, updated_date) VALUES (709, 59.95, 47, 'active', '2025-01-01 00:00:00', '2025-01-01 00:00:00');
INSERT INTO product_variants (id, product_id, color_id, size_id, price_id, material_id, season_id, status, created_date, updated_date) VALUES (709, 85, 6, 2, 709, 7, 3, 'active', '2025-01-01 00:00:00', '2025-01-01 00:00:00');
INSERT INTO prices (id, base_price, sale_price, status, created_date, updated_date) VALUES (710, 59.95, 47, 'active', '2025-01-01 00:00:00', '2025-01-01 00:00:00');
INSERT INTO product_variants (id, product_id, color_id, size_id, price_id, material_id, season_id, status, created_date, updated_date) VALUES (710, 85, 6, 6, 710, 3, 4, 'active', '2025-01-01 00:00:00', '2025-01-01 00:00:00');
INSERT INTO prices (id, base_price, sale_price, status, created_date, updated_date) VALUES (711, 59.95, 47, 'active', '2025-01-01 00:00:00', '2025-01-01 00:00:00');
INSERT INTO product_variants (id, product_id, color_id, size_id, price_id, material_id, season_id, status, created_date, updated_date) VALUES (711, 85, 3, 6, 711, 4, 1, 'active', '2025-01-01 00:00:00', '2025-01-01 00:00:00');
INSERT INTO prices (id, base_price, sale_price, status, created_date, updated_date) VALUES (712, 59.95, 47, 'active', '2025-01-01 00:00:00', '2025-01-01 00:00:00');
INSERT INTO product_variants (id, product_id, color_id, size_id, price_id, material_id, season_id, status, created_date, updated_date) VALUES (712, 85, 3, 5, 712, 6, 3, 'active', '2025-01-01 00:00:00', '2025-01-01 00:00:00');
INSERT INTO prices (id, base_price, sale_price, status, created_date, updated_date) VALUES (713, 59.95, 47, 'active', '2025-01-01 00:00:00', '2025-01-01 00:00:00');
INSERT INTO product_variants (id, product_id, color_id, size_id, price_id, material_id, season_id, status, created_date, updated_date) VALUES (713, 85, 3, 6, 713, 4, 3, 'active', '2025-01-01 00:00:00', '2025-01-01 00:00:00');
INSERT INTO prices (id, base_price, sale_price, status, created_date, updated_date) VALUES (714, 59.95, 47, 'active', '2025-01-01 00:00:00', '2025-01-01 00:00:00');
INSERT INTO product_variants (id, product_id, color_id, size_id, price_id, material_id, season_id, status, created_date, updated_date) VALUES (714, 85, 3, 4, 714, 4, 4, 'active', '2025-01-01 00:00:00', '2025-01-01 00:00:00');
INSERT INTO prices (id, base_price, sale_price, status, created_date, updated_date) VALUES (715, 59.95, 47, 'active', '2025-01-01 00:00:00', '2025-01-01 00:00:00');
INSERT INTO product_variants (id, product_id, color_id, size_id, price_id, material_id, season_id, status, created_date, updated_date) VALUES (715, 85, 2, 4, 715, 5, 3, 'active', '2025-01-01 00:00:00', '2025-01-01 00:00:00');
INSERT INTO prices (id, base_price, sale_price, status, created_date, updated_date) VALUES (716, 59.95, 47, 'active', '2025-01-01 00:00:00', '2025-01-01 00:00:00');
INSERT INTO product_variants (id, product_id, color_id, size_id, price_id, material_id, season_id, status, created_date, updated_date) VALUES (716, 85, 2, 5, 716, 3, 1, 'active', '2025-01-01 00:00:00', '2025-01-01 00:00:00');
INSERT INTO prices (id, base_price, sale_price, status, created_date, updated_date) VALUES (717, 59.95, 47, 'active', '2025-01-01 00:00:00', '2025-01-01 00:00:00');
INSERT INTO product_variants (id, product_id, color_id, size_id, price_id, material_id, season_id, status, created_date, updated_date) VALUES (717, 85, 9, 10, 717, 3, 4, 'active', '2025-01-01 00:00:00', '2025-01-01 00:00:00');
INSERT INTO prices (id, base_price, sale_price, status, created_date, updated_date) VALUES (718, 59.95, 47, 'active', '2025-01-01 00:00:00', '2025-01-01 00:00:00');
INSERT INTO product_variants (id, product_id, color_id, size_id, price_id, material_id, season_id, status, created_date, updated_date) VALUES (718, 85, 9, 4, 718, 5, 2, 'active', '2025-01-01 00:00:00', '2025-01-01 00:00:00');
INSERT INTO prices (id, base_price, sale_price, status, created_date, updated_date) VALUES (719, 59.95, 47, 'active', '2025-01-01 00:00:00', '2025-01-01 00:00:00');
INSERT INTO product_variants (id, product_id, color_id, size_id, price_id, material_id, season_id, status, created_date, updated_date) VALUES (719, 85, 9, 7, 719, 1, 2, 'active', '2025-01-01 00:00:00', '2025-01-01 00:00:00');
INSERT INTO prices (id, base_price, sale_price, status, created_date, updated_date) VALUES (720, 59.95, 47, 'active', '2025-01-01 00:00:00', '2025-01-01 00:00:00');
INSERT INTO product_variants (id, product_id, color_id, size_id, price_id, material_id, season_id, status, created_date, updated_date) VALUES (720, 85, 1, 2, 720, 4, 2, 'active', '2025-01-01 00:00:00', '2025-01-01 00:00:00');
INSERT INTO prices (id, base_price, sale_price, status, created_date, updated_date) VALUES (721, 59.95, 47, 'active', '2025-01-01 00:00:00', '2025-01-01 00:00:00');
INSERT INTO product_variants (id, product_id, color_id, size_id, price_id, material_id, season_id, status, created_date, updated_date) VALUES (721, 85, 1, 1, 721, 2, 4, 'active', '2025-01-01 00:00:00', '2025-01-01 00:00:00');
INSERT INTO prices (id, base_price, sale_price, status, created_date, updated_date) VALUES (722, 59.95, 47, 'active', '2025-01-01 00:00:00', '2025-01-01 00:00:00');
INSERT INTO product_variants (id, product_id, color_id, size_id, price_id, material_id, season_id, status, created_date, updated_date) VALUES (722, 85, 9, 8, 722, 1, 2, 'active', '2025-01-01 00:00:00', '2025-01-01 00:00:00');
INSERT INTO prices (id, base_price, sale_price, status, created_date, updated_date) VALUES (723, 59.95, 47, 'active', '2025-01-01 00:00:00', '2025-01-01 00:00:00');
INSERT INTO product_variants (id, product_id, color_id, size_id, price_id, material_id, season_id, status, created_date, updated_date) VALUES (723, 85, 9, 7, 723, 6, 2, 'active', '2025-01-01 00:00:00', '2025-01-01 00:00:00');
INSERT INTO prices (id, base_price, sale_price, status, created_date, updated_date) VALUES (724, 59.95, 47, 'active', '2025-01-01 00:00:00', '2025-01-01 00:00:00');
INSERT INTO product_variants (id, product_id, color_id, size_id, price_id, material_id, season_id, status, created_date, updated_date) VALUES (724, 85, 3, 7, 724, 6, 4, 'active', '2025-01-01 00:00:00', '2025-01-01 00:00:00');
INSERT INTO prices (id, base_price, sale_price, status, created_date, updated_date) VALUES (725, 59.95, 47, 'active', '2025-01-01 00:00:00', '2025-01-01 00:00:00');
INSERT INTO product_variants (id, product_id, color_id, size_id, price_id, material_id, season_id, status, created_date, updated_date) VALUES (725, 85, 13, 4, 725, 6, 4, 'active', '2025-01-01 00:00:00', '2025-01-01 00:00:00');
INSERT INTO prices (id, base_price, sale_price, status, created_date, updated_date) VALUES (726, 59.95, 47, 'active', '2025-01-01 00:00:00', '2025-01-01 00:00:00');
INSERT INTO product_variants (id, product_id, color_id, size_id, price_id, material_id, season_id, status, created_date, updated_date) VALUES (726, 85, 13, 2, 726, 3, 4, 'active', '2025-01-01 00:00:00', '2025-01-01 00:00:00');
INSERT INTO prices (id, base_price, sale_price, status, created_date, updated_date) VALUES (727, 59.95, 47, 'active', '2025-01-01 00:00:00', '2025-01-01 00:00:00');
INSERT INTO product_variants (id, product_id, color_id, size_id, price_id, material_id, season_id, status, created_date, updated_date) VALUES (727, 85, 13, 9, 727, 3, 4, 'active', '2025-01-01 00:00:00', '2025-01-01 00:00:00');
INSERT INTO prices (id, base_price, sale_price, status, created_date, updated_date) VALUES (728, 59.95, 47, 'active', '2025-01-01 00:00:00', '2025-01-01 00:00:00');
INSERT INTO product_variants (id, product_id, color_id, size_id, price_id, material_id, season_id, status, created_date, updated_date) VALUES (728, 85, 13, 8, 728, 1, 2, 'active', '2025-01-01 00:00:00', '2025-01-01 00:00:00');
INSERT INTO prices (id, base_price, sale_price, status, created_date, updated_date) VALUES (729, 59.95, 47, 'active', '2025-01-01 00:00:00', '2025-01-01 00:00:00');
INSERT INTO product_variants (id, product_id, color_id, size_id, price_id, material_id, season_id, status, created_date, updated_date) VALUES (729, 85, 13, 2, 729, 7, 4, 'active', '2025-01-01 00:00:00', '2025-01-01 00:00:00');
INSERT INTO prices (id, base_price, sale_price, status, created_date, updated_date) VALUES (730, 59.95, 47, 'active', '2025-01-01 00:00:00', '2025-01-01 00:00:00');
INSERT INTO product_variants (id, product_id, color_id, size_id, price_id, material_id, season_id, status, created_date, updated_date) VALUES (730, 85, 11, 7, 730, 5, 2, 'active', '2025-01-01 00:00:00', '2025-01-01 00:00:00');
INSERT INTO prices (id, base_price, sale_price, status, created_date, updated_date) VALUES (731, 59.95, 47, 'active', '2025-01-01 00:00:00', '2025-01-01 00:00:00');
INSERT INTO product_variants (id, product_id, color_id, size_id, price_id, material_id, season_id, status, created_date, updated_date) VALUES (731, 85, 11, 5, 731, 1, 1, 'active', '2025-01-01 00:00:00', '2025-01-01 00:00:00');
INSERT INTO product (id, name, description, category_id, status, created_date, updated_date, created_by, updated_by) VALUES (86, 'High Rise VintageSoft Joggers', 'Description for High Rise VintageSoft Joggers', 5, 'active', '2025-01-01 00:00:00', '2025-01-01 00:00:00', 1, 1);
INSERT INTO product_image (id, image_url, display_order, is_primary, product_id, created_date, updated_date) VALUES (537, 'https://www1.assets-gap.com/webcontent/0060/117/907/cn60117907.jpg?q=h&w=1152', 0, 1, 86, '2025-01-01 00:00:00', '2025-01-01 00:00:00');
INSERT INTO product_image (id, image_url, display_order, is_primary, product_id, created_date, updated_date) VALUES (538, 'https://www.gap.com/webcontent/0061/332/978/cn61332978.jpg', 1, 0, 86, '2025-01-01 00:00:00', '2025-01-01 00:00:00');
INSERT INTO product_image (id, image_url, display_order, is_primary, product_id, created_date, updated_date) VALUES (539, 'https://www.gap.com/webcontent/0061/332/999/cn61332999.jpg', 2, 0, 86, '2025-01-01 00:00:00', '2025-01-01 00:00:00');
INSERT INTO product_image (id, image_url, display_order, is_primary, product_id, created_date, updated_date) VALUES (540, 'https://www.gap.com/webcontent/0061/333/007/cn61333007.jpg', 3, 0, 86, '2025-01-01 00:00:00', '2025-01-01 00:00:00');
INSERT INTO product_image (id, image_url, display_order, is_primary, product_id, created_date, updated_date) VALUES (541, 'https://www.gap.com/webcontent/0061/332/982/cn61332982.jpg', 4, 0, 86, '2025-01-01 00:00:00', '2025-01-01 00:00:00');
INSERT INTO product_image (id, image_url, display_order, is_primary, product_id, created_date, updated_date) VALUES (542, 'https://www.gap.com/webcontent/0061/333/011/cn61333011.jpg', 5, 0, 86, '2025-01-01 00:00:00', '2025-01-01 00:00:00');
INSERT INTO product_image (id, image_url, display_order, is_primary, product_id, created_date, updated_date) VALUES (543, 'https://www.gap.com/webcontent/0060/824/371/cn60824371.jpg', 6, 0, 86, '2025-01-01 00:00:00', '2025-01-01 00:00:00');
INSERT INTO prices (id, base_price, sale_price, status, created_date, updated_date) VALUES (732, 49.95, 34.99, 'active', '2025-01-01 00:00:00', '2025-01-01 00:00:00');
INSERT INTO product_variants (id, product_id, color_id, size_id, price_id, material_id, season_id, status, created_date, updated_date) VALUES (732, 86, 1, 10, 732, 6, 2, 'active', '2025-01-01 00:00:00', '2025-01-01 00:00:00');
INSERT INTO prices (id, base_price, sale_price, status, created_date, updated_date) VALUES (733, 49.95, 34.99, 'active', '2025-01-01 00:00:00', '2025-01-01 00:00:00');
INSERT INTO product_variants (id, product_id, color_id, size_id, price_id, material_id, season_id, status, created_date, updated_date) VALUES (733, 86, 1, 9, 733, 7, 3, 'active', '2025-01-01 00:00:00', '2025-01-01 00:00:00');
INSERT INTO prices (id, base_price, sale_price, status, created_date, updated_date) VALUES (734, 49.95, 34.99, 'active', '2025-01-01 00:00:00', '2025-01-01 00:00:00');
INSERT INTO product_variants (id, product_id, color_id, size_id, price_id, material_id, season_id, status, created_date, updated_date) VALUES (734, 86, 3, 3, 734, 1, 3, 'active', '2025-01-01 00:00:00', '2025-01-01 00:00:00');
INSERT INTO prices (id, base_price, sale_price, status, created_date, updated_date) VALUES (735, 49.95, 34.99, 'active', '2025-01-01 00:00:00', '2025-01-01 00:00:00');
INSERT INTO product_variants (id, product_id, color_id, size_id, price_id, material_id, season_id, status, created_date, updated_date) VALUES (735, 86, 3, 5, 735, 6, 1, 'active', '2025-01-01 00:00:00', '2025-01-01 00:00:00');
INSERT INTO prices (id, base_price, sale_price, status, created_date, updated_date) VALUES (736, 49.95, 34.99, 'active', '2025-01-01 00:00:00', '2025-01-01 00:00:00');
INSERT INTO product_variants (id, product_id, color_id, size_id, price_id, material_id, season_id, status, created_date, updated_date) VALUES (736, 86, 3, 10, 736, 1, 3, 'active', '2025-01-01 00:00:00', '2025-01-01 00:00:00');
INSERT INTO prices (id, base_price, sale_price, status, created_date, updated_date) VALUES (737, 49.95, 34.99, 'active', '2025-01-01 00:00:00', '2025-01-01 00:00:00');
INSERT INTO product_variants (id, product_id, color_id, size_id, price_id, material_id, season_id, status, created_date, updated_date) VALUES (737, 86, 9, 10, 737, 1, 2, 'active', '2025-01-01 00:00:00', '2025-01-01 00:00:00');
INSERT INTO prices (id, base_price, sale_price, status, created_date, updated_date) VALUES (738, 49.95, 34.99, 'active', '2025-01-01 00:00:00', '2025-01-01 00:00:00');
INSERT INTO product_variants (id, product_id, color_id, size_id, price_id, material_id, season_id, status, created_date, updated_date) VALUES (738, 86, 9, 9, 738, 5, 3, 'active', '2025-01-01 00:00:00', '2025-01-01 00:00:00');
INSERT INTO prices (id, base_price, sale_price, status, created_date, updated_date) VALUES (739, 49.95, 34.99, 'active', '2025-01-01 00:00:00', '2025-01-01 00:00:00');
INSERT INTO product_variants (id, product_id, color_id, size_id, price_id, material_id, season_id, status, created_date, updated_date) VALUES (739, 86, 3, 5, 739, 6, 4, 'active', '2025-01-01 00:00:00', '2025-01-01 00:00:00');
INSERT INTO prices (id, base_price, sale_price, status, created_date, updated_date) VALUES (740, 49.95, 34.99, 'active', '2025-01-01 00:00:00', '2025-01-01 00:00:00');
INSERT INTO product_variants (id, product_id, color_id, size_id, price_id, material_id, season_id, status, created_date, updated_date) VALUES (740, 86, 3, 9, 740, 2, 4, 'active', '2025-01-01 00:00:00', '2025-01-01 00:00:00');
INSERT INTO prices (id, base_price, sale_price, status, created_date, updated_date) VALUES (741, 49.95, 34.99, 'active', '2025-01-01 00:00:00', '2025-01-01 00:00:00');
INSERT INTO product_variants (id, product_id, color_id, size_id, price_id, material_id, season_id, status, created_date, updated_date) VALUES (741, 86, 11, 6, 741, 6, 3, 'active', '2025-01-01 00:00:00', '2025-01-01 00:00:00');
INSERT INTO prices (id, base_price, sale_price, status, created_date, updated_date) VALUES (742, 49.95, 34.99, 'active', '2025-01-01 00:00:00', '2025-01-01 00:00:00');
INSERT INTO product_variants (id, product_id, color_id, size_id, price_id, material_id, season_id, status, created_date, updated_date) VALUES (742, 86, 11, 1, 742, 5, 2, 'active', '2025-01-01 00:00:00', '2025-01-01 00:00:00');
INSERT INTO prices (id, base_price, sale_price, status, created_date, updated_date) VALUES (743, 49.95, 34.99, 'active', '2025-01-01 00:00:00', '2025-01-01 00:00:00');
INSERT INTO product_variants (id, product_id, color_id, size_id, price_id, material_id, season_id, status, created_date, updated_date) VALUES (743, 86, 11, 10, 743, 7, 4, 'active', '2025-01-01 00:00:00', '2025-01-01 00:00:00');
INSERT INTO prices (id, base_price, sale_price, status, created_date, updated_date) VALUES (744, 49.95, 34.99, 'active', '2025-01-01 00:00:00', '2025-01-01 00:00:00');
INSERT INTO product_variants (id, product_id, color_id, size_id, price_id, material_id, season_id, status, created_date, updated_date) VALUES (744, 86, 4, 9, 744, 4, 2, 'active', '2025-01-01 00:00:00', '2025-01-01 00:00:00');
INSERT INTO prices (id, base_price, sale_price, status, created_date, updated_date) VALUES (745, 49.95, 34.99, 'active', '2025-01-01 00:00:00', '2025-01-01 00:00:00');
INSERT INTO product_variants (id, product_id, color_id, size_id, price_id, material_id, season_id, status, created_date, updated_date) VALUES (745, 86, 4, 5, 745, 3, 3, 'active', '2025-01-01 00:00:00', '2025-01-01 00:00:00');
INSERT INTO prices (id, base_price, sale_price, status, created_date, updated_date) VALUES (746, 49.95, 34.99, 'active', '2025-01-01 00:00:00', '2025-01-01 00:00:00');
INSERT INTO product_variants (id, product_id, color_id, size_id, price_id, material_id, season_id, status, created_date, updated_date) VALUES (746, 86, 4, 7, 746, 6, 4, 'active', '2025-01-01 00:00:00', '2025-01-01 00:00:00');
INSERT INTO prices (id, base_price, sale_price, status, created_date, updated_date) VALUES (747, 49.95, 34.99, 'active', '2025-01-01 00:00:00', '2025-01-01 00:00:00');
INSERT INTO product_variants (id, product_id, color_id, size_id, price_id, material_id, season_id, status, created_date, updated_date) VALUES (747, 86, 4, 2, 747, 3, 2, 'active', '2025-01-01 00:00:00', '2025-01-01 00:00:00');
INSERT INTO prices (id, base_price, sale_price, status, created_date, updated_date) VALUES (748, 49.95, 34.99, 'active', '2025-01-01 00:00:00', '2025-01-01 00:00:00');
INSERT INTO product_variants (id, product_id, color_id, size_id, price_id, material_id, season_id, status, created_date, updated_date) VALUES (748, 86, 2, 6, 748, 2, 3, 'active', '2025-01-01 00:00:00', '2025-01-01 00:00:00');
INSERT INTO prices (id, base_price, sale_price, status, created_date, updated_date) VALUES (749, 49.95, 34.99, 'active', '2025-01-01 00:00:00', '2025-01-01 00:00:00');
INSERT INTO product_variants (id, product_id, color_id, size_id, price_id, material_id, season_id, status, created_date, updated_date) VALUES (749, 86, 2, 9, 749, 3, 4, 'active', '2025-01-01 00:00:00', '2025-01-01 00:00:00');
INSERT INTO prices (id, base_price, sale_price, status, created_date, updated_date) VALUES (750, 49.95, 34.99, 'active', '2025-01-01 00:00:00', '2025-01-01 00:00:00');
INSERT INTO product_variants (id, product_id, color_id, size_id, price_id, material_id, season_id, status, created_date, updated_date) VALUES (750, 86, 10, 10, 750, 6, 1, 'active', '2025-01-01 00:00:00', '2025-01-01 00:00:00');
INSERT INTO prices (id, base_price, sale_price, status, created_date, updated_date) VALUES (751, 49.95, 34.99, 'active', '2025-01-01 00:00:00', '2025-01-01 00:00:00');
INSERT INTO product_variants (id, product_id, color_id, size_id, price_id, material_id, season_id, status, created_date, updated_date) VALUES (751, 86, 10, 5, 751, 6, 4, 'active', '2025-01-01 00:00:00', '2025-01-01 00:00:00');
INSERT INTO prices (id, base_price, sale_price, status, created_date, updated_date) VALUES (752, 49.95, 34.99, 'active', '2025-01-01 00:00:00', '2025-01-01 00:00:00');
INSERT INTO product_variants (id, product_id, color_id, size_id, price_id, material_id, season_id, status, created_date, updated_date) VALUES (752, 86, 3, 6, 752, 3, 4, 'active', '2025-01-01 00:00:00', '2025-01-01 00:00:00');
INSERT INTO prices (id, base_price, sale_price, status, created_date, updated_date) VALUES (753, 49.95, 34.99, 'active', '2025-01-01 00:00:00', '2025-01-01 00:00:00');
INSERT INTO product_variants (id, product_id, color_id, size_id, price_id, material_id, season_id, status, created_date, updated_date) VALUES (753, 86, 3, 2, 753, 4, 2, 'active', '2025-01-01 00:00:00', '2025-01-01 00:00:00');
INSERT INTO prices (id, base_price, sale_price, status, created_date, updated_date) VALUES (754, 49.95, 34.99, 'active', '2025-01-01 00:00:00', '2025-01-01 00:00:00');
INSERT INTO product_variants (id, product_id, color_id, size_id, price_id, material_id, season_id, status, created_date, updated_date) VALUES (754, 86, 9, 2, 754, 7, 3, 'active', '2025-01-01 00:00:00', '2025-01-01 00:00:00');
INSERT INTO prices (id, base_price, sale_price, status, created_date, updated_date) VALUES (755, 49.95, 34.99, 'active', '2025-01-01 00:00:00', '2025-01-01 00:00:00');
INSERT INTO product_variants (id, product_id, color_id, size_id, price_id, material_id, season_id, status, created_date, updated_date) VALUES (755, 86, 9, 3, 755, 5, 4, 'active', '2025-01-01 00:00:00', '2025-01-01 00:00:00');
INSERT INTO prices (id, base_price, sale_price, status, created_date, updated_date) VALUES (756, 49.95, 34.99, 'active', '2025-01-01 00:00:00', '2025-01-01 00:00:00');
INSERT INTO product_variants (id, product_id, color_id, size_id, price_id, material_id, season_id, status, created_date, updated_date) VALUES (756, 86, 2, 10, 756, 5, 4, 'active', '2025-01-01 00:00:00', '2025-01-01 00:00:00');
INSERT INTO prices (id, base_price, sale_price, status, created_date, updated_date) VALUES (757, 49.95, 34.99, 'active', '2025-01-01 00:00:00', '2025-01-01 00:00:00');
INSERT INTO product_variants (id, product_id, color_id, size_id, price_id, material_id, season_id, status, created_date, updated_date) VALUES (757, 86, 2, 6, 757, 7, 1, 'active', '2025-01-01 00:00:00', '2025-01-01 00:00:00');
INSERT INTO prices (id, base_price, sale_price, status, created_date, updated_date) VALUES (758, 49.95, 34.99, 'active', '2025-01-01 00:00:00', '2025-01-01 00:00:00');
INSERT INTO product_variants (id, product_id, color_id, size_id, price_id, material_id, season_id, status, created_date, updated_date) VALUES (758, 86, 2, 4, 758, 4, 2, 'active', '2025-01-01 00:00:00', '2025-01-01 00:00:00');
INSERT INTO prices (id, base_price, sale_price, status, created_date, updated_date) VALUES (759, 49.95, 34.99, 'active', '2025-01-01 00:00:00', '2025-01-01 00:00:00');
INSERT INTO product_variants (id, product_id, color_id, size_id, price_id, material_id, season_id, status, created_date, updated_date) VALUES (759, 86, 3, 1, 759, 7, 4, 'active', '2025-01-01 00:00:00', '2025-01-01 00:00:00');
INSERT INTO prices (id, base_price, sale_price, status, created_date, updated_date) VALUES (760, 49.95, 34.99, 'active', '2025-01-01 00:00:00', '2025-01-01 00:00:00');
INSERT INTO product_variants (id, product_id, color_id, size_id, price_id, material_id, season_id, status, created_date, updated_date) VALUES (760, 86, 3, 5, 760, 7, 2, 'active', '2025-01-01 00:00:00', '2025-01-01 00:00:00');
INSERT INTO prices (id, base_price, sale_price, status, created_date, updated_date) VALUES (761, 49.95, 34.99, 'active', '2025-01-01 00:00:00', '2025-01-01 00:00:00');
INSERT INTO product_variants (id, product_id, color_id, size_id, price_id, material_id, season_id, status, created_date, updated_date) VALUES (761, 86, 3, 7, 761, 4, 3, 'active', '2025-01-01 00:00:00', '2025-01-01 00:00:00');
INSERT INTO prices (id, base_price, sale_price, status, created_date, updated_date) VALUES (762, 49.95, 34.99, 'active', '2025-01-01 00:00:00', '2025-01-01 00:00:00');
INSERT INTO product_variants (id, product_id, color_id, size_id, price_id, material_id, season_id, status, created_date, updated_date) VALUES (762, 86, 14, 7, 762, 1, 1, 'active', '2025-01-01 00:00:00', '2025-01-01 00:00:00');
INSERT INTO prices (id, base_price, sale_price, status, created_date, updated_date) VALUES (763, 49.95, 34.99, 'active', '2025-01-01 00:00:00', '2025-01-01 00:00:00');
INSERT INTO product_variants (id, product_id, color_id, size_id, price_id, material_id, season_id, status, created_date, updated_date) VALUES (763, 86, 14, 6, 763, 1, 2, 'active', '2025-01-01 00:00:00', '2025-01-01 00:00:00');
INSERT INTO prices (id, base_price, sale_price, status, created_date, updated_date) VALUES (764, 49.95, 34.99, 'active', '2025-01-01 00:00:00', '2025-01-01 00:00:00');
INSERT INTO product_variants (id, product_id, color_id, size_id, price_id, material_id, season_id, status, created_date, updated_date) VALUES (764, 86, 11, 2, 764, 7, 2, 'active', '2025-01-01 00:00:00', '2025-01-01 00:00:00');
INSERT INTO prices (id, base_price, sale_price, status, created_date, updated_date) VALUES (765, 49.95, 34.99, 'active', '2025-01-01 00:00:00', '2025-01-01 00:00:00');
INSERT INTO product_variants (id, product_id, color_id, size_id, price_id, material_id, season_id, status, created_date, updated_date) VALUES (765, 86, 11, 6, 765, 4, 3, 'active', '2025-01-01 00:00:00', '2025-01-01 00:00:00');
INSERT INTO prices (id, base_price, sale_price, status, created_date, updated_date) VALUES (766, 49.95, 34.99, 'active', '2025-01-01 00:00:00', '2025-01-01 00:00:00');
INSERT INTO product_variants (id, product_id, color_id, size_id, price_id, material_id, season_id, status, created_date, updated_date) VALUES (766, 86, 11, 8, 766, 4, 4, 'active', '2025-01-01 00:00:00', '2025-01-01 00:00:00');
INSERT INTO prices (id, base_price, sale_price, status, created_date, updated_date) VALUES (767, 49.95, 34.99, 'active', '2025-01-01 00:00:00', '2025-01-01 00:00:00');
INSERT INTO product_variants (id, product_id, color_id, size_id, price_id, material_id, season_id, status, created_date, updated_date) VALUES (767, 86, 7, 10, 767, 5, 1, 'active', '2025-01-01 00:00:00', '2025-01-01 00:00:00');
INSERT INTO prices (id, base_price, sale_price, status, created_date, updated_date) VALUES (768, 49.95, 34.99, 'active', '2025-01-01 00:00:00', '2025-01-01 00:00:00');
INSERT INTO product_variants (id, product_id, color_id, size_id, price_id, material_id, season_id, status, created_date, updated_date) VALUES (768, 86, 7, 6, 768, 1, 4, 'active', '2025-01-01 00:00:00', '2025-01-01 00:00:00');
INSERT INTO prices (id, base_price, sale_price, status, created_date, updated_date) VALUES (769, 49.95, 34.99, 'active', '2025-01-01 00:00:00', '2025-01-01 00:00:00');
INSERT INTO product_variants (id, product_id, color_id, size_id, price_id, material_id, season_id, status, created_date, updated_date) VALUES (769, 86, 7, 2, 769, 5, 1, 'active', '2025-01-01 00:00:00', '2025-01-01 00:00:00');
INSERT INTO prices (id, base_price, sale_price, status, created_date, updated_date) VALUES (770, 49.95, 34.99, 'active', '2025-01-01 00:00:00', '2025-01-01 00:00:00');
INSERT INTO product_variants (id, product_id, color_id, size_id, price_id, material_id, season_id, status, created_date, updated_date) VALUES (770, 86, 6, 4, 770, 7, 4, 'active', '2025-01-01 00:00:00', '2025-01-01 00:00:00');
INSERT INTO prices (id, base_price, sale_price, status, created_date, updated_date) VALUES (771, 49.95, 34.99, 'active', '2025-01-01 00:00:00', '2025-01-01 00:00:00');
INSERT INTO product_variants (id, product_id, color_id, size_id, price_id, material_id, season_id, status, created_date, updated_date) VALUES (771, 86, 6, 9, 771, 2, 1, 'active', '2025-01-01 00:00:00', '2025-01-01 00:00:00');
INSERT INTO product (id, name, description, category_id, status, created_date, updated_date, created_by, updated_by) VALUES (87, 'VintageSoft Wedge Crewneck Sweatshirt', 'Description for VintageSoft Wedge Crewneck Sweatshirt', 5, 'active', '2025-01-01 00:00:00', '2025-01-01 00:00:00', 1, 1);
INSERT INTO product_image (id, image_url, display_order, is_primary, product_id, created_date, updated_date) VALUES (544, 'https://www1.assets-gap.com/webcontent/0056/347/794/cn56347794.jpg?q=h&w=1152', 0, 1, 87, '2025-01-01 00:00:00', '2025-01-01 00:00:00');
INSERT INTO product_image (id, image_url, display_order, is_primary, product_id, created_date, updated_date) VALUES (545, 'https://www.gap.com/webcontent/0056/347/750/cn56347750.jpg', 1, 0, 87, '2025-01-01 00:00:00', '2025-01-01 00:00:00');
INSERT INTO product_image (id, image_url, display_order, is_primary, product_id, created_date, updated_date) VALUES (546, 'https://www.gap.com/webcontent/0056/347/630/cn56347630.jpg', 2, 0, 87, '2025-01-01 00:00:00', '2025-01-01 00:00:00');
INSERT INTO product_image (id, image_url, display_order, is_primary, product_id, created_date, updated_date) VALUES (547, 'https://www.gap.com/webcontent/0056/347/637/cn56347637.jpg', 3, 0, 87, '2025-01-01 00:00:00', '2025-01-01 00:00:00');
INSERT INTO product_image (id, image_url, display_order, is_primary, product_id, created_date, updated_date) VALUES (548, 'https://www.gap.com/webcontent/0056/168/364/cn56168364.jpg', 4, 0, 87, '2025-01-01 00:00:00', '2025-01-01 00:00:00');
INSERT INTO prices (id, base_price, sale_price, status, created_date, updated_date) VALUES (772, 59.95, 35, 'active', '2025-01-01 00:00:00', '2025-01-01 00:00:00');
INSERT INTO product_variants (id, product_id, color_id, size_id, price_id, material_id, season_id, status, created_date, updated_date) VALUES (772, 87, 4, 8, 772, 5, 3, 'active', '2025-01-01 00:00:00', '2025-01-01 00:00:00');
INSERT INTO prices (id, base_price, sale_price, status, created_date, updated_date) VALUES (773, 59.95, 35, 'active', '2025-01-01 00:00:00', '2025-01-01 00:00:00');
INSERT INTO product_variants (id, product_id, color_id, size_id, price_id, material_id, season_id, status, created_date, updated_date) VALUES (773, 87, 4, 5, 773, 5, 4, 'active', '2025-01-01 00:00:00', '2025-01-01 00:00:00');
INSERT INTO prices (id, base_price, sale_price, status, created_date, updated_date) VALUES (774, 59.95, 35, 'active', '2025-01-01 00:00:00', '2025-01-01 00:00:00');
INSERT INTO product_variants (id, product_id, color_id, size_id, price_id, material_id, season_id, status, created_date, updated_date) VALUES (774, 87, 11, 5, 774, 7, 2, 'active', '2025-01-01 00:00:00', '2025-01-01 00:00:00');
INSERT INTO prices (id, base_price, sale_price, status, created_date, updated_date) VALUES (775, 59.95, 35, 'active', '2025-01-01 00:00:00', '2025-01-01 00:00:00');
INSERT INTO product_variants (id, product_id, color_id, size_id, price_id, material_id, season_id, status, created_date, updated_date) VALUES (775, 87, 11, 10, 775, 4, 1, 'active', '2025-01-01 00:00:00', '2025-01-01 00:00:00');
INSERT INTO prices (id, base_price, sale_price, status, created_date, updated_date) VALUES (776, 59.95, 35, 'active', '2025-01-01 00:00:00', '2025-01-01 00:00:00');
INSERT INTO product_variants (id, product_id, color_id, size_id, price_id, material_id, season_id, status, created_date, updated_date) VALUES (776, 87, 3, 8, 776, 2, 2, 'active', '2025-01-01 00:00:00', '2025-01-01 00:00:00');
INSERT INTO prices (id, base_price, sale_price, status, created_date, updated_date) VALUES (777, 59.95, 35, 'active', '2025-01-01 00:00:00', '2025-01-01 00:00:00');
INSERT INTO product_variants (id, product_id, color_id, size_id, price_id, material_id, season_id, status, created_date, updated_date) VALUES (777, 87, 3, 9, 777, 6, 3, 'active', '2025-01-01 00:00:00', '2025-01-01 00:00:00');
INSERT INTO prices (id, base_price, sale_price, status, created_date, updated_date) VALUES (778, 59.95, 35, 'active', '2025-01-01 00:00:00', '2025-01-01 00:00:00');
INSERT INTO product_variants (id, product_id, color_id, size_id, price_id, material_id, season_id, status, created_date, updated_date) VALUES (778, 87, 3, 10, 778, 7, 3, 'active', '2025-01-01 00:00:00', '2025-01-01 00:00:00');
INSERT INTO prices (id, base_price, sale_price, status, created_date, updated_date) VALUES (779, 59.95, 35, 'active', '2025-01-01 00:00:00', '2025-01-01 00:00:00');
INSERT INTO product_variants (id, product_id, color_id, size_id, price_id, material_id, season_id, status, created_date, updated_date) VALUES (779, 87, 3, 9, 779, 3, 1, 'active', '2025-01-01 00:00:00', '2025-01-01 00:00:00');
INSERT INTO prices (id, base_price, sale_price, status, created_date, updated_date) VALUES (780, 59.95, 35, 'active', '2025-01-01 00:00:00', '2025-01-01 00:00:00');
INSERT INTO product_variants (id, product_id, color_id, size_id, price_id, material_id, season_id, status, created_date, updated_date) VALUES (780, 87, 6, 9, 780, 7, 3, 'active', '2025-01-01 00:00:00', '2025-01-01 00:00:00');
INSERT INTO prices (id, base_price, sale_price, status, created_date, updated_date) VALUES (781, 59.95, 35, 'active', '2025-01-01 00:00:00', '2025-01-01 00:00:00');
INSERT INTO product_variants (id, product_id, color_id, size_id, price_id, material_id, season_id, status, created_date, updated_date) VALUES (781, 87, 6, 5, 781, 6, 2, 'active', '2025-01-01 00:00:00', '2025-01-01 00:00:00');
INSERT INTO prices (id, base_price, sale_price, status, created_date, updated_date) VALUES (782, 59.95, 35, 'active', '2025-01-01 00:00:00', '2025-01-01 00:00:00');
INSERT INTO product_variants (id, product_id, color_id, size_id, price_id, material_id, season_id, status, created_date, updated_date) VALUES (782, 87, 3, 8, 782, 3, 1, 'active', '2025-01-01 00:00:00', '2025-01-01 00:00:00');
INSERT INTO prices (id, base_price, sale_price, status, created_date, updated_date) VALUES (783, 59.95, 35, 'active', '2025-01-01 00:00:00', '2025-01-01 00:00:00');
INSERT INTO product_variants (id, product_id, color_id, size_id, price_id, material_id, season_id, status, created_date, updated_date) VALUES (783, 87, 3, 10, 783, 3, 2, 'active', '2025-01-01 00:00:00', '2025-01-01 00:00:00');
INSERT INTO prices (id, base_price, sale_price, status, created_date, updated_date) VALUES (784, 59.95, 35, 'active', '2025-01-01 00:00:00', '2025-01-01 00:00:00');
INSERT INTO product_variants (id, product_id, color_id, size_id, price_id, material_id, season_id, status, created_date, updated_date) VALUES (784, 87, 3, 6, 784, 2, 2, 'active', '2025-01-01 00:00:00', '2025-01-01 00:00:00');
INSERT INTO prices (id, base_price, sale_price, status, created_date, updated_date) VALUES (785, 59.95, 35, 'active', '2025-01-01 00:00:00', '2025-01-01 00:00:00');
INSERT INTO product_variants (id, product_id, color_id, size_id, price_id, material_id, season_id, status, created_date, updated_date) VALUES (785, 87, 3, 10, 785, 2, 1, 'active', '2025-01-01 00:00:00', '2025-01-01 00:00:00');
INSERT INTO prices (id, base_price, sale_price, status, created_date, updated_date) VALUES (786, 59.95, 35, 'active', '2025-01-01 00:00:00', '2025-01-01 00:00:00');
INSERT INTO product_variants (id, product_id, color_id, size_id, price_id, material_id, season_id, status, created_date, updated_date) VALUES (786, 87, 3, 4, 786, 3, 2, 'active', '2025-01-01 00:00:00', '2025-01-01 00:00:00');
INSERT INTO prices (id, base_price, sale_price, status, created_date, updated_date) VALUES (787, 59.95, 35, 'active', '2025-01-01 00:00:00', '2025-01-01 00:00:00');
INSERT INTO product_variants (id, product_id, color_id, size_id, price_id, material_id, season_id, status, created_date, updated_date) VALUES (787, 87, 3, 8, 787, 3, 2, 'active', '2025-01-01 00:00:00', '2025-01-01 00:00:00');
INSERT INTO prices (id, base_price, sale_price, status, created_date, updated_date) VALUES (788, 59.95, 35, 'active', '2025-01-01 00:00:00', '2025-01-01 00:00:00');
INSERT INTO product_variants (id, product_id, color_id, size_id, price_id, material_id, season_id, status, created_date, updated_date) VALUES (788, 87, 2, 8, 788, 2, 2, 'active', '2025-01-01 00:00:00', '2025-01-01 00:00:00');
INSERT INTO prices (id, base_price, sale_price, status, created_date, updated_date) VALUES (789, 59.95, 35, 'active', '2025-01-01 00:00:00', '2025-01-01 00:00:00');
INSERT INTO product_variants (id, product_id, color_id, size_id, price_id, material_id, season_id, status, created_date, updated_date) VALUES (789, 87, 2, 3, 789, 1, 1, 'active', '2025-01-01 00:00:00', '2025-01-01 00:00:00');
INSERT INTO prices (id, base_price, sale_price, status, created_date, updated_date) VALUES (790, 59.95, 35, 'active', '2025-01-01 00:00:00', '2025-01-01 00:00:00');
INSERT INTO product_variants (id, product_id, color_id, size_id, price_id, material_id, season_id, status, created_date, updated_date) VALUES (790, 87, 9, 4, 790, 5, 1, 'active', '2025-01-01 00:00:00', '2025-01-01 00:00:00');
INSERT INTO prices (id, base_price, sale_price, status, created_date, updated_date) VALUES (791, 59.95, 35, 'active', '2025-01-01 00:00:00', '2025-01-01 00:00:00');
INSERT INTO product_variants (id, product_id, color_id, size_id, price_id, material_id, season_id, status, created_date, updated_date) VALUES (791, 87, 9, 3, 791, 5, 1, 'active', '2025-01-01 00:00:00', '2025-01-01 00:00:00');
INSERT INTO prices (id, base_price, sale_price, status, created_date, updated_date) VALUES (792, 59.95, 35, 'active', '2025-01-01 00:00:00', '2025-01-01 00:00:00');
INSERT INTO product_variants (id, product_id, color_id, size_id, price_id, material_id, season_id, status, created_date, updated_date) VALUES (792, 87, 9, 2, 792, 3, 1, 'active', '2025-01-01 00:00:00', '2025-01-01 00:00:00');
INSERT INTO prices (id, base_price, sale_price, status, created_date, updated_date) VALUES (793, 59.95, 35, 'active', '2025-01-01 00:00:00', '2025-01-01 00:00:00');
INSERT INTO product_variants (id, product_id, color_id, size_id, price_id, material_id, season_id, status, created_date, updated_date) VALUES (793, 87, 1, 7, 793, 7, 3, 'active', '2025-01-01 00:00:00', '2025-01-01 00:00:00');
INSERT INTO prices (id, base_price, sale_price, status, created_date, updated_date) VALUES (794, 59.95, 35, 'active', '2025-01-01 00:00:00', '2025-01-01 00:00:00');
INSERT INTO product_variants (id, product_id, color_id, size_id, price_id, material_id, season_id, status, created_date, updated_date) VALUES (794, 87, 1, 9, 794, 2, 1, 'active', '2025-01-01 00:00:00', '2025-01-01 00:00:00');
INSERT INTO prices (id, base_price, sale_price, status, created_date, updated_date) VALUES (795, 59.95, 35, 'active', '2025-01-01 00:00:00', '2025-01-01 00:00:00');
INSERT INTO product_variants (id, product_id, color_id, size_id, price_id, material_id, season_id, status, created_date, updated_date) VALUES (795, 87, 1, 4, 795, 2, 4, 'active', '2025-01-01 00:00:00', '2025-01-01 00:00:00');
INSERT INTO prices (id, base_price, sale_price, status, created_date, updated_date) VALUES (796, 59.95, 35, 'active', '2025-01-01 00:00:00', '2025-01-01 00:00:00');
INSERT INTO product_variants (id, product_id, color_id, size_id, price_id, material_id, season_id, status, created_date, updated_date) VALUES (796, 87, 9, 1, 796, 3, 4, 'active', '2025-01-01 00:00:00', '2025-01-01 00:00:00');
INSERT INTO prices (id, base_price, sale_price, status, created_date, updated_date) VALUES (797, 59.95, 35, 'active', '2025-01-01 00:00:00', '2025-01-01 00:00:00');
INSERT INTO product_variants (id, product_id, color_id, size_id, price_id, material_id, season_id, status, created_date, updated_date) VALUES (797, 87, 9, 5, 797, 1, 1, 'active', '2025-01-01 00:00:00', '2025-01-01 00:00:00');
INSERT INTO prices (id, base_price, sale_price, status, created_date, updated_date) VALUES (798, 59.95, 35, 'active', '2025-01-01 00:00:00', '2025-01-01 00:00:00');
INSERT INTO product_variants (id, product_id, color_id, size_id, price_id, material_id, season_id, status, created_date, updated_date) VALUES (798, 87, 3, 1, 798, 5, 4, 'active', '2025-01-01 00:00:00', '2025-01-01 00:00:00');
INSERT INTO prices (id, base_price, sale_price, status, created_date, updated_date) VALUES (799, 59.95, 35, 'active', '2025-01-01 00:00:00', '2025-01-01 00:00:00');
INSERT INTO product_variants (id, product_id, color_id, size_id, price_id, material_id, season_id, status, created_date, updated_date) VALUES (799, 87, 3, 3, 799, 7, 1, 'active', '2025-01-01 00:00:00', '2025-01-01 00:00:00');
INSERT INTO prices (id, base_price, sale_price, status, created_date, updated_date) VALUES (800, 59.95, 35, 'active', '2025-01-01 00:00:00', '2025-01-01 00:00:00');
INSERT INTO product_variants (id, product_id, color_id, size_id, price_id, material_id, season_id, status, created_date, updated_date) VALUES (800, 87, 13, 8, 800, 2, 3, 'active', '2025-01-01 00:00:00', '2025-01-01 00:00:00');
INSERT INTO prices (id, base_price, sale_price, status, created_date, updated_date) VALUES (801, 59.95, 35, 'active', '2025-01-01 00:00:00', '2025-01-01 00:00:00');
INSERT INTO product_variants (id, product_id, color_id, size_id, price_id, material_id, season_id, status, created_date, updated_date) VALUES (801, 87, 13, 9, 801, 7, 4, 'active', '2025-01-01 00:00:00', '2025-01-01 00:00:00');
INSERT INTO prices (id, base_price, sale_price, status, created_date, updated_date) VALUES (802, 59.95, 35, 'active', '2025-01-01 00:00:00', '2025-01-01 00:00:00');
INSERT INTO product_variants (id, product_id, color_id, size_id, price_id, material_id, season_id, status, created_date, updated_date) VALUES (802, 87, 13, 7, 802, 5, 1, 'active', '2025-01-01 00:00:00', '2025-01-01 00:00:00');
INSERT INTO prices (id, base_price, sale_price, status, created_date, updated_date) VALUES (803, 59.95, 35, 'active', '2025-01-01 00:00:00', '2025-01-01 00:00:00');
INSERT INTO product_variants (id, product_id, color_id, size_id, price_id, material_id, season_id, status, created_date, updated_date) VALUES (803, 87, 13, 10, 803, 3, 3, 'active', '2025-01-01 00:00:00', '2025-01-01 00:00:00');
INSERT INTO prices (id, base_price, sale_price, status, created_date, updated_date) VALUES (804, 59.95, 35, 'active', '2025-01-01 00:00:00', '2025-01-01 00:00:00');
INSERT INTO product_variants (id, product_id, color_id, size_id, price_id, material_id, season_id, status, created_date, updated_date) VALUES (804, 87, 13, 7, 804, 6, 3, 'active', '2025-01-01 00:00:00', '2025-01-01 00:00:00');
INSERT INTO prices (id, base_price, sale_price, status, created_date, updated_date) VALUES (805, 59.95, 35, 'active', '2025-01-01 00:00:00', '2025-01-01 00:00:00');
INSERT INTO product_variants (id, product_id, color_id, size_id, price_id, material_id, season_id, status, created_date, updated_date) VALUES (805, 87, 11, 8, 805, 4, 1, 'active', '2025-01-01 00:00:00', '2025-01-01 00:00:00');
INSERT INTO prices (id, base_price, sale_price, status, created_date, updated_date) VALUES (806, 59.95, 35, 'active', '2025-01-01 00:00:00', '2025-01-01 00:00:00');
INSERT INTO product_variants (id, product_id, color_id, size_id, price_id, material_id, season_id, status, created_date, updated_date) VALUES (806, 87, 11, 2, 806, 6, 2, 'active', '2025-01-01 00:00:00', '2025-01-01 00:00:00');
INSERT INTO prices (id, base_price, sale_price, status, created_date, updated_date) VALUES (807, 59.95, 35, 'active', '2025-01-01 00:00:00', '2025-01-01 00:00:00');
INSERT INTO product_variants (id, product_id, color_id, size_id, price_id, material_id, season_id, status, created_date, updated_date) VALUES (807, 87, 11, 10, 807, 3, 4, 'active', '2025-01-01 00:00:00', '2025-01-01 00:00:00');
INSERT INTO product (id, name, description, category_id, status, created_date, updated_date, created_by, updated_by) VALUES (88, 'High Rise VintageSoft Relaxed Joggers', 'Description for High Rise VintageSoft Relaxed Joggers', 5, 'active', '2025-01-01 00:00:00', '2025-01-01 00:00:00', 1, 1);
INSERT INTO product_image (id, image_url, display_order, is_primary, product_id, created_date, updated_date) VALUES (549, 'https://www1.assets-gap.com/webcontent/0060/797/831/cn60797831.jpg?q=h&w=1152', 0, 1, 88, '2025-01-01 00:00:00', '2025-01-01 00:00:00');
INSERT INTO product_image (id, image_url, display_order, is_primary, product_id, created_date, updated_date) VALUES (550, 'https://www.gap.com/webcontent/0061/332/978/cn61332978.jpg', 1, 0, 88, '2025-01-01 00:00:00', '2025-01-01 00:00:00');
INSERT INTO product_image (id, image_url, display_order, is_primary, product_id, created_date, updated_date) VALUES (551, 'https://www.gap.com/webcontent/0061/332/999/cn61332999.jpg', 2, 0, 88, '2025-01-01 00:00:00', '2025-01-01 00:00:00');
INSERT INTO product_image (id, image_url, display_order, is_primary, product_id, created_date, updated_date) VALUES (552, 'https://www.gap.com/webcontent/0061/333/007/cn61333007.jpg', 3, 0, 88, '2025-01-01 00:00:00', '2025-01-01 00:00:00');
INSERT INTO product_image (id, image_url, display_order, is_primary, product_id, created_date, updated_date) VALUES (553, 'https://www.gap.com/webcontent/0061/332/982/cn61332982.jpg', 4, 0, 88, '2025-01-01 00:00:00', '2025-01-01 00:00:00');
INSERT INTO product_image (id, image_url, display_order, is_primary, product_id, created_date, updated_date) VALUES (554, 'https://www.gap.com/webcontent/0061/333/011/cn61333011.jpg', 5, 0, 88, '2025-01-01 00:00:00', '2025-01-01 00:00:00');
INSERT INTO product_image (id, image_url, display_order, is_primary, product_id, created_date, updated_date) VALUES (555, 'https://www.gap.com/webcontent/0060/824/371/cn60824371.jpg', 6, 0, 88, '2025-01-01 00:00:00', '2025-01-01 00:00:00');
INSERT INTO prices (id, base_price, sale_price, status, created_date, updated_date) VALUES (808, 49.95, 39.99, 'active', '2025-01-01 00:00:00', '2025-01-01 00:00:00');
INSERT INTO product_variants (id, product_id, color_id, size_id, price_id, material_id, season_id, status, created_date, updated_date) VALUES (808, 88, 1, 9, 808, 4, 1, 'active', '2025-01-01 00:00:00', '2025-01-01 00:00:00');
INSERT INTO prices (id, base_price, sale_price, status, created_date, updated_date) VALUES (809, 49.95, 39.99, 'active', '2025-01-01 00:00:00', '2025-01-01 00:00:00');
INSERT INTO product_variants (id, product_id, color_id, size_id, price_id, material_id, season_id, status, created_date, updated_date) VALUES (809, 88, 1, 6, 809, 7, 3, 'active', '2025-01-01 00:00:00', '2025-01-01 00:00:00');
INSERT INTO prices (id, base_price, sale_price, status, created_date, updated_date) VALUES (810, 49.95, 39.99, 'active', '2025-01-01 00:00:00', '2025-01-01 00:00:00');
INSERT INTO product_variants (id, product_id, color_id, size_id, price_id, material_id, season_id, status, created_date, updated_date) VALUES (810, 88, 1, 8, 810, 7, 2, 'active', '2025-01-01 00:00:00', '2025-01-01 00:00:00');
INSERT INTO prices (id, base_price, sale_price, status, created_date, updated_date) VALUES (811, 49.95, 39.99, 'active', '2025-01-01 00:00:00', '2025-01-01 00:00:00');
INSERT INTO product_variants (id, product_id, color_id, size_id, price_id, material_id, season_id, status, created_date, updated_date) VALUES (811, 88, 3, 2, 811, 2, 1, 'active', '2025-01-01 00:00:00', '2025-01-01 00:00:00');
INSERT INTO prices (id, base_price, sale_price, status, created_date, updated_date) VALUES (812, 49.95, 39.99, 'active', '2025-01-01 00:00:00', '2025-01-01 00:00:00');
INSERT INTO product_variants (id, product_id, color_id, size_id, price_id, material_id, season_id, status, created_date, updated_date) VALUES (812, 88, 3, 3, 812, 1, 3, 'active', '2025-01-01 00:00:00', '2025-01-01 00:00:00');
INSERT INTO prices (id, base_price, sale_price, status, created_date, updated_date) VALUES (813, 49.95, 39.99, 'active', '2025-01-01 00:00:00', '2025-01-01 00:00:00');
INSERT INTO product_variants (id, product_id, color_id, size_id, price_id, material_id, season_id, status, created_date, updated_date) VALUES (813, 88, 9, 1, 813, 3, 2, 'active', '2025-01-01 00:00:00', '2025-01-01 00:00:00');
INSERT INTO prices (id, base_price, sale_price, status, created_date, updated_date) VALUES (814, 49.95, 39.99, 'active', '2025-01-01 00:00:00', '2025-01-01 00:00:00');
INSERT INTO product_variants (id, product_id, color_id, size_id, price_id, material_id, season_id, status, created_date, updated_date) VALUES (814, 88, 9, 7, 814, 7, 1, 'active', '2025-01-01 00:00:00', '2025-01-01 00:00:00');
INSERT INTO prices (id, base_price, sale_price, status, created_date, updated_date) VALUES (815, 49.95, 39.99, 'active', '2025-01-01 00:00:00', '2025-01-01 00:00:00');
INSERT INTO product_variants (id, product_id, color_id, size_id, price_id, material_id, season_id, status, created_date, updated_date) VALUES (815, 88, 3, 1, 815, 2, 3, 'active', '2025-01-01 00:00:00', '2025-01-01 00:00:00');
INSERT INTO prices (id, base_price, sale_price, status, created_date, updated_date) VALUES (816, 49.95, 39.99, 'active', '2025-01-01 00:00:00', '2025-01-01 00:00:00');
INSERT INTO product_variants (id, product_id, color_id, size_id, price_id, material_id, season_id, status, created_date, updated_date) VALUES (816, 88, 3, 8, 816, 7, 1, 'active', '2025-01-01 00:00:00', '2025-01-01 00:00:00');
INSERT INTO prices (id, base_price, sale_price, status, created_date, updated_date) VALUES (817, 49.95, 39.99, 'active', '2025-01-01 00:00:00', '2025-01-01 00:00:00');
INSERT INTO product_variants (id, product_id, color_id, size_id, price_id, material_id, season_id, status, created_date, updated_date) VALUES (817, 88, 3, 2, 817, 4, 1, 'active', '2025-01-01 00:00:00', '2025-01-01 00:00:00');
INSERT INTO prices (id, base_price, sale_price, status, created_date, updated_date) VALUES (818, 49.95, 39.99, 'active', '2025-01-01 00:00:00', '2025-01-01 00:00:00');
INSERT INTO product_variants (id, product_id, color_id, size_id, price_id, material_id, season_id, status, created_date, updated_date) VALUES (818, 88, 11, 7, 818, 3, 4, 'active', '2025-01-01 00:00:00', '2025-01-01 00:00:00');
INSERT INTO prices (id, base_price, sale_price, status, created_date, updated_date) VALUES (819, 49.95, 39.99, 'active', '2025-01-01 00:00:00', '2025-01-01 00:00:00');
INSERT INTO product_variants (id, product_id, color_id, size_id, price_id, material_id, season_id, status, created_date, updated_date) VALUES (819, 88, 11, 4, 819, 7, 2, 'active', '2025-01-01 00:00:00', '2025-01-01 00:00:00');
INSERT INTO prices (id, base_price, sale_price, status, created_date, updated_date) VALUES (820, 49.95, 39.99, 'active', '2025-01-01 00:00:00', '2025-01-01 00:00:00');
INSERT INTO product_variants (id, product_id, color_id, size_id, price_id, material_id, season_id, status, created_date, updated_date) VALUES (820, 88, 4, 3, 820, 6, 1, 'active', '2025-01-01 00:00:00', '2025-01-01 00:00:00');
INSERT INTO prices (id, base_price, sale_price, status, created_date, updated_date) VALUES (821, 49.95, 39.99, 'active', '2025-01-01 00:00:00', '2025-01-01 00:00:00');
INSERT INTO product_variants (id, product_id, color_id, size_id, price_id, material_id, season_id, status, created_date, updated_date) VALUES (821, 88, 4, 1, 821, 7, 2, 'active', '2025-01-01 00:00:00', '2025-01-01 00:00:00');
INSERT INTO prices (id, base_price, sale_price, status, created_date, updated_date) VALUES (822, 49.95, 39.99, 'active', '2025-01-01 00:00:00', '2025-01-01 00:00:00');
INSERT INTO product_variants (id, product_id, color_id, size_id, price_id, material_id, season_id, status, created_date, updated_date) VALUES (822, 88, 4, 3, 822, 1, 3, 'active', '2025-01-01 00:00:00', '2025-01-01 00:00:00');
INSERT INTO prices (id, base_price, sale_price, status, created_date, updated_date) VALUES (823, 49.95, 39.99, 'active', '2025-01-01 00:00:00', '2025-01-01 00:00:00');
INSERT INTO product_variants (id, product_id, color_id, size_id, price_id, material_id, season_id, status, created_date, updated_date) VALUES (823, 88, 4, 7, 823, 7, 2, 'active', '2025-01-01 00:00:00', '2025-01-01 00:00:00');
INSERT INTO prices (id, base_price, sale_price, status, created_date, updated_date) VALUES (824, 49.95, 39.99, 'active', '2025-01-01 00:00:00', '2025-01-01 00:00:00');
INSERT INTO product_variants (id, product_id, color_id, size_id, price_id, material_id, season_id, status, created_date, updated_date) VALUES (824, 88, 2, 9, 824, 2, 3, 'active', '2025-01-01 00:00:00', '2025-01-01 00:00:00');
INSERT INTO prices (id, base_price, sale_price, status, created_date, updated_date) VALUES (825, 49.95, 39.99, 'active', '2025-01-01 00:00:00', '2025-01-01 00:00:00');
INSERT INTO product_variants (id, product_id, color_id, size_id, price_id, material_id, season_id, status, created_date, updated_date) VALUES (825, 88, 2, 4, 825, 1, 2, 'active', '2025-01-01 00:00:00', '2025-01-01 00:00:00');
INSERT INTO prices (id, base_price, sale_price, status, created_date, updated_date) VALUES (826, 49.95, 39.99, 'active', '2025-01-01 00:00:00', '2025-01-01 00:00:00');
INSERT INTO product_variants (id, product_id, color_id, size_id, price_id, material_id, season_id, status, created_date, updated_date) VALUES (826, 88, 2, 5, 826, 4, 3, 'active', '2025-01-01 00:00:00', '2025-01-01 00:00:00');
INSERT INTO prices (id, base_price, sale_price, status, created_date, updated_date) VALUES (827, 49.95, 39.99, 'active', '2025-01-01 00:00:00', '2025-01-01 00:00:00');
INSERT INTO product_variants (id, product_id, color_id, size_id, price_id, material_id, season_id, status, created_date, updated_date) VALUES (827, 88, 10, 4, 827, 7, 2, 'active', '2025-01-01 00:00:00', '2025-01-01 00:00:00');
INSERT INTO prices (id, base_price, sale_price, status, created_date, updated_date) VALUES (828, 49.95, 39.99, 'active', '2025-01-01 00:00:00', '2025-01-01 00:00:00');
INSERT INTO product_variants (id, product_id, color_id, size_id, price_id, material_id, season_id, status, created_date, updated_date) VALUES (828, 88, 10, 9, 828, 4, 3, 'active', '2025-01-01 00:00:00', '2025-01-01 00:00:00');
INSERT INTO prices (id, base_price, sale_price, status, created_date, updated_date) VALUES (829, 49.95, 39.99, 'active', '2025-01-01 00:00:00', '2025-01-01 00:00:00');
INSERT INTO product_variants (id, product_id, color_id, size_id, price_id, material_id, season_id, status, created_date, updated_date) VALUES (829, 88, 3, 8, 829, 7, 2, 'active', '2025-01-01 00:00:00', '2025-01-01 00:00:00');
INSERT INTO prices (id, base_price, sale_price, status, created_date, updated_date) VALUES (830, 49.95, 39.99, 'active', '2025-01-01 00:00:00', '2025-01-01 00:00:00');
INSERT INTO product_variants (id, product_id, color_id, size_id, price_id, material_id, season_id, status, created_date, updated_date) VALUES (830, 88, 3, 3, 830, 7, 4, 'active', '2025-01-01 00:00:00', '2025-01-01 00:00:00');
INSERT INTO prices (id, base_price, sale_price, status, created_date, updated_date) VALUES (831, 49.95, 39.99, 'active', '2025-01-01 00:00:00', '2025-01-01 00:00:00');
INSERT INTO product_variants (id, product_id, color_id, size_id, price_id, material_id, season_id, status, created_date, updated_date) VALUES (831, 88, 3, 4, 831, 1, 4, 'active', '2025-01-01 00:00:00', '2025-01-01 00:00:00');
INSERT INTO prices (id, base_price, sale_price, status, created_date, updated_date) VALUES (832, 49.95, 39.99, 'active', '2025-01-01 00:00:00', '2025-01-01 00:00:00');
INSERT INTO product_variants (id, product_id, color_id, size_id, price_id, material_id, season_id, status, created_date, updated_date) VALUES (832, 88, 9, 9, 832, 3, 2, 'active', '2025-01-01 00:00:00', '2025-01-01 00:00:00');
INSERT INTO prices (id, base_price, sale_price, status, created_date, updated_date) VALUES (833, 49.95, 39.99, 'active', '2025-01-01 00:00:00', '2025-01-01 00:00:00');
INSERT INTO product_variants (id, product_id, color_id, size_id, price_id, material_id, season_id, status, created_date, updated_date) VALUES (833, 88, 9, 5, 833, 2, 1, 'active', '2025-01-01 00:00:00', '2025-01-01 00:00:00');
INSERT INTO prices (id, base_price, sale_price, status, created_date, updated_date) VALUES (834, 49.95, 39.99, 'active', '2025-01-01 00:00:00', '2025-01-01 00:00:00');
INSERT INTO product_variants (id, product_id, color_id, size_id, price_id, material_id, season_id, status, created_date, updated_date) VALUES (834, 88, 2, 6, 834, 3, 3, 'active', '2025-01-01 00:00:00', '2025-01-01 00:00:00');
INSERT INTO prices (id, base_price, sale_price, status, created_date, updated_date) VALUES (835, 49.95, 39.99, 'active', '2025-01-01 00:00:00', '2025-01-01 00:00:00');
INSERT INTO product_variants (id, product_id, color_id, size_id, price_id, material_id, season_id, status, created_date, updated_date) VALUES (835, 88, 2, 1, 835, 4, 2, 'active', '2025-01-01 00:00:00', '2025-01-01 00:00:00');
INSERT INTO prices (id, base_price, sale_price, status, created_date, updated_date) VALUES (836, 49.95, 39.99, 'active', '2025-01-01 00:00:00', '2025-01-01 00:00:00');
INSERT INTO product_variants (id, product_id, color_id, size_id, price_id, material_id, season_id, status, created_date, updated_date) VALUES (836, 88, 3, 8, 836, 6, 2, 'active', '2025-01-01 00:00:00', '2025-01-01 00:00:00');
INSERT INTO prices (id, base_price, sale_price, status, created_date, updated_date) VALUES (837, 49.95, 39.99, 'active', '2025-01-01 00:00:00', '2025-01-01 00:00:00');
INSERT INTO product_variants (id, product_id, color_id, size_id, price_id, material_id, season_id, status, created_date, updated_date) VALUES (837, 88, 3, 1, 837, 7, 3, 'active', '2025-01-01 00:00:00', '2025-01-01 00:00:00');
INSERT INTO prices (id, base_price, sale_price, status, created_date, updated_date) VALUES (838, 49.95, 39.99, 'active', '2025-01-01 00:00:00', '2025-01-01 00:00:00');
INSERT INTO product_variants (id, product_id, color_id, size_id, price_id, material_id, season_id, status, created_date, updated_date) VALUES (838, 88, 3, 4, 838, 3, 3, 'active', '2025-01-01 00:00:00', '2025-01-01 00:00:00');
INSERT INTO prices (id, base_price, sale_price, status, created_date, updated_date) VALUES (839, 49.95, 39.99, 'active', '2025-01-01 00:00:00', '2025-01-01 00:00:00');
INSERT INTO product_variants (id, product_id, color_id, size_id, price_id, material_id, season_id, status, created_date, updated_date) VALUES (839, 88, 14, 4, 839, 3, 2, 'active', '2025-01-01 00:00:00', '2025-01-01 00:00:00');
INSERT INTO prices (id, base_price, sale_price, status, created_date, updated_date) VALUES (840, 49.95, 39.99, 'active', '2025-01-01 00:00:00', '2025-01-01 00:00:00');
INSERT INTO product_variants (id, product_id, color_id, size_id, price_id, material_id, season_id, status, created_date, updated_date) VALUES (840, 88, 14, 5, 840, 6, 4, 'active', '2025-01-01 00:00:00', '2025-01-01 00:00:00');
INSERT INTO prices (id, base_price, sale_price, status, created_date, updated_date) VALUES (841, 49.95, 39.99, 'active', '2025-01-01 00:00:00', '2025-01-01 00:00:00');
INSERT INTO product_variants (id, product_id, color_id, size_id, price_id, material_id, season_id, status, created_date, updated_date) VALUES (841, 88, 14, 1, 841, 2, 1, 'active', '2025-01-01 00:00:00', '2025-01-01 00:00:00');
INSERT INTO prices (id, base_price, sale_price, status, created_date, updated_date) VALUES (842, 49.95, 39.99, 'active', '2025-01-01 00:00:00', '2025-01-01 00:00:00');
INSERT INTO product_variants (id, product_id, color_id, size_id, price_id, material_id, season_id, status, created_date, updated_date) VALUES (842, 88, 11, 3, 842, 2, 4, 'active', '2025-01-01 00:00:00', '2025-01-01 00:00:00');
INSERT INTO prices (id, base_price, sale_price, status, created_date, updated_date) VALUES (843, 49.95, 39.99, 'active', '2025-01-01 00:00:00', '2025-01-01 00:00:00');
INSERT INTO product_variants (id, product_id, color_id, size_id, price_id, material_id, season_id, status, created_date, updated_date) VALUES (843, 88, 11, 6, 843, 7, 4, 'active', '2025-01-01 00:00:00', '2025-01-01 00:00:00');
INSERT INTO prices (id, base_price, sale_price, status, created_date, updated_date) VALUES (844, 49.95, 39.99, 'active', '2025-01-01 00:00:00', '2025-01-01 00:00:00');
INSERT INTO product_variants (id, product_id, color_id, size_id, price_id, material_id, season_id, status, created_date, updated_date) VALUES (844, 88, 7, 9, 844, 5, 3, 'active', '2025-01-01 00:00:00', '2025-01-01 00:00:00');
INSERT INTO prices (id, base_price, sale_price, status, created_date, updated_date) VALUES (845, 49.95, 39.99, 'active', '2025-01-01 00:00:00', '2025-01-01 00:00:00');
INSERT INTO product_variants (id, product_id, color_id, size_id, price_id, material_id, season_id, status, created_date, updated_date) VALUES (845, 88, 7, 2, 845, 2, 2, 'active', '2025-01-01 00:00:00', '2025-01-01 00:00:00');
INSERT INTO prices (id, base_price, sale_price, status, created_date, updated_date) VALUES (846, 49.95, 39.99, 'active', '2025-01-01 00:00:00', '2025-01-01 00:00:00');
INSERT INTO product_variants (id, product_id, color_id, size_id, price_id, material_id, season_id, status, created_date, updated_date) VALUES (846, 88, 6, 6, 846, 4, 1, 'active', '2025-01-01 00:00:00', '2025-01-01 00:00:00');
INSERT INTO prices (id, base_price, sale_price, status, created_date, updated_date) VALUES (847, 49.95, 39.99, 'active', '2025-01-01 00:00:00', '2025-01-01 00:00:00');
INSERT INTO product_variants (id, product_id, color_id, size_id, price_id, material_id, season_id, status, created_date, updated_date) VALUES (847, 88, 6, 7, 847, 1, 2, 'active', '2025-01-01 00:00:00', '2025-01-01 00:00:00');
INSERT INTO product (id, name, description, category_id, status, created_date, updated_date, created_by, updated_by) VALUES (89, 'Relaxed Straight Jeans', 'Description for Relaxed Straight Jeans', 5, 'active', '2025-01-01 00:00:00', '2025-01-01 00:00:00', 1, 1);
INSERT INTO product_image (id, image_url, display_order, is_primary, product_id, created_date, updated_date) VALUES (556, 'https://www1.assets-gap.com/webcontent/0060/078/075/cn60078075.jpg?q=h&w=1152', 0, 1, 89, '2025-01-01 00:00:00', '2025-01-01 00:00:00');
INSERT INTO product_image (id, image_url, display_order, is_primary, product_id, created_date, updated_date) VALUES (557, 'https://www.gap.com/webcontent/0060/078/026/cn60078026.jpg', 1, 0, 89, '2025-01-01 00:00:00', '2025-01-01 00:00:00');
INSERT INTO product_image (id, image_url, display_order, is_primary, product_id, created_date, updated_date) VALUES (558, 'https://www.gap.com/webcontent/0060/078/051/cn60078051.jpg', 2, 0, 89, '2025-01-01 00:00:00', '2025-01-01 00:00:00');
INSERT INTO product_image (id, image_url, display_order, is_primary, product_id, created_date, updated_date) VALUES (559, 'https://www.gap.com/webcontent/0060/078/046/cn60078046.jpg', 3, 0, 89, '2025-01-01 00:00:00', '2025-01-01 00:00:00');
INSERT INTO product_image (id, image_url, display_order, is_primary, product_id, created_date, updated_date) VALUES (560, 'https://www.gap.com/webcontent/0060/078/086/cn60078086.jpg', 4, 0, 89, '2025-01-01 00:00:00', '2025-01-01 00:00:00');
INSERT INTO product_image (id, image_url, display_order, is_primary, product_id, created_date, updated_date) VALUES (561, 'https://www.gap.com/webcontent/0059/565/741/cn59565741.jpg', 5, 0, 89, '2025-01-01 00:00:00', '2025-01-01 00:00:00');
INSERT INTO product_image (id, image_url, display_order, is_primary, product_id, created_date, updated_date) VALUES (562, 'https://www.gap.com/webcontent/0059/565/744/cn59565744.jpg', 6, 0, 89, '2025-01-01 00:00:00', '2025-01-01 00:00:00');
INSERT INTO prices (id, base_price, sale_price, status, created_date, updated_date) VALUES (848, 79.95, 47, 'active', '2025-01-01 00:00:00', '2025-01-01 00:00:00');
INSERT INTO product_variants (id, product_id, color_id, size_id, price_id, material_id, season_id, status, created_date, updated_date) VALUES (848, 89, 5, 6, 848, 2, 3, 'active', '2025-01-01 00:00:00', '2025-01-01 00:00:00');
INSERT INTO prices (id, base_price, sale_price, status, created_date, updated_date) VALUES (849, 79.95, 47, 'active', '2025-01-01 00:00:00', '2025-01-01 00:00:00');
INSERT INTO product_variants (id, product_id, color_id, size_id, price_id, material_id, season_id, status, created_date, updated_date) VALUES (849, 89, 5, 2, 849, 2, 2, 'active', '2025-01-01 00:00:00', '2025-01-01 00:00:00');
INSERT INTO prices (id, base_price, sale_price, status, created_date, updated_date) VALUES (850, 79.95, 47, 'active', '2025-01-01 00:00:00', '2025-01-01 00:00:00');
INSERT INTO product_variants (id, product_id, color_id, size_id, price_id, material_id, season_id, status, created_date, updated_date) VALUES (850, 89, 5, 3, 850, 1, 3, 'active', '2025-01-01 00:00:00', '2025-01-01 00:00:00');
INSERT INTO prices (id, base_price, sale_price, status, created_date, updated_date) VALUES (851, 79.95, 47, 'active', '2025-01-01 00:00:00', '2025-01-01 00:00:00');
INSERT INTO product_variants (id, product_id, color_id, size_id, price_id, material_id, season_id, status, created_date, updated_date) VALUES (851, 89, 3, 6, 851, 3, 1, 'active', '2025-01-01 00:00:00', '2025-01-01 00:00:00');
INSERT INTO prices (id, base_price, sale_price, status, created_date, updated_date) VALUES (852, 79.95, 47, 'active', '2025-01-01 00:00:00', '2025-01-01 00:00:00');
INSERT INTO product_variants (id, product_id, color_id, size_id, price_id, material_id, season_id, status, created_date, updated_date) VALUES (852, 89, 3, 1, 852, 1, 3, 'active', '2025-01-01 00:00:00', '2025-01-01 00:00:00');
INSERT INTO prices (id, base_price, sale_price, status, created_date, updated_date) VALUES (853, 79.95, 47, 'active', '2025-01-01 00:00:00', '2025-01-01 00:00:00');
INSERT INTO product_variants (id, product_id, color_id, size_id, price_id, material_id, season_id, status, created_date, updated_date) VALUES (853, 89, 3, 7, 853, 6, 3, 'active', '2025-01-01 00:00:00', '2025-01-01 00:00:00');
INSERT INTO prices (id, base_price, sale_price, status, created_date, updated_date) VALUES (854, 79.95, 47, 'active', '2025-01-01 00:00:00', '2025-01-01 00:00:00');
INSERT INTO product_variants (id, product_id, color_id, size_id, price_id, material_id, season_id, status, created_date, updated_date) VALUES (854, 89, 5, 3, 854, 6, 2, 'active', '2025-01-01 00:00:00', '2025-01-01 00:00:00');
INSERT INTO prices (id, base_price, sale_price, status, created_date, updated_date) VALUES (855, 79.95, 47, 'active', '2025-01-01 00:00:00', '2025-01-01 00:00:00');
INSERT INTO product_variants (id, product_id, color_id, size_id, price_id, material_id, season_id, status, created_date, updated_date) VALUES (855, 89, 5, 5, 855, 7, 2, 'active', '2025-01-01 00:00:00', '2025-01-01 00:00:00');
INSERT INTO prices (id, base_price, sale_price, status, created_date, updated_date) VALUES (856, 79.95, 47, 'active', '2025-01-01 00:00:00', '2025-01-01 00:00:00');
INSERT INTO product_variants (id, product_id, color_id, size_id, price_id, material_id, season_id, status, created_date, updated_date) VALUES (856, 89, 5, 6, 856, 7, 4, 'active', '2025-01-01 00:00:00', '2025-01-01 00:00:00');
INSERT INTO prices (id, base_price, sale_price, status, created_date, updated_date) VALUES (857, 79.95, 47, 'active', '2025-01-01 00:00:00', '2025-01-01 00:00:00');
INSERT INTO product_variants (id, product_id, color_id, size_id, price_id, material_id, season_id, status, created_date, updated_date) VALUES (857, 89, 5, 1, 857, 2, 1, 'active', '2025-01-01 00:00:00', '2025-01-01 00:00:00');
INSERT INTO prices (id, base_price, sale_price, status, created_date, updated_date) VALUES (858, 79.95, 47, 'active', '2025-01-01 00:00:00', '2025-01-01 00:00:00');
INSERT INTO product_variants (id, product_id, color_id, size_id, price_id, material_id, season_id, status, created_date, updated_date) VALUES (858, 89, 5, 2, 858, 2, 1, 'active', '2025-01-01 00:00:00', '2025-01-01 00:00:00');
INSERT INTO prices (id, base_price, sale_price, status, created_date, updated_date) VALUES (859, 79.95, 47, 'active', '2025-01-01 00:00:00', '2025-01-01 00:00:00');
INSERT INTO product_variants (id, product_id, color_id, size_id, price_id, material_id, season_id, status, created_date, updated_date) VALUES (859, 89, 18, 10, 859, 5, 2, 'active', '2025-01-01 00:00:00', '2025-01-01 00:00:00');
INSERT INTO prices (id, base_price, sale_price, status, created_date, updated_date) VALUES (860, 79.95, 47, 'active', '2025-01-01 00:00:00', '2025-01-01 00:00:00');
INSERT INTO product_variants (id, product_id, color_id, size_id, price_id, material_id, season_id, status, created_date, updated_date) VALUES (860, 89, 18, 1, 860, 1, 3, 'active', '2025-01-01 00:00:00', '2025-01-01 00:00:00');
INSERT INTO prices (id, base_price, sale_price, status, created_date, updated_date) VALUES (861, 79.95, 47, 'active', '2025-01-01 00:00:00', '2025-01-01 00:00:00');
INSERT INTO product_variants (id, product_id, color_id, size_id, price_id, material_id, season_id, status, created_date, updated_date) VALUES (861, 89, 4, 2, 861, 7, 3, 'active', '2025-01-01 00:00:00', '2025-01-01 00:00:00');
INSERT INTO prices (id, base_price, sale_price, status, created_date, updated_date) VALUES (862, 79.95, 47, 'active', '2025-01-01 00:00:00', '2025-01-01 00:00:00');
INSERT INTO product_variants (id, product_id, color_id, size_id, price_id, material_id, season_id, status, created_date, updated_date) VALUES (862, 89, 4, 5, 862, 5, 1, 'active', '2025-01-01 00:00:00', '2025-01-01 00:00:00');
INSERT INTO prices (id, base_price, sale_price, status, created_date, updated_date) VALUES (863, 79.95, 47, 'active', '2025-01-01 00:00:00', '2025-01-01 00:00:00');
INSERT INTO product_variants (id, product_id, color_id, size_id, price_id, material_id, season_id, status, created_date, updated_date) VALUES (863, 89, 5, 9, 863, 1, 3, 'active', '2025-01-01 00:00:00', '2025-01-01 00:00:00');
INSERT INTO prices (id, base_price, sale_price, status, created_date, updated_date) VALUES (864, 79.95, 47, 'active', '2025-01-01 00:00:00', '2025-01-01 00:00:00');
INSERT INTO product_variants (id, product_id, color_id, size_id, price_id, material_id, season_id, status, created_date, updated_date) VALUES (864, 89, 5, 10, 864, 4, 4, 'active', '2025-01-01 00:00:00', '2025-01-01 00:00:00');
INSERT INTO prices (id, base_price, sale_price, status, created_date, updated_date) VALUES (865, 79.95, 47, 'active', '2025-01-01 00:00:00', '2025-01-01 00:00:00');
INSERT INTO product_variants (id, product_id, color_id, size_id, price_id, material_id, season_id, status, created_date, updated_date) VALUES (865, 89, 5, 2, 865, 2, 4, 'active', '2025-01-01 00:00:00', '2025-01-01 00:00:00');
INSERT INTO prices (id, base_price, sale_price, status, created_date, updated_date) VALUES (866, 79.95, 47, 'active', '2025-01-01 00:00:00', '2025-01-01 00:00:00');
INSERT INTO product_variants (id, product_id, color_id, size_id, price_id, material_id, season_id, status, created_date, updated_date) VALUES (866, 89, 5, 4, 866, 1, 4, 'active', '2025-01-01 00:00:00', '2025-01-01 00:00:00');
INSERT INTO prices (id, base_price, sale_price, status, created_date, updated_date) VALUES (867, 79.95, 47, 'active', '2025-01-01 00:00:00', '2025-01-01 00:00:00');
INSERT INTO product_variants (id, product_id, color_id, size_id, price_id, material_id, season_id, status, created_date, updated_date) VALUES (867, 89, 5, 10, 867, 7, 3, 'active', '2025-01-01 00:00:00', '2025-01-01 00:00:00');
INSERT INTO prices (id, base_price, sale_price, status, created_date, updated_date) VALUES (868, 79.95, 47, 'active', '2025-01-01 00:00:00', '2025-01-01 00:00:00');
INSERT INTO product_variants (id, product_id, color_id, size_id, price_id, material_id, season_id, status, created_date, updated_date) VALUES (868, 89, 1, 6, 868, 7, 4, 'active', '2025-01-01 00:00:00', '2025-01-01 00:00:00');
INSERT INTO prices (id, base_price, sale_price, status, created_date, updated_date) VALUES (869, 79.95, 47, 'active', '2025-01-01 00:00:00', '2025-01-01 00:00:00');
INSERT INTO product_variants (id, product_id, color_id, size_id, price_id, material_id, season_id, status, created_date, updated_date) VALUES (869, 89, 1, 9, 869, 5, 1, 'active', '2025-01-01 00:00:00', '2025-01-01 00:00:00');
INSERT INTO prices (id, base_price, sale_price, status, created_date, updated_date) VALUES (870, 79.95, 47, 'active', '2025-01-01 00:00:00', '2025-01-01 00:00:00');
INSERT INTO product_variants (id, product_id, color_id, size_id, price_id, material_id, season_id, status, created_date, updated_date) VALUES (870, 89, 5, 4, 870, 5, 3, 'active', '2025-01-01 00:00:00', '2025-01-01 00:00:00');
INSERT INTO prices (id, base_price, sale_price, status, created_date, updated_date) VALUES (871, 79.95, 47, 'active', '2025-01-01 00:00:00', '2025-01-01 00:00:00');
INSERT INTO product_variants (id, product_id, color_id, size_id, price_id, material_id, season_id, status, created_date, updated_date) VALUES (871, 89, 5, 5, 871, 1, 1, 'active', '2025-01-01 00:00:00', '2025-01-01 00:00:00');
INSERT INTO product (id, name, description, category_id, status, created_date, updated_date, created_by, updated_by) VALUES (90, 'High Rise VintageSoft Relaxed Joggers', 'Description for High Rise VintageSoft Relaxed Joggers', 5, 'active', '2025-01-01 00:00:00', '2025-01-01 00:00:00', 1, 1);
INSERT INTO product_image (id, image_url, display_order, is_primary, product_id, created_date, updated_date) VALUES (563, 'https://www1.assets-gap.com/webcontent/0060/882/997/cn60882997.jpg?q=h&w=1152', 0, 1, 90, '2025-01-01 00:00:00', '2025-01-01 00:00:00');
INSERT INTO product_image (id, image_url, display_order, is_primary, product_id, created_date, updated_date) VALUES (564, 'https://www.gap.com/webcontent/0060/882/971/cn60882971.jpg', 1, 0, 90, '2025-01-01 00:00:00', '2025-01-01 00:00:00');
INSERT INTO product_image (id, image_url, display_order, is_primary, product_id, created_date, updated_date) VALUES (565, 'https://www.gap.com/webcontent/0060/880/409/cn60880409.jpg', 2, 0, 90, '2025-01-01 00:00:00', '2025-01-01 00:00:00');
INSERT INTO product_image (id, image_url, display_order, is_primary, product_id, created_date, updated_date) VALUES (566, 'https://www.gap.com/webcontent/0060/880/411/cn60880411.jpg', 3, 0, 90, '2025-01-01 00:00:00', '2025-01-01 00:00:00');
INSERT INTO product_image (id, image_url, display_order, is_primary, product_id, created_date, updated_date) VALUES (567, 'https://www.gap.com/webcontent/0060/880/420/cn60880420.jpg', 4, 0, 90, '2025-01-01 00:00:00', '2025-01-01 00:00:00');
INSERT INTO product_image (id, image_url, display_order, is_primary, product_id, created_date, updated_date) VALUES (568, 'https://www.gap.com/webcontent/0060/844/332/cn60844332.jpg', 5, 0, 90, '2025-01-01 00:00:00', '2025-01-01 00:00:00');
INSERT INTO product_image (id, image_url, display_order, is_primary, product_id, created_date, updated_date) VALUES (569, 'https://www.gap.com/webcontent/0060/211/004/cn60211004.jpg', 6, 0, 90, '2025-01-01 00:00:00', '2025-01-01 00:00:00');
INSERT INTO prices (id, base_price, sale_price, status, created_date, updated_date) VALUES (872, 59.95, 29, 'active', '2025-01-01 00:00:00', '2025-01-01 00:00:00');
INSERT INTO product_variants (id, product_id, color_id, size_id, price_id, material_id, season_id, status, created_date, updated_date) VALUES (872, 90, 1, 3, 872, 4, 2, 'active', '2025-01-01 00:00:00', '2025-01-01 00:00:00');
INSERT INTO prices (id, base_price, sale_price, status, created_date, updated_date) VALUES (873, 59.95, 29, 'active', '2025-01-01 00:00:00', '2025-01-01 00:00:00');
INSERT INTO product_variants (id, product_id, color_id, size_id, price_id, material_id, season_id, status, created_date, updated_date) VALUES (873, 90, 3, 7, 873, 3, 4, 'active', '2025-01-01 00:00:00', '2025-01-01 00:00:00');
INSERT INTO prices (id, base_price, sale_price, status, created_date, updated_date) VALUES (874, 59.95, 29, 'active', '2025-01-01 00:00:00', '2025-01-01 00:00:00');
INSERT INTO product_variants (id, product_id, color_id, size_id, price_id, material_id, season_id, status, created_date, updated_date) VALUES (874, 90, 3, 8, 874, 1, 1, 'active', '2025-01-01 00:00:00', '2025-01-01 00:00:00');
INSERT INTO prices (id, base_price, sale_price, status, created_date, updated_date) VALUES (875, 59.95, 29, 'active', '2025-01-01 00:00:00', '2025-01-01 00:00:00');
INSERT INTO product_variants (id, product_id, color_id, size_id, price_id, material_id, season_id, status, created_date, updated_date) VALUES (875, 90, 3, 2, 875, 4, 3, 'active', '2025-01-01 00:00:00', '2025-01-01 00:00:00');
INSERT INTO prices (id, base_price, sale_price, status, created_date, updated_date) VALUES (876, 59.95, 29, 'active', '2025-01-01 00:00:00', '2025-01-01 00:00:00');
INSERT INTO product_variants (id, product_id, color_id, size_id, price_id, material_id, season_id, status, created_date, updated_date) VALUES (876, 90, 9, 1, 876, 2, 2, 'active', '2025-01-01 00:00:00', '2025-01-01 00:00:00');
INSERT INTO prices (id, base_price, sale_price, status, created_date, updated_date) VALUES (877, 59.95, 29, 'active', '2025-01-01 00:00:00', '2025-01-01 00:00:00');
INSERT INTO product_variants (id, product_id, color_id, size_id, price_id, material_id, season_id, status, created_date, updated_date) VALUES (877, 90, 9, 2, 877, 4, 3, 'active', '2025-01-01 00:00:00', '2025-01-01 00:00:00');
INSERT INTO prices (id, base_price, sale_price, status, created_date, updated_date) VALUES (878, 59.95, 29, 'active', '2025-01-01 00:00:00', '2025-01-01 00:00:00');
INSERT INTO product_variants (id, product_id, color_id, size_id, price_id, material_id, season_id, status, created_date, updated_date) VALUES (878, 90, 9, 8, 878, 7, 4, 'active', '2025-01-01 00:00:00', '2025-01-01 00:00:00');
INSERT INTO prices (id, base_price, sale_price, status, created_date, updated_date) VALUES (879, 59.95, 29, 'active', '2025-01-01 00:00:00', '2025-01-01 00:00:00');
INSERT INTO product_variants (id, product_id, color_id, size_id, price_id, material_id, season_id, status, created_date, updated_date) VALUES (879, 90, 3, 9, 879, 4, 2, 'active', '2025-01-01 00:00:00', '2025-01-01 00:00:00');
INSERT INTO prices (id, base_price, sale_price, status, created_date, updated_date) VALUES (880, 59.95, 29, 'active', '2025-01-01 00:00:00', '2025-01-01 00:00:00');
INSERT INTO product_variants (id, product_id, color_id, size_id, price_id, material_id, season_id, status, created_date, updated_date) VALUES (880, 90, 3, 6, 880, 4, 3, 'active', '2025-01-01 00:00:00', '2025-01-01 00:00:00');
INSERT INTO prices (id, base_price, sale_price, status, created_date, updated_date) VALUES (881, 59.95, 29, 'active', '2025-01-01 00:00:00', '2025-01-01 00:00:00');
INSERT INTO product_variants (id, product_id, color_id, size_id, price_id, material_id, season_id, status, created_date, updated_date) VALUES (881, 90, 11, 2, 881, 2, 3, 'active', '2025-01-01 00:00:00', '2025-01-01 00:00:00');
INSERT INTO prices (id, base_price, sale_price, status, created_date, updated_date) VALUES (882, 59.95, 29, 'active', '2025-01-01 00:00:00', '2025-01-01 00:00:00');
INSERT INTO product_variants (id, product_id, color_id, size_id, price_id, material_id, season_id, status, created_date, updated_date) VALUES (882, 90, 11, 1, 882, 3, 2, 'active', '2025-01-01 00:00:00', '2025-01-01 00:00:00');
INSERT INTO prices (id, base_price, sale_price, status, created_date, updated_date) VALUES (883, 59.95, 29, 'active', '2025-01-01 00:00:00', '2025-01-01 00:00:00');
INSERT INTO product_variants (id, product_id, color_id, size_id, price_id, material_id, season_id, status, created_date, updated_date) VALUES (883, 90, 4, 2, 883, 4, 1, 'active', '2025-01-01 00:00:00', '2025-01-01 00:00:00');
INSERT INTO prices (id, base_price, sale_price, status, created_date, updated_date) VALUES (884, 59.95, 29, 'active', '2025-01-01 00:00:00', '2025-01-01 00:00:00');
INSERT INTO product_variants (id, product_id, color_id, size_id, price_id, material_id, season_id, status, created_date, updated_date) VALUES (884, 90, 4, 6, 884, 6, 2, 'active', '2025-01-01 00:00:00', '2025-01-01 00:00:00');
INSERT INTO prices (id, base_price, sale_price, status, created_date, updated_date) VALUES (885, 59.95, 29, 'active', '2025-01-01 00:00:00', '2025-01-01 00:00:00');
INSERT INTO product_variants (id, product_id, color_id, size_id, price_id, material_id, season_id, status, created_date, updated_date) VALUES (885, 90, 4, 9, 885, 5, 3, 'active', '2025-01-01 00:00:00', '2025-01-01 00:00:00');
INSERT INTO prices (id, base_price, sale_price, status, created_date, updated_date) VALUES (886, 59.95, 29, 'active', '2025-01-01 00:00:00', '2025-01-01 00:00:00');
INSERT INTO product_variants (id, product_id, color_id, size_id, price_id, material_id, season_id, status, created_date, updated_date) VALUES (886, 90, 4, 10, 886, 4, 2, 'active', '2025-01-01 00:00:00', '2025-01-01 00:00:00');
INSERT INTO prices (id, base_price, sale_price, status, created_date, updated_date) VALUES (887, 59.95, 29, 'active', '2025-01-01 00:00:00', '2025-01-01 00:00:00');
INSERT INTO product_variants (id, product_id, color_id, size_id, price_id, material_id, season_id, status, created_date, updated_date) VALUES (887, 90, 2, 2, 887, 4, 3, 'active', '2025-01-01 00:00:00', '2025-01-01 00:00:00');
INSERT INTO prices (id, base_price, sale_price, status, created_date, updated_date) VALUES (888, 59.95, 29, 'active', '2025-01-01 00:00:00', '2025-01-01 00:00:00');
INSERT INTO product_variants (id, product_id, color_id, size_id, price_id, material_id, season_id, status, created_date, updated_date) VALUES (888, 90, 2, 3, 888, 2, 2, 'active', '2025-01-01 00:00:00', '2025-01-01 00:00:00');
INSERT INTO prices (id, base_price, sale_price, status, created_date, updated_date) VALUES (889, 59.95, 29, 'active', '2025-01-01 00:00:00', '2025-01-01 00:00:00');
INSERT INTO product_variants (id, product_id, color_id, size_id, price_id, material_id, season_id, status, created_date, updated_date) VALUES (889, 90, 2, 1, 889, 3, 2, 'active', '2025-01-01 00:00:00', '2025-01-01 00:00:00');
INSERT INTO prices (id, base_price, sale_price, status, created_date, updated_date) VALUES (890, 59.95, 29, 'active', '2025-01-01 00:00:00', '2025-01-01 00:00:00');
INSERT INTO product_variants (id, product_id, color_id, size_id, price_id, material_id, season_id, status, created_date, updated_date) VALUES (890, 90, 10, 10, 890, 2, 4, 'active', '2025-01-01 00:00:00', '2025-01-01 00:00:00');
INSERT INTO prices (id, base_price, sale_price, status, created_date, updated_date) VALUES (891, 59.95, 29, 'active', '2025-01-01 00:00:00', '2025-01-01 00:00:00');
INSERT INTO product_variants (id, product_id, color_id, size_id, price_id, material_id, season_id, status, created_date, updated_date) VALUES (891, 90, 10, 7, 891, 4, 3, 'active', '2025-01-01 00:00:00', '2025-01-01 00:00:00');
INSERT INTO prices (id, base_price, sale_price, status, created_date, updated_date) VALUES (892, 59.95, 29, 'active', '2025-01-01 00:00:00', '2025-01-01 00:00:00');
INSERT INTO product_variants (id, product_id, color_id, size_id, price_id, material_id, season_id, status, created_date, updated_date) VALUES (892, 90, 10, 5, 892, 4, 3, 'active', '2025-01-01 00:00:00', '2025-01-01 00:00:00');
INSERT INTO prices (id, base_price, sale_price, status, created_date, updated_date) VALUES (893, 59.95, 29, 'active', '2025-01-01 00:00:00', '2025-01-01 00:00:00');
INSERT INTO product_variants (id, product_id, color_id, size_id, price_id, material_id, season_id, status, created_date, updated_date) VALUES (893, 90, 3, 1, 893, 2, 3, 'active', '2025-01-01 00:00:00', '2025-01-01 00:00:00');
INSERT INTO prices (id, base_price, sale_price, status, created_date, updated_date) VALUES (894, 59.95, 29, 'active', '2025-01-01 00:00:00', '2025-01-01 00:00:00');
INSERT INTO product_variants (id, product_id, color_id, size_id, price_id, material_id, season_id, status, created_date, updated_date) VALUES (894, 90, 3, 8, 894, 7, 1, 'active', '2025-01-01 00:00:00', '2025-01-01 00:00:00');
INSERT INTO prices (id, base_price, sale_price, status, created_date, updated_date) VALUES (895, 59.95, 29, 'active', '2025-01-01 00:00:00', '2025-01-01 00:00:00');
INSERT INTO product_variants (id, product_id, color_id, size_id, price_id, material_id, season_id, status, created_date, updated_date) VALUES (895, 90, 9, 5, 895, 5, 4, 'active', '2025-01-01 00:00:00', '2025-01-01 00:00:00');
INSERT INTO prices (id, base_price, sale_price, status, created_date, updated_date) VALUES (896, 59.95, 29, 'active', '2025-01-01 00:00:00', '2025-01-01 00:00:00');
INSERT INTO product_variants (id, product_id, color_id, size_id, price_id, material_id, season_id, status, created_date, updated_date) VALUES (896, 90, 9, 7, 896, 5, 1, 'active', '2025-01-01 00:00:00', '2025-01-01 00:00:00');
INSERT INTO prices (id, base_price, sale_price, status, created_date, updated_date) VALUES (897, 59.95, 29, 'active', '2025-01-01 00:00:00', '2025-01-01 00:00:00');
INSERT INTO product_variants (id, product_id, color_id, size_id, price_id, material_id, season_id, status, created_date, updated_date) VALUES (897, 90, 2, 10, 897, 2, 3, 'active', '2025-01-01 00:00:00', '2025-01-01 00:00:00');
INSERT INTO prices (id, base_price, sale_price, status, created_date, updated_date) VALUES (898, 59.95, 29, 'active', '2025-01-01 00:00:00', '2025-01-01 00:00:00');
INSERT INTO product_variants (id, product_id, color_id, size_id, price_id, material_id, season_id, status, created_date, updated_date) VALUES (898, 90, 2, 6, 898, 4, 4, 'active', '2025-01-01 00:00:00', '2025-01-01 00:00:00');
INSERT INTO prices (id, base_price, sale_price, status, created_date, updated_date) VALUES (899, 59.95, 29, 'active', '2025-01-01 00:00:00', '2025-01-01 00:00:00');
INSERT INTO product_variants (id, product_id, color_id, size_id, price_id, material_id, season_id, status, created_date, updated_date) VALUES (899, 90, 3, 4, 899, 1, 4, 'active', '2025-01-01 00:00:00', '2025-01-01 00:00:00');
INSERT INTO prices (id, base_price, sale_price, status, created_date, updated_date) VALUES (900, 59.95, 29, 'active', '2025-01-01 00:00:00', '2025-01-01 00:00:00');
INSERT INTO product_variants (id, product_id, color_id, size_id, price_id, material_id, season_id, status, created_date, updated_date) VALUES (900, 90, 3, 5, 900, 1, 2, 'active', '2025-01-01 00:00:00', '2025-01-01 00:00:00');
INSERT INTO prices (id, base_price, sale_price, status, created_date, updated_date) VALUES (901, 59.95, 29, 'active', '2025-01-01 00:00:00', '2025-01-01 00:00:00');
INSERT INTO product_variants (id, product_id, color_id, size_id, price_id, material_id, season_id, status, created_date, updated_date) VALUES (901, 90, 14, 8, 901, 1, 2, 'active', '2025-01-01 00:00:00', '2025-01-01 00:00:00');
INSERT INTO prices (id, base_price, sale_price, status, created_date, updated_date) VALUES (902, 59.95, 29, 'active', '2025-01-01 00:00:00', '2025-01-01 00:00:00');
INSERT INTO product_variants (id, product_id, color_id, size_id, price_id, material_id, season_id, status, created_date, updated_date) VALUES (902, 90, 14, 2, 902, 3, 2, 'active', '2025-01-01 00:00:00', '2025-01-01 00:00:00');
INSERT INTO prices (id, base_price, sale_price, status, created_date, updated_date) VALUES (903, 59.95, 29, 'active', '2025-01-01 00:00:00', '2025-01-01 00:00:00');
INSERT INTO product_variants (id, product_id, color_id, size_id, price_id, material_id, season_id, status, created_date, updated_date) VALUES (903, 90, 14, 4, 903, 4, 1, 'active', '2025-01-01 00:00:00', '2025-01-01 00:00:00');
INSERT INTO prices (id, base_price, sale_price, status, created_date, updated_date) VALUES (904, 59.95, 29, 'active', '2025-01-01 00:00:00', '2025-01-01 00:00:00');
INSERT INTO product_variants (id, product_id, color_id, size_id, price_id, material_id, season_id, status, created_date, updated_date) VALUES (904, 90, 11, 3, 904, 2, 4, 'active', '2025-01-01 00:00:00', '2025-01-01 00:00:00');
INSERT INTO prices (id, base_price, sale_price, status, created_date, updated_date) VALUES (905, 59.95, 29, 'active', '2025-01-01 00:00:00', '2025-01-01 00:00:00');
INSERT INTO product_variants (id, product_id, color_id, size_id, price_id, material_id, season_id, status, created_date, updated_date) VALUES (905, 90, 11, 7, 905, 6, 1, 'active', '2025-01-01 00:00:00', '2025-01-01 00:00:00');
INSERT INTO prices (id, base_price, sale_price, status, created_date, updated_date) VALUES (906, 59.95, 29, 'active', '2025-01-01 00:00:00', '2025-01-01 00:00:00');
INSERT INTO product_variants (id, product_id, color_id, size_id, price_id, material_id, season_id, status, created_date, updated_date) VALUES (906, 90, 7, 7, 906, 2, 2, 'active', '2025-01-01 00:00:00', '2025-01-01 00:00:00');
INSERT INTO prices (id, base_price, sale_price, status, created_date, updated_date) VALUES (907, 59.95, 29, 'active', '2025-01-01 00:00:00', '2025-01-01 00:00:00');
INSERT INTO product_variants (id, product_id, color_id, size_id, price_id, material_id, season_id, status, created_date, updated_date) VALUES (907, 90, 7, 5, 907, 3, 3, 'active', '2025-01-01 00:00:00', '2025-01-01 00:00:00');
INSERT INTO prices (id, base_price, sale_price, status, created_date, updated_date) VALUES (908, 59.95, 29, 'active', '2025-01-01 00:00:00', '2025-01-01 00:00:00');
INSERT INTO product_variants (id, product_id, color_id, size_id, price_id, material_id, season_id, status, created_date, updated_date) VALUES (908, 90, 6, 2, 908, 4, 2, 'active', '2025-01-01 00:00:00', '2025-01-01 00:00:00');
INSERT INTO prices (id, base_price, sale_price, status, created_date, updated_date) VALUES (909, 59.95, 29, 'active', '2025-01-01 00:00:00', '2025-01-01 00:00:00');
INSERT INTO product_variants (id, product_id, color_id, size_id, price_id, material_id, season_id, status, created_date, updated_date) VALUES (909, 90, 6, 1, 909, 3, 2, 'active', '2025-01-01 00:00:00', '2025-01-01 00:00:00');
INSERT INTO product (id, name, description, category_id, status, created_date, updated_date, created_by, updated_by) VALUES (91, 'VintageSoft Wedge Crewneck Sweatshirt', 'Description for VintageSoft Wedge Crewneck Sweatshirt', 5, 'active', '2025-01-01 00:00:00', '2025-01-01 00:00:00', 1, 1);
INSERT INTO product_image (id, image_url, display_order, is_primary, product_id, created_date, updated_date) VALUES (570, 'https://www1.assets-gap.com/webcontent/0061/438/115/cn61438115.jpg?q=h&w=1152', 0, 1, 91, '2025-01-01 00:00:00', '2025-01-01 00:00:00');
INSERT INTO product_image (id, image_url, display_order, is_primary, product_id, created_date, updated_date) VALUES (571, 'https://www.gap.com/webcontent/0061/438/086/cn61438086.jpg', 1, 0, 91, '2025-01-01 00:00:00', '2025-01-01 00:00:00');
INSERT INTO product_image (id, image_url, display_order, is_primary, product_id, created_date, updated_date) VALUES (572, 'https://www.gap.com/webcontent/0060/362/444/cn60362444.jpg', 2, 0, 91, '2025-01-01 00:00:00', '2025-01-01 00:00:00');
INSERT INTO product_image (id, image_url, display_order, is_primary, product_id, created_date, updated_date) VALUES (573, 'https://www.gap.com/webcontent/0060/362/463/cn60362463.jpg', 3, 0, 91, '2025-01-01 00:00:00', '2025-01-01 00:00:00');
INSERT INTO product_image (id, image_url, display_order, is_primary, product_id, created_date, updated_date) VALUES (574, 'https://www.gap.com/webcontent/0061/333/382/cn61333382.jpg', 4, 0, 91, '2025-01-01 00:00:00', '2025-01-01 00:00:00');
INSERT INTO product_image (id, image_url, display_order, is_primary, product_id, created_date, updated_date) VALUES (575, 'https://www.gap.com/webcontent/0060/362/495/cn60362495.jpg', 5, 0, 91, '2025-01-01 00:00:00', '2025-01-01 00:00:00');
INSERT INTO prices (id, base_price, sale_price, status, created_date, updated_date) VALUES (910, 54.95, 43, 'active', '2025-01-01 00:00:00', '2025-01-01 00:00:00');
INSERT INTO product_variants (id, product_id, color_id, size_id, price_id, material_id, season_id, status, created_date, updated_date) VALUES (910, 91, 4, 1, 910, 4, 1, 'active', '2025-01-01 00:00:00', '2025-01-01 00:00:00');
INSERT INTO prices (id, base_price, sale_price, status, created_date, updated_date) VALUES (911, 54.95, 43, 'active', '2025-01-01 00:00:00', '2025-01-01 00:00:00');
INSERT INTO product_variants (id, product_id, color_id, size_id, price_id, material_id, season_id, status, created_date, updated_date) VALUES (911, 91, 4, 3, 911, 3, 3, 'active', '2025-01-01 00:00:00', '2025-01-01 00:00:00');
INSERT INTO prices (id, base_price, sale_price, status, created_date, updated_date) VALUES (912, 54.95, 43, 'active', '2025-01-01 00:00:00', '2025-01-01 00:00:00');
INSERT INTO product_variants (id, product_id, color_id, size_id, price_id, material_id, season_id, status, created_date, updated_date) VALUES (912, 91, 4, 9, 912, 6, 3, 'active', '2025-01-01 00:00:00', '2025-01-01 00:00:00');
INSERT INTO prices (id, base_price, sale_price, status, created_date, updated_date) VALUES (913, 54.95, 43, 'active', '2025-01-01 00:00:00', '2025-01-01 00:00:00');
INSERT INTO product_variants (id, product_id, color_id, size_id, price_id, material_id, season_id, status, created_date, updated_date) VALUES (913, 91, 11, 3, 913, 4, 1, 'active', '2025-01-01 00:00:00', '2025-01-01 00:00:00');
INSERT INTO prices (id, base_price, sale_price, status, created_date, updated_date) VALUES (914, 54.95, 43, 'active', '2025-01-01 00:00:00', '2025-01-01 00:00:00');
INSERT INTO product_variants (id, product_id, color_id, size_id, price_id, material_id, season_id, status, created_date, updated_date) VALUES (914, 91, 11, 1, 914, 5, 4, 'active', '2025-01-01 00:00:00', '2025-01-01 00:00:00');
INSERT INTO prices (id, base_price, sale_price, status, created_date, updated_date) VALUES (915, 54.95, 43, 'active', '2025-01-01 00:00:00', '2025-01-01 00:00:00');
INSERT INTO product_variants (id, product_id, color_id, size_id, price_id, material_id, season_id, status, created_date, updated_date) VALUES (915, 91, 3, 3, 915, 6, 2, 'active', '2025-01-01 00:00:00', '2025-01-01 00:00:00');
INSERT INTO prices (id, base_price, sale_price, status, created_date, updated_date) VALUES (916, 54.95, 43, 'active', '2025-01-01 00:00:00', '2025-01-01 00:00:00');
INSERT INTO product_variants (id, product_id, color_id, size_id, price_id, material_id, season_id, status, created_date, updated_date) VALUES (916, 91, 3, 9, 916, 6, 4, 'active', '2025-01-01 00:00:00', '2025-01-01 00:00:00');
INSERT INTO prices (id, base_price, sale_price, status, created_date, updated_date) VALUES (917, 54.95, 43, 'active', '2025-01-01 00:00:00', '2025-01-01 00:00:00');
INSERT INTO product_variants (id, product_id, color_id, size_id, price_id, material_id, season_id, status, created_date, updated_date) VALUES (917, 91, 3, 10, 917, 2, 2, 'active', '2025-01-01 00:00:00', '2025-01-01 00:00:00');
INSERT INTO prices (id, base_price, sale_price, status, created_date, updated_date) VALUES (918, 54.95, 43, 'active', '2025-01-01 00:00:00', '2025-01-01 00:00:00');
INSERT INTO product_variants (id, product_id, color_id, size_id, price_id, material_id, season_id, status, created_date, updated_date) VALUES (918, 91, 3, 6, 918, 1, 1, 'active', '2025-01-01 00:00:00', '2025-01-01 00:00:00');
INSERT INTO prices (id, base_price, sale_price, status, created_date, updated_date) VALUES (919, 54.95, 43, 'active', '2025-01-01 00:00:00', '2025-01-01 00:00:00');
INSERT INTO product_variants (id, product_id, color_id, size_id, price_id, material_id, season_id, status, created_date, updated_date) VALUES (919, 91, 3, 3, 919, 6, 3, 'active', '2025-01-01 00:00:00', '2025-01-01 00:00:00');
INSERT INTO prices (id, base_price, sale_price, status, created_date, updated_date) VALUES (920, 54.95, 43, 'active', '2025-01-01 00:00:00', '2025-01-01 00:00:00');
INSERT INTO product_variants (id, product_id, color_id, size_id, price_id, material_id, season_id, status, created_date, updated_date) VALUES (920, 91, 6, 6, 920, 2, 1, 'active', '2025-01-01 00:00:00', '2025-01-01 00:00:00');
INSERT INTO prices (id, base_price, sale_price, status, created_date, updated_date) VALUES (921, 54.95, 43, 'active', '2025-01-01 00:00:00', '2025-01-01 00:00:00');
INSERT INTO product_variants (id, product_id, color_id, size_id, price_id, material_id, season_id, status, created_date, updated_date) VALUES (921, 91, 6, 9, 921, 4, 2, 'active', '2025-01-01 00:00:00', '2025-01-01 00:00:00');
INSERT INTO prices (id, base_price, sale_price, status, created_date, updated_date) VALUES (922, 54.95, 43, 'active', '2025-01-01 00:00:00', '2025-01-01 00:00:00');
INSERT INTO product_variants (id, product_id, color_id, size_id, price_id, material_id, season_id, status, created_date, updated_date) VALUES (922, 91, 3, 9, 922, 5, 4, 'active', '2025-01-01 00:00:00', '2025-01-01 00:00:00');
INSERT INTO prices (id, base_price, sale_price, status, created_date, updated_date) VALUES (923, 54.95, 43, 'active', '2025-01-01 00:00:00', '2025-01-01 00:00:00');
INSERT INTO product_variants (id, product_id, color_id, size_id, price_id, material_id, season_id, status, created_date, updated_date) VALUES (923, 91, 3, 7, 923, 1, 2, 'active', '2025-01-01 00:00:00', '2025-01-01 00:00:00');
INSERT INTO prices (id, base_price, sale_price, status, created_date, updated_date) VALUES (924, 54.95, 43, 'active', '2025-01-01 00:00:00', '2025-01-01 00:00:00');
INSERT INTO product_variants (id, product_id, color_id, size_id, price_id, material_id, season_id, status, created_date, updated_date) VALUES (924, 91, 3, 3, 924, 3, 2, 'active', '2025-01-01 00:00:00', '2025-01-01 00:00:00');
INSERT INTO prices (id, base_price, sale_price, status, created_date, updated_date) VALUES (925, 54.95, 43, 'active', '2025-01-01 00:00:00', '2025-01-01 00:00:00');
INSERT INTO product_variants (id, product_id, color_id, size_id, price_id, material_id, season_id, status, created_date, updated_date) VALUES (925, 91, 3, 10, 925, 6, 4, 'active', '2025-01-01 00:00:00', '2025-01-01 00:00:00');
INSERT INTO prices (id, base_price, sale_price, status, created_date, updated_date) VALUES (926, 54.95, 43, 'active', '2025-01-01 00:00:00', '2025-01-01 00:00:00');
INSERT INTO product_variants (id, product_id, color_id, size_id, price_id, material_id, season_id, status, created_date, updated_date) VALUES (926, 91, 3, 3, 926, 3, 4, 'active', '2025-01-01 00:00:00', '2025-01-01 00:00:00');
INSERT INTO prices (id, base_price, sale_price, status, created_date, updated_date) VALUES (927, 54.95, 43, 'active', '2025-01-01 00:00:00', '2025-01-01 00:00:00');
INSERT INTO product_variants (id, product_id, color_id, size_id, price_id, material_id, season_id, status, created_date, updated_date) VALUES (927, 91, 2, 1, 927, 1, 1, 'active', '2025-01-01 00:00:00', '2025-01-01 00:00:00');
INSERT INTO prices (id, base_price, sale_price, status, created_date, updated_date) VALUES (928, 54.95, 43, 'active', '2025-01-01 00:00:00', '2025-01-01 00:00:00');
INSERT INTO product_variants (id, product_id, color_id, size_id, price_id, material_id, season_id, status, created_date, updated_date) VALUES (928, 91, 2, 2, 928, 7, 1, 'active', '2025-01-01 00:00:00', '2025-01-01 00:00:00');
INSERT INTO prices (id, base_price, sale_price, status, created_date, updated_date) VALUES (929, 54.95, 43, 'active', '2025-01-01 00:00:00', '2025-01-01 00:00:00');
INSERT INTO product_variants (id, product_id, color_id, size_id, price_id, material_id, season_id, status, created_date, updated_date) VALUES (929, 91, 2, 7, 929, 1, 4, 'active', '2025-01-01 00:00:00', '2025-01-01 00:00:00');
INSERT INTO prices (id, base_price, sale_price, status, created_date, updated_date) VALUES (930, 54.95, 43, 'active', '2025-01-01 00:00:00', '2025-01-01 00:00:00');
INSERT INTO product_variants (id, product_id, color_id, size_id, price_id, material_id, season_id, status, created_date, updated_date) VALUES (930, 91, 9, 6, 930, 3, 3, 'active', '2025-01-01 00:00:00', '2025-01-01 00:00:00');
INSERT INTO prices (id, base_price, sale_price, status, created_date, updated_date) VALUES (931, 54.95, 43, 'active', '2025-01-01 00:00:00', '2025-01-01 00:00:00');
INSERT INTO product_variants (id, product_id, color_id, size_id, price_id, material_id, season_id, status, created_date, updated_date) VALUES (931, 91, 9, 7, 931, 3, 3, 'active', '2025-01-01 00:00:00', '2025-01-01 00:00:00');
INSERT INTO prices (id, base_price, sale_price, status, created_date, updated_date) VALUES (932, 54.95, 43, 'active', '2025-01-01 00:00:00', '2025-01-01 00:00:00');
INSERT INTO product_variants (id, product_id, color_id, size_id, price_id, material_id, season_id, status, created_date, updated_date) VALUES (932, 91, 1, 5, 932, 3, 4, 'active', '2025-01-01 00:00:00', '2025-01-01 00:00:00');
INSERT INTO prices (id, base_price, sale_price, status, created_date, updated_date) VALUES (933, 54.95, 43, 'active', '2025-01-01 00:00:00', '2025-01-01 00:00:00');
INSERT INTO product_variants (id, product_id, color_id, size_id, price_id, material_id, season_id, status, created_date, updated_date) VALUES (933, 91, 1, 3, 933, 6, 3, 'active', '2025-01-01 00:00:00', '2025-01-01 00:00:00');
INSERT INTO prices (id, base_price, sale_price, status, created_date, updated_date) VALUES (934, 54.95, 43, 'active', '2025-01-01 00:00:00', '2025-01-01 00:00:00');
INSERT INTO product_variants (id, product_id, color_id, size_id, price_id, material_id, season_id, status, created_date, updated_date) VALUES (934, 91, 9, 2, 934, 2, 2, 'active', '2025-01-01 00:00:00', '2025-01-01 00:00:00');
INSERT INTO prices (id, base_price, sale_price, status, created_date, updated_date) VALUES (935, 54.95, 43, 'active', '2025-01-01 00:00:00', '2025-01-01 00:00:00');
INSERT INTO product_variants (id, product_id, color_id, size_id, price_id, material_id, season_id, status, created_date, updated_date) VALUES (935, 91, 9, 8, 935, 1, 3, 'active', '2025-01-01 00:00:00', '2025-01-01 00:00:00');
INSERT INTO prices (id, base_price, sale_price, status, created_date, updated_date) VALUES (936, 54.95, 43, 'active', '2025-01-01 00:00:00', '2025-01-01 00:00:00');
INSERT INTO product_variants (id, product_id, color_id, size_id, price_id, material_id, season_id, status, created_date, updated_date) VALUES (936, 91, 3, 5, 936, 4, 3, 'active', '2025-01-01 00:00:00', '2025-01-01 00:00:00');
INSERT INTO prices (id, base_price, sale_price, status, created_date, updated_date) VALUES (937, 54.95, 43, 'active', '2025-01-01 00:00:00', '2025-01-01 00:00:00');
INSERT INTO product_variants (id, product_id, color_id, size_id, price_id, material_id, season_id, status, created_date, updated_date) VALUES (937, 91, 3, 4, 937, 4, 1, 'active', '2025-01-01 00:00:00', '2025-01-01 00:00:00');
INSERT INTO prices (id, base_price, sale_price, status, created_date, updated_date) VALUES (938, 54.95, 43, 'active', '2025-01-01 00:00:00', '2025-01-01 00:00:00');
INSERT INTO product_variants (id, product_id, color_id, size_id, price_id, material_id, season_id, status, created_date, updated_date) VALUES (938, 91, 13, 9, 938, 6, 2, 'active', '2025-01-01 00:00:00', '2025-01-01 00:00:00');
INSERT INTO prices (id, base_price, sale_price, status, created_date, updated_date) VALUES (939, 54.95, 43, 'active', '2025-01-01 00:00:00', '2025-01-01 00:00:00');
INSERT INTO product_variants (id, product_id, color_id, size_id, price_id, material_id, season_id, status, created_date, updated_date) VALUES (939, 91, 13, 5, 939, 4, 4, 'active', '2025-01-01 00:00:00', '2025-01-01 00:00:00');
INSERT INTO prices (id, base_price, sale_price, status, created_date, updated_date) VALUES (940, 54.95, 43, 'active', '2025-01-01 00:00:00', '2025-01-01 00:00:00');
INSERT INTO product_variants (id, product_id, color_id, size_id, price_id, material_id, season_id, status, created_date, updated_date) VALUES (940, 91, 13, 2, 940, 3, 4, 'active', '2025-01-01 00:00:00', '2025-01-01 00:00:00');
INSERT INTO prices (id, base_price, sale_price, status, created_date, updated_date) VALUES (941, 54.95, 43, 'active', '2025-01-01 00:00:00', '2025-01-01 00:00:00');
INSERT INTO product_variants (id, product_id, color_id, size_id, price_id, material_id, season_id, status, created_date, updated_date) VALUES (941, 91, 13, 5, 941, 1, 1, 'active', '2025-01-01 00:00:00', '2025-01-01 00:00:00');
INSERT INTO prices (id, base_price, sale_price, status, created_date, updated_date) VALUES (942, 54.95, 43, 'active', '2025-01-01 00:00:00', '2025-01-01 00:00:00');
INSERT INTO product_variants (id, product_id, color_id, size_id, price_id, material_id, season_id, status, created_date, updated_date) VALUES (942, 91, 13, 6, 942, 3, 2, 'active', '2025-01-01 00:00:00', '2025-01-01 00:00:00');
INSERT INTO prices (id, base_price, sale_price, status, created_date, updated_date) VALUES (943, 54.95, 43, 'active', '2025-01-01 00:00:00', '2025-01-01 00:00:00');
INSERT INTO product_variants (id, product_id, color_id, size_id, price_id, material_id, season_id, status, created_date, updated_date) VALUES (943, 91, 13, 1, 943, 6, 4, 'active', '2025-01-01 00:00:00', '2025-01-01 00:00:00');
INSERT INTO prices (id, base_price, sale_price, status, created_date, updated_date) VALUES (944, 54.95, 43, 'active', '2025-01-01 00:00:00', '2025-01-01 00:00:00');
INSERT INTO product_variants (id, product_id, color_id, size_id, price_id, material_id, season_id, status, created_date, updated_date) VALUES (944, 91, 11, 7, 944, 1, 2, 'active', '2025-01-01 00:00:00', '2025-01-01 00:00:00');
INSERT INTO prices (id, base_price, sale_price, status, created_date, updated_date) VALUES (945, 54.95, 43, 'active', '2025-01-01 00:00:00', '2025-01-01 00:00:00');
INSERT INTO product_variants (id, product_id, color_id, size_id, price_id, material_id, season_id, status, created_date, updated_date) VALUES (945, 91, 11, 8, 945, 4, 4, 'active', '2025-01-01 00:00:00', '2025-01-01 00:00:00');
INSERT INTO prices (id, base_price, sale_price, status, created_date, updated_date) VALUES (946, 54.95, 43, 'active', '2025-01-01 00:00:00', '2025-01-01 00:00:00');
INSERT INTO product_variants (id, product_id, color_id, size_id, price_id, material_id, season_id, status, created_date, updated_date) VALUES (946, 91, 11, 2, 946, 7, 3, 'active', '2025-01-01 00:00:00', '2025-01-01 00:00:00');
INSERT INTO product (id, name, description, category_id, status, created_date, updated_date, created_by, updated_by) VALUES (92, 'High Rise VintageSoft Joggers', 'Description for High Rise VintageSoft Joggers', 5, 'active', '2025-01-01 00:00:00', '2025-01-01 00:00:00', 1, 1);
INSERT INTO product_image (id, image_url, display_order, is_primary, product_id, created_date, updated_date) VALUES (576, 'https://www1.assets-gap.com/webcontent/0059/962/243/cn59962243.jpg?q=h&w=1152', 0, 1, 92, '2025-01-01 00:00:00', '2025-01-01 00:00:00');
INSERT INTO product_image (id, image_url, display_order, is_primary, product_id, created_date, updated_date) VALUES (577, 'https://www.gap.com/webcontent/0059/962/234/cn59962234.jpg', 1, 0, 92, '2025-01-01 00:00:00', '2025-01-01 00:00:00');
INSERT INTO product_image (id, image_url, display_order, is_primary, product_id, created_date, updated_date) VALUES (578, 'https://www.gap.com/webcontent/0059/959/818/cn59959818.jpg', 2, 0, 92, '2025-01-01 00:00:00', '2025-01-01 00:00:00');
INSERT INTO product_image (id, image_url, display_order, is_primary, product_id, created_date, updated_date) VALUES (579, 'https://www.gap.com/webcontent/0059/959/845/cn59959845.jpg', 3, 0, 92, '2025-01-01 00:00:00', '2025-01-01 00:00:00');
INSERT INTO product_image (id, image_url, display_order, is_primary, product_id, created_date, updated_date) VALUES (580, 'https://www.gap.com/webcontent/0059/959/843/cn59959843.jpg', 4, 0, 92, '2025-01-01 00:00:00', '2025-01-01 00:00:00');
INSERT INTO product_image (id, image_url, display_order, is_primary, product_id, created_date, updated_date) VALUES (581, 'https://www.gap.com/webcontent/0059/592/674/cn59592674.jpg', 5, 0, 92, '2025-01-01 00:00:00', '2025-01-01 00:00:00');
INSERT INTO product_image (id, image_url, display_order, is_primary, product_id, created_date, updated_date) VALUES (582, 'https://www.gap.com/webcontent/0059/959/864/cn59959864.jpg', 6, 0, 92, '2025-01-01 00:00:00', '2025-01-01 00:00:00');
INSERT INTO prices (id, base_price, sale_price, status, created_date, updated_date) VALUES (947, 59.95, 47, 'active', '2025-01-01 00:00:00', '2025-01-01 00:00:00');
INSERT INTO product_variants (id, product_id, color_id, size_id, price_id, material_id, season_id, status, created_date, updated_date) VALUES (947, 92, 1, 10, 947, 6, 2, 'active', '2025-01-01 00:00:00', '2025-01-01 00:00:00');
INSERT INTO prices (id, base_price, sale_price, status, created_date, updated_date) VALUES (948, 59.95, 47, 'active', '2025-01-01 00:00:00', '2025-01-01 00:00:00');
INSERT INTO product_variants (id, product_id, color_id, size_id, price_id, material_id, season_id, status, created_date, updated_date) VALUES (948, 92, 1, 3, 948, 7, 2, 'active', '2025-01-01 00:00:00', '2025-01-01 00:00:00');
INSERT INTO prices (id, base_price, sale_price, status, created_date, updated_date) VALUES (949, 59.95, 47, 'active', '2025-01-01 00:00:00', '2025-01-01 00:00:00');
INSERT INTO product_variants (id, product_id, color_id, size_id, price_id, material_id, season_id, status, created_date, updated_date) VALUES (949, 92, 1, 5, 949, 4, 1, 'active', '2025-01-01 00:00:00', '2025-01-01 00:00:00');
INSERT INTO prices (id, base_price, sale_price, status, created_date, updated_date) VALUES (950, 59.95, 47, 'active', '2025-01-01 00:00:00', '2025-01-01 00:00:00');
INSERT INTO product_variants (id, product_id, color_id, size_id, price_id, material_id, season_id, status, created_date, updated_date) VALUES (950, 92, 3, 1, 950, 4, 2, 'active', '2025-01-01 00:00:00', '2025-01-01 00:00:00');
INSERT INTO prices (id, base_price, sale_price, status, created_date, updated_date) VALUES (951, 59.95, 47, 'active', '2025-01-01 00:00:00', '2025-01-01 00:00:00');
INSERT INTO product_variants (id, product_id, color_id, size_id, price_id, material_id, season_id, status, created_date, updated_date) VALUES (951, 92, 3, 9, 951, 3, 2, 'active', '2025-01-01 00:00:00', '2025-01-01 00:00:00');
INSERT INTO prices (id, base_price, sale_price, status, created_date, updated_date) VALUES (952, 59.95, 47, 'active', '2025-01-01 00:00:00', '2025-01-01 00:00:00');
INSERT INTO product_variants (id, product_id, color_id, size_id, price_id, material_id, season_id, status, created_date, updated_date) VALUES (952, 92, 9, 8, 952, 3, 1, 'active', '2025-01-01 00:00:00', '2025-01-01 00:00:00');
INSERT INTO prices (id, base_price, sale_price, status, created_date, updated_date) VALUES (953, 59.95, 47, 'active', '2025-01-01 00:00:00', '2025-01-01 00:00:00');
INSERT INTO product_variants (id, product_id, color_id, size_id, price_id, material_id, season_id, status, created_date, updated_date) VALUES (953, 92, 9, 5, 953, 7, 3, 'active', '2025-01-01 00:00:00', '2025-01-01 00:00:00');
INSERT INTO prices (id, base_price, sale_price, status, created_date, updated_date) VALUES (954, 59.95, 47, 'active', '2025-01-01 00:00:00', '2025-01-01 00:00:00');
INSERT INTO product_variants (id, product_id, color_id, size_id, price_id, material_id, season_id, status, created_date, updated_date) VALUES (954, 92, 3, 10, 954, 7, 1, 'active', '2025-01-01 00:00:00', '2025-01-01 00:00:00');
INSERT INTO prices (id, base_price, sale_price, status, created_date, updated_date) VALUES (955, 59.95, 47, 'active', '2025-01-01 00:00:00', '2025-01-01 00:00:00');
INSERT INTO product_variants (id, product_id, color_id, size_id, price_id, material_id, season_id, status, created_date, updated_date) VALUES (955, 92, 3, 1, 955, 7, 2, 'active', '2025-01-01 00:00:00', '2025-01-01 00:00:00');
INSERT INTO prices (id, base_price, sale_price, status, created_date, updated_date) VALUES (956, 59.95, 47, 'active', '2025-01-01 00:00:00', '2025-01-01 00:00:00');
INSERT INTO product_variants (id, product_id, color_id, size_id, price_id, material_id, season_id, status, created_date, updated_date) VALUES (956, 92, 11, 10, 956, 5, 2, 'active', '2025-01-01 00:00:00', '2025-01-01 00:00:00');
INSERT INTO prices (id, base_price, sale_price, status, created_date, updated_date) VALUES (957, 59.95, 47, 'active', '2025-01-01 00:00:00', '2025-01-01 00:00:00');
INSERT INTO product_variants (id, product_id, color_id, size_id, price_id, material_id, season_id, status, created_date, updated_date) VALUES (957, 92, 11, 3, 957, 2, 1, 'active', '2025-01-01 00:00:00', '2025-01-01 00:00:00');
INSERT INTO prices (id, base_price, sale_price, status, created_date, updated_date) VALUES (958, 59.95, 47, 'active', '2025-01-01 00:00:00', '2025-01-01 00:00:00');
INSERT INTO product_variants (id, product_id, color_id, size_id, price_id, material_id, season_id, status, created_date, updated_date) VALUES (958, 92, 4, 3, 958, 6, 1, 'active', '2025-01-01 00:00:00', '2025-01-01 00:00:00');
INSERT INTO prices (id, base_price, sale_price, status, created_date, updated_date) VALUES (959, 59.95, 47, 'active', '2025-01-01 00:00:00', '2025-01-01 00:00:00');
INSERT INTO product_variants (id, product_id, color_id, size_id, price_id, material_id, season_id, status, created_date, updated_date) VALUES (959, 92, 4, 5, 959, 4, 4, 'active', '2025-01-01 00:00:00', '2025-01-01 00:00:00');
INSERT INTO prices (id, base_price, sale_price, status, created_date, updated_date) VALUES (960, 59.95, 47, 'active', '2025-01-01 00:00:00', '2025-01-01 00:00:00');
INSERT INTO product_variants (id, product_id, color_id, size_id, price_id, material_id, season_id, status, created_date, updated_date) VALUES (960, 92, 4, 9, 960, 6, 2, 'active', '2025-01-01 00:00:00', '2025-01-01 00:00:00');
INSERT INTO prices (id, base_price, sale_price, status, created_date, updated_date) VALUES (961, 59.95, 47, 'active', '2025-01-01 00:00:00', '2025-01-01 00:00:00');
INSERT INTO product_variants (id, product_id, color_id, size_id, price_id, material_id, season_id, status, created_date, updated_date) VALUES (961, 92, 4, 10, 961, 5, 2, 'active', '2025-01-01 00:00:00', '2025-01-01 00:00:00');
INSERT INTO prices (id, base_price, sale_price, status, created_date, updated_date) VALUES (962, 59.95, 47, 'active', '2025-01-01 00:00:00', '2025-01-01 00:00:00');
INSERT INTO product_variants (id, product_id, color_id, size_id, price_id, material_id, season_id, status, created_date, updated_date) VALUES (962, 92, 4, 5, 962, 2, 4, 'active', '2025-01-01 00:00:00', '2025-01-01 00:00:00');
INSERT INTO prices (id, base_price, sale_price, status, created_date, updated_date) VALUES (963, 59.95, 47, 'active', '2025-01-01 00:00:00', '2025-01-01 00:00:00');
INSERT INTO product_variants (id, product_id, color_id, size_id, price_id, material_id, season_id, status, created_date, updated_date) VALUES (963, 92, 2, 10, 963, 1, 2, 'active', '2025-01-01 00:00:00', '2025-01-01 00:00:00');
INSERT INTO prices (id, base_price, sale_price, status, created_date, updated_date) VALUES (964, 59.95, 47, 'active', '2025-01-01 00:00:00', '2025-01-01 00:00:00');
INSERT INTO product_variants (id, product_id, color_id, size_id, price_id, material_id, season_id, status, created_date, updated_date) VALUES (964, 92, 2, 8, 964, 6, 3, 'active', '2025-01-01 00:00:00', '2025-01-01 00:00:00');
INSERT INTO prices (id, base_price, sale_price, status, created_date, updated_date) VALUES (965, 59.95, 47, 'active', '2025-01-01 00:00:00', '2025-01-01 00:00:00');
INSERT INTO product_variants (id, product_id, color_id, size_id, price_id, material_id, season_id, status, created_date, updated_date) VALUES (965, 92, 10, 7, 965, 7, 1, 'active', '2025-01-01 00:00:00', '2025-01-01 00:00:00');
INSERT INTO prices (id, base_price, sale_price, status, created_date, updated_date) VALUES (966, 59.95, 47, 'active', '2025-01-01 00:00:00', '2025-01-01 00:00:00');
INSERT INTO product_variants (id, product_id, color_id, size_id, price_id, material_id, season_id, status, created_date, updated_date) VALUES (966, 92, 10, 10, 966, 3, 2, 'active', '2025-01-01 00:00:00', '2025-01-01 00:00:00');
INSERT INTO prices (id, base_price, sale_price, status, created_date, updated_date) VALUES (967, 59.95, 47, 'active', '2025-01-01 00:00:00', '2025-01-01 00:00:00');
INSERT INTO product_variants (id, product_id, color_id, size_id, price_id, material_id, season_id, status, created_date, updated_date) VALUES (967, 92, 3, 6, 967, 5, 3, 'active', '2025-01-01 00:00:00', '2025-01-01 00:00:00');
INSERT INTO prices (id, base_price, sale_price, status, created_date, updated_date) VALUES (968, 59.95, 47, 'active', '2025-01-01 00:00:00', '2025-01-01 00:00:00');
INSERT INTO product_variants (id, product_id, color_id, size_id, price_id, material_id, season_id, status, created_date, updated_date) VALUES (968, 92, 3, 3, 968, 3, 2, 'active', '2025-01-01 00:00:00', '2025-01-01 00:00:00');
INSERT INTO prices (id, base_price, sale_price, status, created_date, updated_date) VALUES (969, 59.95, 47, 'active', '2025-01-01 00:00:00', '2025-01-01 00:00:00');
INSERT INTO product_variants (id, product_id, color_id, size_id, price_id, material_id, season_id, status, created_date, updated_date) VALUES (969, 92, 9, 8, 969, 5, 3, 'active', '2025-01-01 00:00:00', '2025-01-01 00:00:00');
INSERT INTO prices (id, base_price, sale_price, status, created_date, updated_date) VALUES (970, 59.95, 47, 'active', '2025-01-01 00:00:00', '2025-01-01 00:00:00');
INSERT INTO product_variants (id, product_id, color_id, size_id, price_id, material_id, season_id, status, created_date, updated_date) VALUES (970, 92, 9, 3, 970, 2, 4, 'active', '2025-01-01 00:00:00', '2025-01-01 00:00:00');
INSERT INTO prices (id, base_price, sale_price, status, created_date, updated_date) VALUES (971, 59.95, 47, 'active', '2025-01-01 00:00:00', '2025-01-01 00:00:00');
INSERT INTO product_variants (id, product_id, color_id, size_id, price_id, material_id, season_id, status, created_date, updated_date) VALUES (971, 92, 2, 4, 971, 7, 3, 'active', '2025-01-01 00:00:00', '2025-01-01 00:00:00');
INSERT INTO prices (id, base_price, sale_price, status, created_date, updated_date) VALUES (972, 59.95, 47, 'active', '2025-01-01 00:00:00', '2025-01-01 00:00:00');
INSERT INTO product_variants (id, product_id, color_id, size_id, price_id, material_id, season_id, status, created_date, updated_date) VALUES (972, 92, 2, 5, 972, 4, 3, 'active', '2025-01-01 00:00:00', '2025-01-01 00:00:00');
INSERT INTO prices (id, base_price, sale_price, status, created_date, updated_date) VALUES (973, 59.95, 47, 'active', '2025-01-01 00:00:00', '2025-01-01 00:00:00');
INSERT INTO product_variants (id, product_id, color_id, size_id, price_id, material_id, season_id, status, created_date, updated_date) VALUES (973, 92, 3, 10, 973, 6, 3, 'active', '2025-01-01 00:00:00', '2025-01-01 00:00:00');
INSERT INTO prices (id, base_price, sale_price, status, created_date, updated_date) VALUES (974, 59.95, 47, 'active', '2025-01-01 00:00:00', '2025-01-01 00:00:00');
INSERT INTO product_variants (id, product_id, color_id, size_id, price_id, material_id, season_id, status, created_date, updated_date) VALUES (974, 92, 3, 3, 974, 7, 1, 'active', '2025-01-01 00:00:00', '2025-01-01 00:00:00');
INSERT INTO prices (id, base_price, sale_price, status, created_date, updated_date) VALUES (975, 59.95, 47, 'active', '2025-01-01 00:00:00', '2025-01-01 00:00:00');
INSERT INTO product_variants (id, product_id, color_id, size_id, price_id, material_id, season_id, status, created_date, updated_date) VALUES (975, 92, 14, 2, 975, 7, 4, 'active', '2025-01-01 00:00:00', '2025-01-01 00:00:00');
INSERT INTO prices (id, base_price, sale_price, status, created_date, updated_date) VALUES (976, 59.95, 47, 'active', '2025-01-01 00:00:00', '2025-01-01 00:00:00');
INSERT INTO product_variants (id, product_id, color_id, size_id, price_id, material_id, season_id, status, created_date, updated_date) VALUES (976, 92, 14, 4, 976, 6, 2, 'active', '2025-01-01 00:00:00', '2025-01-01 00:00:00');
INSERT INTO prices (id, base_price, sale_price, status, created_date, updated_date) VALUES (977, 59.95, 47, 'active', '2025-01-01 00:00:00', '2025-01-01 00:00:00');
INSERT INTO product_variants (id, product_id, color_id, size_id, price_id, material_id, season_id, status, created_date, updated_date) VALUES (977, 92, 11, 7, 977, 6, 4, 'active', '2025-01-01 00:00:00', '2025-01-01 00:00:00');
INSERT INTO prices (id, base_price, sale_price, status, created_date, updated_date) VALUES (978, 59.95, 47, 'active', '2025-01-01 00:00:00', '2025-01-01 00:00:00');
INSERT INTO product_variants (id, product_id, color_id, size_id, price_id, material_id, season_id, status, created_date, updated_date) VALUES (978, 92, 11, 10, 978, 1, 4, 'active', '2025-01-01 00:00:00', '2025-01-01 00:00:00');
INSERT INTO prices (id, base_price, sale_price, status, created_date, updated_date) VALUES (979, 59.95, 47, 'active', '2025-01-01 00:00:00', '2025-01-01 00:00:00');
INSERT INTO product_variants (id, product_id, color_id, size_id, price_id, material_id, season_id, status, created_date, updated_date) VALUES (979, 92, 7, 6, 979, 4, 2, 'active', '2025-01-01 00:00:00', '2025-01-01 00:00:00');
INSERT INTO prices (id, base_price, sale_price, status, created_date, updated_date) VALUES (980, 59.95, 47, 'active', '2025-01-01 00:00:00', '2025-01-01 00:00:00');
INSERT INTO product_variants (id, product_id, color_id, size_id, price_id, material_id, season_id, status, created_date, updated_date) VALUES (980, 92, 7, 4, 980, 3, 1, 'active', '2025-01-01 00:00:00', '2025-01-01 00:00:00');
INSERT INTO prices (id, base_price, sale_price, status, created_date, updated_date) VALUES (981, 59.95, 47, 'active', '2025-01-01 00:00:00', '2025-01-01 00:00:00');
INSERT INTO product_variants (id, product_id, color_id, size_id, price_id, material_id, season_id, status, created_date, updated_date) VALUES (981, 92, 7, 9, 981, 5, 1, 'active', '2025-01-01 00:00:00', '2025-01-01 00:00:00');
INSERT INTO prices (id, base_price, sale_price, status, created_date, updated_date) VALUES (982, 59.95, 47, 'active', '2025-01-01 00:00:00', '2025-01-01 00:00:00');
INSERT INTO product_variants (id, product_id, color_id, size_id, price_id, material_id, season_id, status, created_date, updated_date) VALUES (982, 92, 6, 3, 982, 7, 4, 'active', '2025-01-01 00:00:00', '2025-01-01 00:00:00');
INSERT INTO prices (id, base_price, sale_price, status, created_date, updated_date) VALUES (983, 59.95, 47, 'active', '2025-01-01 00:00:00', '2025-01-01 00:00:00');
INSERT INTO product_variants (id, product_id, color_id, size_id, price_id, material_id, season_id, status, created_date, updated_date) VALUES (983, 92, 6, 1, 983, 2, 2, 'active', '2025-01-01 00:00:00', '2025-01-01 00:00:00');
INSERT INTO product (id, name, description, category_id, status, created_date, updated_date, created_by, updated_by) VALUES (93, 'High Rise VintageSoft Joggers', 'Description for High Rise VintageSoft Joggers', 5, 'active', '2025-01-01 00:00:00', '2025-01-01 00:00:00', 1, 1);
INSERT INTO product_image (id, image_url, display_order, is_primary, product_id, created_date, updated_date) VALUES (583, 'https://www1.assets-gap.com/webcontent/0060/140/015/cn60140015.jpg?q=h&w=1152', 0, 1, 93, '2025-01-01 00:00:00', '2025-01-01 00:00:00');
INSERT INTO product_image (id, image_url, display_order, is_primary, product_id, created_date, updated_date) VALUES (584, 'https://www.gap.com/webcontent/0060/140/010/cn60140010.jpg', 1, 0, 93, '2025-01-01 00:00:00', '2025-01-01 00:00:00');
INSERT INTO product_image (id, image_url, display_order, is_primary, product_id, created_date, updated_date) VALUES (585, 'https://www.gap.com/webcontent/0060/140/022/cn60140022.jpg', 2, 0, 93, '2025-01-01 00:00:00', '2025-01-01 00:00:00');
INSERT INTO product_image (id, image_url, display_order, is_primary, product_id, created_date, updated_date) VALUES (586, 'https://www.gap.com/webcontent/0060/140/026/cn60140026.jpg', 3, 0, 93, '2025-01-01 00:00:00', '2025-01-01 00:00:00');
INSERT INTO product_image (id, image_url, display_order, is_primary, product_id, created_date, updated_date) VALUES (587, 'https://www.gap.com/webcontent/0060/140/034/cn60140034.jpg', 4, 0, 93, '2025-01-01 00:00:00', '2025-01-01 00:00:00');
INSERT INTO product_image (id, image_url, display_order, is_primary, product_id, created_date, updated_date) VALUES (588, 'https://www.gap.com/webcontent/0060/140/039/cn60140039.jpg', 5, 0, 93, '2025-01-01 00:00:00', '2025-01-01 00:00:00');
INSERT INTO product_image (id, image_url, display_order, is_primary, product_id, created_date, updated_date) VALUES (589, 'https://www.gap.com/webcontent/0060/140/051/cn60140051.jpg', 6, 0, 93, '2025-01-01 00:00:00', '2025-01-01 00:00:00');
INSERT INTO prices (id, base_price, sale_price, status, created_date, updated_date) VALUES (984, 59.95, 47, 'active', '2025-01-01 00:00:00', '2025-01-01 00:00:00');
INSERT INTO product_variants (id, product_id, color_id, size_id, price_id, material_id, season_id, status, created_date, updated_date) VALUES (984, 93, 1, 5, 984, 3, 1, 'active', '2025-01-01 00:00:00', '2025-01-01 00:00:00');
INSERT INTO prices (id, base_price, sale_price, status, created_date, updated_date) VALUES (985, 59.95, 47, 'active', '2025-01-01 00:00:00', '2025-01-01 00:00:00');
INSERT INTO product_variants (id, product_id, color_id, size_id, price_id, material_id, season_id, status, created_date, updated_date) VALUES (985, 93, 1, 6, 985, 7, 1, 'active', '2025-01-01 00:00:00', '2025-01-01 00:00:00');
INSERT INTO prices (id, base_price, sale_price, status, created_date, updated_date) VALUES (986, 59.95, 47, 'active', '2025-01-01 00:00:00', '2025-01-01 00:00:00');
INSERT INTO product_variants (id, product_id, color_id, size_id, price_id, material_id, season_id, status, created_date, updated_date) VALUES (986, 93, 1, 9, 986, 4, 1, 'active', '2025-01-01 00:00:00', '2025-01-01 00:00:00');
INSERT INTO prices (id, base_price, sale_price, status, created_date, updated_date) VALUES (987, 59.95, 47, 'active', '2025-01-01 00:00:00', '2025-01-01 00:00:00');
INSERT INTO product_variants (id, product_id, color_id, size_id, price_id, material_id, season_id, status, created_date, updated_date) VALUES (987, 93, 3, 2, 987, 3, 2, 'active', '2025-01-01 00:00:00', '2025-01-01 00:00:00');
INSERT INTO prices (id, base_price, sale_price, status, created_date, updated_date) VALUES (988, 59.95, 47, 'active', '2025-01-01 00:00:00', '2025-01-01 00:00:00');
INSERT INTO product_variants (id, product_id, color_id, size_id, price_id, material_id, season_id, status, created_date, updated_date) VALUES (988, 93, 3, 10, 988, 6, 3, 'active', '2025-01-01 00:00:00', '2025-01-01 00:00:00');
INSERT INTO prices (id, base_price, sale_price, status, created_date, updated_date) VALUES (989, 59.95, 47, 'active', '2025-01-01 00:00:00', '2025-01-01 00:00:00');
INSERT INTO product_variants (id, product_id, color_id, size_id, price_id, material_id, season_id, status, created_date, updated_date) VALUES (989, 93, 3, 3, 989, 3, 3, 'active', '2025-01-01 00:00:00', '2025-01-01 00:00:00');
INSERT INTO prices (id, base_price, sale_price, status, created_date, updated_date) VALUES (990, 59.95, 47, 'active', '2025-01-01 00:00:00', '2025-01-01 00:00:00');
INSERT INTO product_variants (id, product_id, color_id, size_id, price_id, material_id, season_id, status, created_date, updated_date) VALUES (990, 93, 9, 5, 990, 7, 4, 'active', '2025-01-01 00:00:00', '2025-01-01 00:00:00');
INSERT INTO prices (id, base_price, sale_price, status, created_date, updated_date) VALUES (991, 59.95, 47, 'active', '2025-01-01 00:00:00', '2025-01-01 00:00:00');
INSERT INTO product_variants (id, product_id, color_id, size_id, price_id, material_id, season_id, status, created_date, updated_date) VALUES (991, 93, 9, 7, 991, 3, 2, 'active', '2025-01-01 00:00:00', '2025-01-01 00:00:00');
INSERT INTO prices (id, base_price, sale_price, status, created_date, updated_date) VALUES (992, 59.95, 47, 'active', '2025-01-01 00:00:00', '2025-01-01 00:00:00');
INSERT INTO product_variants (id, product_id, color_id, size_id, price_id, material_id, season_id, status, created_date, updated_date) VALUES (992, 93, 3, 7, 992, 2, 3, 'active', '2025-01-01 00:00:00', '2025-01-01 00:00:00');
INSERT INTO prices (id, base_price, sale_price, status, created_date, updated_date) VALUES (993, 59.95, 47, 'active', '2025-01-01 00:00:00', '2025-01-01 00:00:00');
INSERT INTO product_variants (id, product_id, color_id, size_id, price_id, material_id, season_id, status, created_date, updated_date) VALUES (993, 93, 3, 4, 993, 4, 2, 'active', '2025-01-01 00:00:00', '2025-01-01 00:00:00');
INSERT INTO prices (id, base_price, sale_price, status, created_date, updated_date) VALUES (994, 59.95, 47, 'active', '2025-01-01 00:00:00', '2025-01-01 00:00:00');
INSERT INTO product_variants (id, product_id, color_id, size_id, price_id, material_id, season_id, status, created_date, updated_date) VALUES (994, 93, 3, 2, 994, 5, 4, 'active', '2025-01-01 00:00:00', '2025-01-01 00:00:00');
INSERT INTO prices (id, base_price, sale_price, status, created_date, updated_date) VALUES (995, 59.95, 47, 'active', '2025-01-01 00:00:00', '2025-01-01 00:00:00');
INSERT INTO product_variants (id, product_id, color_id, size_id, price_id, material_id, season_id, status, created_date, updated_date) VALUES (995, 93, 11, 3, 995, 4, 1, 'active', '2025-01-01 00:00:00', '2025-01-01 00:00:00');
INSERT INTO prices (id, base_price, sale_price, status, created_date, updated_date) VALUES (996, 59.95, 47, 'active', '2025-01-01 00:00:00', '2025-01-01 00:00:00');
INSERT INTO product_variants (id, product_id, color_id, size_id, price_id, material_id, season_id, status, created_date, updated_date) VALUES (996, 93, 11, 10, 996, 7, 1, 'active', '2025-01-01 00:00:00', '2025-01-01 00:00:00');
INSERT INTO prices (id, base_price, sale_price, status, created_date, updated_date) VALUES (997, 59.95, 47, 'active', '2025-01-01 00:00:00', '2025-01-01 00:00:00');
INSERT INTO product_variants (id, product_id, color_id, size_id, price_id, material_id, season_id, status, created_date, updated_date) VALUES (997, 93, 4, 6, 997, 6, 1, 'active', '2025-01-01 00:00:00', '2025-01-01 00:00:00');
INSERT INTO prices (id, base_price, sale_price, status, created_date, updated_date) VALUES (998, 59.95, 47, 'active', '2025-01-01 00:00:00', '2025-01-01 00:00:00');
INSERT INTO product_variants (id, product_id, color_id, size_id, price_id, material_id, season_id, status, created_date, updated_date) VALUES (998, 93, 4, 3, 998, 5, 4, 'active', '2025-01-01 00:00:00', '2025-01-01 00:00:00');
INSERT INTO prices (id, base_price, sale_price, status, created_date, updated_date) VALUES (999, 59.95, 47, 'active', '2025-01-01 00:00:00', '2025-01-01 00:00:00');
INSERT INTO product_variants (id, product_id, color_id, size_id, price_id, material_id, season_id, status, created_date, updated_date) VALUES (999, 93, 4, 7, 999, 7, 4, 'active', '2025-01-01 00:00:00', '2025-01-01 00:00:00');
INSERT INTO prices (id, base_price, sale_price, status, created_date, updated_date) VALUES (1000, 59.95, 47, 'active', '2025-01-01 00:00:00', '2025-01-01 00:00:00');
INSERT INTO product_variants (id, product_id, color_id, size_id, price_id, material_id, season_id, status, created_date, updated_date) VALUES (1000, 93, 4, 6, 1000, 3, 1, 'active', '2025-01-01 00:00:00', '2025-01-01 00:00:00');
INSERT INTO prices (id, base_price, sale_price, status, created_date, updated_date) VALUES (1001, 59.95, 47, 'active', '2025-01-01 00:00:00', '2025-01-01 00:00:00');
INSERT INTO product_variants (id, product_id, color_id, size_id, price_id, material_id, season_id, status, created_date, updated_date) VALUES (1001, 93, 4, 8, 1001, 5, 1, 'active', '2025-01-01 00:00:00', '2025-01-01 00:00:00');
INSERT INTO prices (id, base_price, sale_price, status, created_date, updated_date) VALUES (1002, 59.95, 47, 'active', '2025-01-01 00:00:00', '2025-01-01 00:00:00');
INSERT INTO product_variants (id, product_id, color_id, size_id, price_id, material_id, season_id, status, created_date, updated_date) VALUES (1002, 93, 2, 10, 1002, 6, 4, 'active', '2025-01-01 00:00:00', '2025-01-01 00:00:00');
INSERT INTO prices (id, base_price, sale_price, status, created_date, updated_date) VALUES (1003, 59.95, 47, 'active', '2025-01-01 00:00:00', '2025-01-01 00:00:00');
INSERT INTO product_variants (id, product_id, color_id, size_id, price_id, material_id, season_id, status, created_date, updated_date) VALUES (1003, 93, 2, 7, 1003, 6, 3, 'active', '2025-01-01 00:00:00', '2025-01-01 00:00:00');
INSERT INTO prices (id, base_price, sale_price, status, created_date, updated_date) VALUES (1004, 59.95, 47, 'active', '2025-01-01 00:00:00', '2025-01-01 00:00:00');
INSERT INTO product_variants (id, product_id, color_id, size_id, price_id, material_id, season_id, status, created_date, updated_date) VALUES (1004, 93, 2, 5, 1004, 4, 3, 'active', '2025-01-01 00:00:00', '2025-01-01 00:00:00');
INSERT INTO prices (id, base_price, sale_price, status, created_date, updated_date) VALUES (1005, 59.95, 47, 'active', '2025-01-01 00:00:00', '2025-01-01 00:00:00');
INSERT INTO product_variants (id, product_id, color_id, size_id, price_id, material_id, season_id, status, created_date, updated_date) VALUES (1005, 93, 10, 6, 1005, 5, 2, 'active', '2025-01-01 00:00:00', '2025-01-01 00:00:00');
INSERT INTO prices (id, base_price, sale_price, status, created_date, updated_date) VALUES (1006, 59.95, 47, 'active', '2025-01-01 00:00:00', '2025-01-01 00:00:00');
INSERT INTO product_variants (id, product_id, color_id, size_id, price_id, material_id, season_id, status, created_date, updated_date) VALUES (1006, 93, 10, 9, 1006, 6, 4, 'active', '2025-01-01 00:00:00', '2025-01-01 00:00:00');
INSERT INTO prices (id, base_price, sale_price, status, created_date, updated_date) VALUES (1007, 59.95, 47, 'active', '2025-01-01 00:00:00', '2025-01-01 00:00:00');
INSERT INTO product_variants (id, product_id, color_id, size_id, price_id, material_id, season_id, status, created_date, updated_date) VALUES (1007, 93, 10, 1, 1007, 4, 4, 'active', '2025-01-01 00:00:00', '2025-01-01 00:00:00');
INSERT INTO prices (id, base_price, sale_price, status, created_date, updated_date) VALUES (1008, 59.95, 47, 'active', '2025-01-01 00:00:00', '2025-01-01 00:00:00');
INSERT INTO product_variants (id, product_id, color_id, size_id, price_id, material_id, season_id, status, created_date, updated_date) VALUES (1008, 93, 3, 2, 1008, 7, 4, 'active', '2025-01-01 00:00:00', '2025-01-01 00:00:00');
INSERT INTO prices (id, base_price, sale_price, status, created_date, updated_date) VALUES (1009, 59.95, 47, 'active', '2025-01-01 00:00:00', '2025-01-01 00:00:00');
INSERT INTO product_variants (id, product_id, color_id, size_id, price_id, material_id, season_id, status, created_date, updated_date) VALUES (1009, 93, 3, 9, 1009, 7, 1, 'active', '2025-01-01 00:00:00', '2025-01-01 00:00:00');
INSERT INTO prices (id, base_price, sale_price, status, created_date, updated_date) VALUES (1010, 59.95, 47, 'active', '2025-01-01 00:00:00', '2025-01-01 00:00:00');
INSERT INTO product_variants (id, product_id, color_id, size_id, price_id, material_id, season_id, status, created_date, updated_date) VALUES (1010, 93, 9, 1, 1010, 4, 1, 'active', '2025-01-01 00:00:00', '2025-01-01 00:00:00');
INSERT INTO prices (id, base_price, sale_price, status, created_date, updated_date) VALUES (1011, 59.95, 47, 'active', '2025-01-01 00:00:00', '2025-01-01 00:00:00');
INSERT INTO product_variants (id, product_id, color_id, size_id, price_id, material_id, season_id, status, created_date, updated_date) VALUES (1011, 93, 9, 5, 1011, 7, 3, 'active', '2025-01-01 00:00:00', '2025-01-01 00:00:00');
INSERT INTO prices (id, base_price, sale_price, status, created_date, updated_date) VALUES (1012, 59.95, 47, 'active', '2025-01-01 00:00:00', '2025-01-01 00:00:00');
INSERT INTO product_variants (id, product_id, color_id, size_id, price_id, material_id, season_id, status, created_date, updated_date) VALUES (1012, 93, 2, 3, 1012, 5, 3, 'active', '2025-01-01 00:00:00', '2025-01-01 00:00:00');
INSERT INTO prices (id, base_price, sale_price, status, created_date, updated_date) VALUES (1013, 59.95, 47, 'active', '2025-01-01 00:00:00', '2025-01-01 00:00:00');
INSERT INTO product_variants (id, product_id, color_id, size_id, price_id, material_id, season_id, status, created_date, updated_date) VALUES (1013, 93, 2, 10, 1013, 7, 1, 'active', '2025-01-01 00:00:00', '2025-01-01 00:00:00');
INSERT INTO prices (id, base_price, sale_price, status, created_date, updated_date) VALUES (1014, 59.95, 47, 'active', '2025-01-01 00:00:00', '2025-01-01 00:00:00');
INSERT INTO product_variants (id, product_id, color_id, size_id, price_id, material_id, season_id, status, created_date, updated_date) VALUES (1014, 93, 2, 2, 1014, 5, 3, 'active', '2025-01-01 00:00:00', '2025-01-01 00:00:00');
INSERT INTO prices (id, base_price, sale_price, status, created_date, updated_date) VALUES (1015, 59.95, 47, 'active', '2025-01-01 00:00:00', '2025-01-01 00:00:00');
INSERT INTO product_variants (id, product_id, color_id, size_id, price_id, material_id, season_id, status, created_date, updated_date) VALUES (1015, 93, 3, 7, 1015, 2, 1, 'active', '2025-01-01 00:00:00', '2025-01-01 00:00:00');
INSERT INTO prices (id, base_price, sale_price, status, created_date, updated_date) VALUES (1016, 59.95, 47, 'active', '2025-01-01 00:00:00', '2025-01-01 00:00:00');
INSERT INTO product_variants (id, product_id, color_id, size_id, price_id, material_id, season_id, status, created_date, updated_date) VALUES (1016, 93, 3, 3, 1016, 6, 2, 'active', '2025-01-01 00:00:00', '2025-01-01 00:00:00');
INSERT INTO prices (id, base_price, sale_price, status, created_date, updated_date) VALUES (1017, 59.95, 47, 'active', '2025-01-01 00:00:00', '2025-01-01 00:00:00');
INSERT INTO product_variants (id, product_id, color_id, size_id, price_id, material_id, season_id, status, created_date, updated_date) VALUES (1017, 93, 14, 4, 1017, 2, 3, 'active', '2025-01-01 00:00:00', '2025-01-01 00:00:00');
INSERT INTO prices (id, base_price, sale_price, status, created_date, updated_date) VALUES (1018, 59.95, 47, 'active', '2025-01-01 00:00:00', '2025-01-01 00:00:00');
INSERT INTO product_variants (id, product_id, color_id, size_id, price_id, material_id, season_id, status, created_date, updated_date) VALUES (1018, 93, 14, 3, 1018, 6, 1, 'active', '2025-01-01 00:00:00', '2025-01-01 00:00:00');
INSERT INTO prices (id, base_price, sale_price, status, created_date, updated_date) VALUES (1019, 59.95, 47, 'active', '2025-01-01 00:00:00', '2025-01-01 00:00:00');
INSERT INTO product_variants (id, product_id, color_id, size_id, price_id, material_id, season_id, status, created_date, updated_date) VALUES (1019, 93, 14, 7, 1019, 6, 4, 'active', '2025-01-01 00:00:00', '2025-01-01 00:00:00');
INSERT INTO prices (id, base_price, sale_price, status, created_date, updated_date) VALUES (1020, 59.95, 47, 'active', '2025-01-01 00:00:00', '2025-01-01 00:00:00');
INSERT INTO product_variants (id, product_id, color_id, size_id, price_id, material_id, season_id, status, created_date, updated_date) VALUES (1020, 93, 11, 10, 1020, 4, 3, 'active', '2025-01-01 00:00:00', '2025-01-01 00:00:00');
INSERT INTO prices (id, base_price, sale_price, status, created_date, updated_date) VALUES (1021, 59.95, 47, 'active', '2025-01-01 00:00:00', '2025-01-01 00:00:00');
INSERT INTO product_variants (id, product_id, color_id, size_id, price_id, material_id, season_id, status, created_date, updated_date) VALUES (1021, 93, 11, 8, 1021, 7, 3, 'active', '2025-01-01 00:00:00', '2025-01-01 00:00:00');
INSERT INTO prices (id, base_price, sale_price, status, created_date, updated_date) VALUES (1022, 59.95, 47, 'active', '2025-01-01 00:00:00', '2025-01-01 00:00:00');
INSERT INTO product_variants (id, product_id, color_id, size_id, price_id, material_id, season_id, status, created_date, updated_date) VALUES (1022, 93, 7, 5, 1022, 1, 2, 'active', '2025-01-01 00:00:00', '2025-01-01 00:00:00');
INSERT INTO prices (id, base_price, sale_price, status, created_date, updated_date) VALUES (1023, 59.95, 47, 'active', '2025-01-01 00:00:00', '2025-01-01 00:00:00');
INSERT INTO product_variants (id, product_id, color_id, size_id, price_id, material_id, season_id, status, created_date, updated_date) VALUES (1023, 93, 7, 4, 1023, 1, 4, 'active', '2025-01-01 00:00:00', '2025-01-01 00:00:00');
INSERT INTO prices (id, base_price, sale_price, status, created_date, updated_date) VALUES (1024, 59.95, 47, 'active', '2025-01-01 00:00:00', '2025-01-01 00:00:00');
INSERT INTO product_variants (id, product_id, color_id, size_id, price_id, material_id, season_id, status, created_date, updated_date) VALUES (1024, 93, 7, 2, 1024, 3, 3, 'active', '2025-01-01 00:00:00', '2025-01-01 00:00:00');
INSERT INTO prices (id, base_price, sale_price, status, created_date, updated_date) VALUES (1025, 59.95, 47, 'active', '2025-01-01 00:00:00', '2025-01-01 00:00:00');
INSERT INTO product_variants (id, product_id, color_id, size_id, price_id, material_id, season_id, status, created_date, updated_date) VALUES (1025, 93, 6, 7, 1025, 2, 4, 'active', '2025-01-01 00:00:00', '2025-01-01 00:00:00');
INSERT INTO prices (id, base_price, sale_price, status, created_date, updated_date) VALUES (1026, 59.95, 47, 'active', '2025-01-01 00:00:00', '2025-01-01 00:00:00');
INSERT INTO product_variants (id, product_id, color_id, size_id, price_id, material_id, season_id, status, created_date, updated_date) VALUES (1026, 93, 6, 4, 1026, 5, 2, 'active', '2025-01-01 00:00:00', '2025-01-01 00:00:00');
INSERT INTO prices (id, base_price, sale_price, status, created_date, updated_date) VALUES (1027, 59.95, 47, 'active', '2025-01-01 00:00:00', '2025-01-01 00:00:00');
INSERT INTO product_variants (id, product_id, color_id, size_id, price_id, material_id, season_id, status, created_date, updated_date) VALUES (1027, 93, 6, 8, 1027, 3, 4, 'active', '2025-01-01 00:00:00', '2025-01-01 00:00:00');
INSERT INTO product (id, name, description, category_id, status, created_date, updated_date, created_by, updated_by) VALUES (94, 'Cotton-Blend Relaxed Crewneck Sweater', 'Description for Cotton-Blend Relaxed Crewneck Sweater', 5, 'active', '2025-01-01 00:00:00', '2025-01-01 00:00:00', 1, 1);
INSERT INTO product_image (id, image_url, display_order, is_primary, product_id, created_date, updated_date) VALUES (590, 'https://www1.assets-gap.com/webcontent/0060/633/052/cn60633052.jpg?q=h&w=1152', 0, 1, 94, '2025-01-01 00:00:00', '2025-01-01 00:00:00');
INSERT INTO product_image (id, image_url, display_order, is_primary, product_id, created_date, updated_date) VALUES (591, 'https://www.gap.com/webcontent/0060/633/042/cn60633042.jpg', 1, 0, 94, '2025-01-01 00:00:00', '2025-01-01 00:00:00');
INSERT INTO product_image (id, image_url, display_order, is_primary, product_id, created_date, updated_date) VALUES (592, 'https://www.gap.com/webcontent/0060/630/003/cn60630003.jpg', 2, 0, 94, '2025-01-01 00:00:00', '2025-01-01 00:00:00');
INSERT INTO product_image (id, image_url, display_order, is_primary, product_id, created_date, updated_date) VALUES (593, 'https://www.gap.com/webcontent/0060/630/080/cn60630080.jpg', 3, 0, 94, '2025-01-01 00:00:00', '2025-01-01 00:00:00');
INSERT INTO product_image (id, image_url, display_order, is_primary, product_id, created_date, updated_date) VALUES (594, 'https://www.gap.com/webcontent/0060/630/119/cn60630119.jpg', 4, 0, 94, '2025-01-01 00:00:00', '2025-01-01 00:00:00');
INSERT INTO product_image (id, image_url, display_order, is_primary, product_id, created_date, updated_date) VALUES (595, 'https://www.gap.com/webcontent/0060/630/166/cn60630166.jpg', 5, 0, 94, '2025-01-01 00:00:00', '2025-01-01 00:00:00');
INSERT INTO prices (id, base_price, sale_price, status, created_date, updated_date) VALUES (1028, 79.95, 63, 'active', '2025-01-01 00:00:00', '2025-01-01 00:00:00');
INSERT INTO product_variants (id, product_id, color_id, size_id, price_id, material_id, season_id, status, created_date, updated_date) VALUES (1028, 94, 5, 10, 1028, 5, 1, 'active', '2025-01-01 00:00:00', '2025-01-01 00:00:00');
INSERT INTO prices (id, base_price, sale_price, status, created_date, updated_date) VALUES (1029, 79.95, 63, 'active', '2025-01-01 00:00:00', '2025-01-01 00:00:00');
INSERT INTO product_variants (id, product_id, color_id, size_id, price_id, material_id, season_id, status, created_date, updated_date) VALUES (1029, 94, 5, 9, 1029, 1, 2, 'active', '2025-01-01 00:00:00', '2025-01-01 00:00:00');
INSERT INTO prices (id, base_price, sale_price, status, created_date, updated_date) VALUES (1030, 79.95, 63, 'active', '2025-01-01 00:00:00', '2025-01-01 00:00:00');
INSERT INTO product_variants (id, product_id, color_id, size_id, price_id, material_id, season_id, status, created_date, updated_date) VALUES (1030, 94, 2, 8, 1030, 1, 3, 'active', '2025-01-01 00:00:00', '2025-01-01 00:00:00');
INSERT INTO prices (id, base_price, sale_price, status, created_date, updated_date) VALUES (1031, 79.95, 63, 'active', '2025-01-01 00:00:00', '2025-01-01 00:00:00');
INSERT INTO product_variants (id, product_id, color_id, size_id, price_id, material_id, season_id, status, created_date, updated_date) VALUES (1031, 94, 2, 2, 1031, 1, 2, 'active', '2025-01-01 00:00:00', '2025-01-01 00:00:00');
INSERT INTO prices (id, base_price, sale_price, status, created_date, updated_date) VALUES (1032, 79.95, 63, 'active', '2025-01-01 00:00:00', '2025-01-01 00:00:00');
INSERT INTO product_variants (id, product_id, color_id, size_id, price_id, material_id, season_id, status, created_date, updated_date) VALUES (1032, 94, 3, 7, 1032, 5, 3, 'active', '2025-01-01 00:00:00', '2025-01-01 00:00:00');
INSERT INTO prices (id, base_price, sale_price, status, created_date, updated_date) VALUES (1033, 79.95, 63, 'active', '2025-01-01 00:00:00', '2025-01-01 00:00:00');
INSERT INTO product_variants (id, product_id, color_id, size_id, price_id, material_id, season_id, status, created_date, updated_date) VALUES (1033, 94, 3, 10, 1033, 2, 3, 'active', '2025-01-01 00:00:00', '2025-01-01 00:00:00');
INSERT INTO prices (id, base_price, sale_price, status, created_date, updated_date) VALUES (1034, 79.95, 63, 'active', '2025-01-01 00:00:00', '2025-01-01 00:00:00');
INSERT INTO product_variants (id, product_id, color_id, size_id, price_id, material_id, season_id, status, created_date, updated_date) VALUES (1034, 94, 3, 8, 1034, 2, 3, 'active', '2025-01-01 00:00:00', '2025-01-01 00:00:00');
INSERT INTO prices (id, base_price, sale_price, status, created_date, updated_date) VALUES (1035, 79.95, 63, 'active', '2025-01-01 00:00:00', '2025-01-01 00:00:00');
INSERT INTO product_variants (id, product_id, color_id, size_id, price_id, material_id, season_id, status, created_date, updated_date) VALUES (1035, 94, 11, 4, 1035, 3, 3, 'active', '2025-01-01 00:00:00', '2025-01-01 00:00:00');
INSERT INTO prices (id, base_price, sale_price, status, created_date, updated_date) VALUES (1036, 79.95, 63, 'active', '2025-01-01 00:00:00', '2025-01-01 00:00:00');
INSERT INTO product_variants (id, product_id, color_id, size_id, price_id, material_id, season_id, status, created_date, updated_date) VALUES (1036, 94, 14, 2, 1036, 1, 2, 'active', '2025-01-01 00:00:00', '2025-01-01 00:00:00');
INSERT INTO prices (id, base_price, sale_price, status, created_date, updated_date) VALUES (1037, 79.95, 63, 'active', '2025-01-01 00:00:00', '2025-01-01 00:00:00');
INSERT INTO product_variants (id, product_id, color_id, size_id, price_id, material_id, season_id, status, created_date, updated_date) VALUES (1037, 94, 14, 1, 1037, 1, 2, 'active', '2025-01-01 00:00:00', '2025-01-01 00:00:00');
INSERT INTO product (id, name, description, category_id, status, created_date, updated_date, created_by, updated_by) VALUES (95, 'Cotton-Blend Relaxed Crewneck Sweater', 'Description for Cotton-Blend Relaxed Crewneck Sweater', 5, 'active', '2025-01-01 00:00:00', '2025-01-01 00:00:00', 1, 1);
INSERT INTO product_image (id, image_url, display_order, is_primary, product_id, created_date, updated_date) VALUES (596, 'https://www1.assets-gap.com/webcontent/0060/617/785/cn60617785.jpg?q=h&w=1152', 0, 1, 95, '2025-01-01 00:00:00', '2025-01-01 00:00:00');
INSERT INTO product_image (id, image_url, display_order, is_primary, product_id, created_date, updated_date) VALUES (597, 'https://www.gap.com/webcontent/0060/617/756/cn60617756.jpg', 1, 0, 95, '2025-01-01 00:00:00', '2025-01-01 00:00:00');
INSERT INTO product_image (id, image_url, display_order, is_primary, product_id, created_date, updated_date) VALUES (598, 'https://www.gap.com/webcontent/0060/617/614/cn60617614.jpg', 2, 0, 95, '2025-01-01 00:00:00', '2025-01-01 00:00:00');
INSERT INTO product_image (id, image_url, display_order, is_primary, product_id, created_date, updated_date) VALUES (599, 'https://www.gap.com/webcontent/0060/617/632/cn60617632.jpg', 3, 0, 95, '2025-01-01 00:00:00', '2025-01-01 00:00:00');
INSERT INTO product_image (id, image_url, display_order, is_primary, product_id, created_date, updated_date) VALUES (600, 'https://www.gap.com/webcontent/0060/653/236/cn60653236.jpg', 4, 0, 95, '2025-01-01 00:00:00', '2025-01-01 00:00:00');
INSERT INTO product_image (id, image_url, display_order, is_primary, product_id, created_date, updated_date) VALUES (601, 'https://www.gap.com/webcontent/0060/377/595/cn60377595.jpg', 5, 0, 95, '2025-01-01 00:00:00', '2025-01-01 00:00:00');
INSERT INTO prices (id, base_price, sale_price, status, created_date, updated_date) VALUES (1038, 79.95, 63, 'active', '2025-01-01 00:00:00', '2025-01-01 00:00:00');
INSERT INTO product_variants (id, product_id, color_id, size_id, price_id, material_id, season_id, status, created_date, updated_date) VALUES (1038, 95, 5, 8, 1038, 2, 4, 'active', '2025-01-01 00:00:00', '2025-01-01 00:00:00');
INSERT INTO prices (id, base_price, sale_price, status, created_date, updated_date) VALUES (1039, 79.95, 63, 'active', '2025-01-01 00:00:00', '2025-01-01 00:00:00');
INSERT INTO product_variants (id, product_id, color_id, size_id, price_id, material_id, season_id, status, created_date, updated_date) VALUES (1039, 95, 5, 4, 1039, 7, 4, 'active', '2025-01-01 00:00:00', '2025-01-01 00:00:00');
INSERT INTO prices (id, base_price, sale_price, status, created_date, updated_date) VALUES (1040, 79.95, 63, 'active', '2025-01-01 00:00:00', '2025-01-01 00:00:00');
INSERT INTO product_variants (id, product_id, color_id, size_id, price_id, material_id, season_id, status, created_date, updated_date) VALUES (1040, 95, 2, 3, 1040, 3, 4, 'active', '2025-01-01 00:00:00', '2025-01-01 00:00:00');
INSERT INTO prices (id, base_price, sale_price, status, created_date, updated_date) VALUES (1041, 79.95, 63, 'active', '2025-01-01 00:00:00', '2025-01-01 00:00:00');
INSERT INTO product_variants (id, product_id, color_id, size_id, price_id, material_id, season_id, status, created_date, updated_date) VALUES (1041, 95, 2, 4, 1041, 5, 3, 'active', '2025-01-01 00:00:00', '2025-01-01 00:00:00');
INSERT INTO prices (id, base_price, sale_price, status, created_date, updated_date) VALUES (1042, 79.95, 63, 'active', '2025-01-01 00:00:00', '2025-01-01 00:00:00');
INSERT INTO product_variants (id, product_id, color_id, size_id, price_id, material_id, season_id, status, created_date, updated_date) VALUES (1042, 95, 3, 8, 1042, 1, 4, 'active', '2025-01-01 00:00:00', '2025-01-01 00:00:00');
INSERT INTO prices (id, base_price, sale_price, status, created_date, updated_date) VALUES (1043, 79.95, 63, 'active', '2025-01-01 00:00:00', '2025-01-01 00:00:00');
INSERT INTO product_variants (id, product_id, color_id, size_id, price_id, material_id, season_id, status, created_date, updated_date) VALUES (1043, 95, 3, 6, 1043, 7, 2, 'active', '2025-01-01 00:00:00', '2025-01-01 00:00:00');
INSERT INTO prices (id, base_price, sale_price, status, created_date, updated_date) VALUES (1044, 79.95, 63, 'active', '2025-01-01 00:00:00', '2025-01-01 00:00:00');
INSERT INTO product_variants (id, product_id, color_id, size_id, price_id, material_id, season_id, status, created_date, updated_date) VALUES (1044, 95, 3, 2, 1044, 5, 4, 'active', '2025-01-01 00:00:00', '2025-01-01 00:00:00');
INSERT INTO prices (id, base_price, sale_price, status, created_date, updated_date) VALUES (1045, 79.95, 63, 'active', '2025-01-01 00:00:00', '2025-01-01 00:00:00');
INSERT INTO product_variants (id, product_id, color_id, size_id, price_id, material_id, season_id, status, created_date, updated_date) VALUES (1045, 95, 11, 4, 1045, 4, 2, 'active', '2025-01-01 00:00:00', '2025-01-01 00:00:00');
INSERT INTO prices (id, base_price, sale_price, status, created_date, updated_date) VALUES (1046, 79.95, 63, 'active', '2025-01-01 00:00:00', '2025-01-01 00:00:00');
INSERT INTO product_variants (id, product_id, color_id, size_id, price_id, material_id, season_id, status, created_date, updated_date) VALUES (1046, 95, 11, 7, 1046, 2, 3, 'active', '2025-01-01 00:00:00', '2025-01-01 00:00:00');
INSERT INTO prices (id, base_price, sale_price, status, created_date, updated_date) VALUES (1047, 79.95, 63, 'active', '2025-01-01 00:00:00', '2025-01-01 00:00:00');
INSERT INTO product_variants (id, product_id, color_id, size_id, price_id, material_id, season_id, status, created_date, updated_date) VALUES (1047, 95, 14, 3, 1047, 4, 2, 'active', '2025-01-01 00:00:00', '2025-01-01 00:00:00');
INSERT INTO prices (id, base_price, sale_price, status, created_date, updated_date) VALUES (1048, 79.95, 63, 'active', '2025-01-01 00:00:00', '2025-01-01 00:00:00');
INSERT INTO product_variants (id, product_id, color_id, size_id, price_id, material_id, season_id, status, created_date, updated_date) VALUES (1048, 95, 14, 9, 1048, 5, 2, 'active', '2025-01-01 00:00:00', '2025-01-01 00:00:00');
INSERT INTO product (id, name, description, category_id, status, created_date, updated_date, created_by, updated_by) VALUES (96, 'VintageSoft Logo Wedge Sweatshirt', 'Description for VintageSoft Logo Wedge Sweatshirt', 5, 'active', '2025-01-01 00:00:00', '2025-01-01 00:00:00', 1, 1);
INSERT INTO product_image (id, image_url, display_order, is_primary, product_id, created_date, updated_date) VALUES (602, 'https://www1.assets-gap.com/webcontent/0060/124/563/cn60124563.jpg?q=h&w=1152', 0, 1, 96, '2025-01-01 00:00:00', '2025-01-01 00:00:00');
INSERT INTO product_image (id, image_url, display_order, is_primary, product_id, created_date, updated_date) VALUES (603, 'https://www.gap.com/webcontent/0056/347/750/cn56347750.jpg', 1, 0, 96, '2025-01-01 00:00:00', '2025-01-01 00:00:00');
INSERT INTO product_image (id, image_url, display_order, is_primary, product_id, created_date, updated_date) VALUES (604, 'https://www.gap.com/webcontent/0056/347/630/cn56347630.jpg', 2, 0, 96, '2025-01-01 00:00:00', '2025-01-01 00:00:00');
INSERT INTO product_image (id, image_url, display_order, is_primary, product_id, created_date, updated_date) VALUES (605, 'https://www.gap.com/webcontent/0056/347/637/cn56347637.jpg', 3, 0, 96, '2025-01-01 00:00:00', '2025-01-01 00:00:00');
INSERT INTO product_image (id, image_url, display_order, is_primary, product_id, created_date, updated_date) VALUES (606, 'https://www.gap.com/webcontent/0056/168/364/cn56168364.jpg', 4, 0, 96, '2025-01-01 00:00:00', '2025-01-01 00:00:00');
INSERT INTO prices (id, base_price, sale_price, status, created_date, updated_date) VALUES (1049, 59.95, 29, 'active', '2025-01-01 00:00:00', '2025-01-01 00:00:00');
INSERT INTO product_variants (id, product_id, color_id, size_id, price_id, material_id, season_id, status, created_date, updated_date) VALUES (1049, 96, 4, 10, 1049, 7, 3, 'active', '2025-01-01 00:00:00', '2025-01-01 00:00:00');
INSERT INTO prices (id, base_price, sale_price, status, created_date, updated_date) VALUES (1050, 59.95, 29, 'active', '2025-01-01 00:00:00', '2025-01-01 00:00:00');
INSERT INTO product_variants (id, product_id, color_id, size_id, price_id, material_id, season_id, status, created_date, updated_date) VALUES (1050, 96, 4, 8, 1050, 5, 3, 'active', '2025-01-01 00:00:00', '2025-01-01 00:00:00');
INSERT INTO prices (id, base_price, sale_price, status, created_date, updated_date) VALUES (1051, 59.95, 29, 'active', '2025-01-01 00:00:00', '2025-01-01 00:00:00');
INSERT INTO product_variants (id, product_id, color_id, size_id, price_id, material_id, season_id, status, created_date, updated_date) VALUES (1051, 96, 4, 3, 1051, 3, 4, 'active', '2025-01-01 00:00:00', '2025-01-01 00:00:00');
INSERT INTO prices (id, base_price, sale_price, status, created_date, updated_date) VALUES (1052, 59.95, 29, 'active', '2025-01-01 00:00:00', '2025-01-01 00:00:00');
INSERT INTO product_variants (id, product_id, color_id, size_id, price_id, material_id, season_id, status, created_date, updated_date) VALUES (1052, 96, 11, 1, 1052, 5, 3, 'active', '2025-01-01 00:00:00', '2025-01-01 00:00:00');
INSERT INTO prices (id, base_price, sale_price, status, created_date, updated_date) VALUES (1053, 59.95, 29, 'active', '2025-01-01 00:00:00', '2025-01-01 00:00:00');
INSERT INTO product_variants (id, product_id, color_id, size_id, price_id, material_id, season_id, status, created_date, updated_date) VALUES (1053, 96, 11, 10, 1053, 6, 3, 'active', '2025-01-01 00:00:00', '2025-01-01 00:00:00');
INSERT INTO prices (id, base_price, sale_price, status, created_date, updated_date) VALUES (1054, 59.95, 29, 'active', '2025-01-01 00:00:00', '2025-01-01 00:00:00');
INSERT INTO product_variants (id, product_id, color_id, size_id, price_id, material_id, season_id, status, created_date, updated_date) VALUES (1054, 96, 3, 2, 1054, 4, 4, 'active', '2025-01-01 00:00:00', '2025-01-01 00:00:00');
INSERT INTO prices (id, base_price, sale_price, status, created_date, updated_date) VALUES (1055, 59.95, 29, 'active', '2025-01-01 00:00:00', '2025-01-01 00:00:00');
INSERT INTO product_variants (id, product_id, color_id, size_id, price_id, material_id, season_id, status, created_date, updated_date) VALUES (1055, 96, 3, 5, 1055, 2, 3, 'active', '2025-01-01 00:00:00', '2025-01-01 00:00:00');
INSERT INTO prices (id, base_price, sale_price, status, created_date, updated_date) VALUES (1056, 59.95, 29, 'active', '2025-01-01 00:00:00', '2025-01-01 00:00:00');
INSERT INTO product_variants (id, product_id, color_id, size_id, price_id, material_id, season_id, status, created_date, updated_date) VALUES (1056, 96, 3, 3, 1056, 4, 2, 'active', '2025-01-01 00:00:00', '2025-01-01 00:00:00');
INSERT INTO prices (id, base_price, sale_price, status, created_date, updated_date) VALUES (1057, 59.95, 29, 'active', '2025-01-01 00:00:00', '2025-01-01 00:00:00');
INSERT INTO product_variants (id, product_id, color_id, size_id, price_id, material_id, season_id, status, created_date, updated_date) VALUES (1057, 96, 3, 9, 1057, 7, 3, 'active', '2025-01-01 00:00:00', '2025-01-01 00:00:00');
INSERT INTO prices (id, base_price, sale_price, status, created_date, updated_date) VALUES (1058, 59.95, 29, 'active', '2025-01-01 00:00:00', '2025-01-01 00:00:00');
INSERT INTO product_variants (id, product_id, color_id, size_id, price_id, material_id, season_id, status, created_date, updated_date) VALUES (1058, 96, 3, 2, 1058, 5, 2, 'active', '2025-01-01 00:00:00', '2025-01-01 00:00:00');
INSERT INTO prices (id, base_price, sale_price, status, created_date, updated_date) VALUES (1059, 59.95, 29, 'active', '2025-01-01 00:00:00', '2025-01-01 00:00:00');
INSERT INTO product_variants (id, product_id, color_id, size_id, price_id, material_id, season_id, status, created_date, updated_date) VALUES (1059, 96, 6, 2, 1059, 5, 1, 'active', '2025-01-01 00:00:00', '2025-01-01 00:00:00');
INSERT INTO prices (id, base_price, sale_price, status, created_date, updated_date) VALUES (1060, 59.95, 29, 'active', '2025-01-01 00:00:00', '2025-01-01 00:00:00');
INSERT INTO product_variants (id, product_id, color_id, size_id, price_id, material_id, season_id, status, created_date, updated_date) VALUES (1060, 96, 6, 3, 1060, 5, 4, 'active', '2025-01-01 00:00:00', '2025-01-01 00:00:00');
INSERT INTO prices (id, base_price, sale_price, status, created_date, updated_date) VALUES (1061, 59.95, 29, 'active', '2025-01-01 00:00:00', '2025-01-01 00:00:00');
INSERT INTO product_variants (id, product_id, color_id, size_id, price_id, material_id, season_id, status, created_date, updated_date) VALUES (1061, 96, 3, 1, 1061, 4, 4, 'active', '2025-01-01 00:00:00', '2025-01-01 00:00:00');
INSERT INTO prices (id, base_price, sale_price, status, created_date, updated_date) VALUES (1062, 59.95, 29, 'active', '2025-01-01 00:00:00', '2025-01-01 00:00:00');
INSERT INTO product_variants (id, product_id, color_id, size_id, price_id, material_id, season_id, status, created_date, updated_date) VALUES (1062, 96, 3, 5, 1062, 2, 4, 'active', '2025-01-01 00:00:00', '2025-01-01 00:00:00');
INSERT INTO prices (id, base_price, sale_price, status, created_date, updated_date) VALUES (1063, 59.95, 29, 'active', '2025-01-01 00:00:00', '2025-01-01 00:00:00');
INSERT INTO product_variants (id, product_id, color_id, size_id, price_id, material_id, season_id, status, created_date, updated_date) VALUES (1063, 96, 3, 6, 1063, 1, 4, 'active', '2025-01-01 00:00:00', '2025-01-01 00:00:00');
INSERT INTO prices (id, base_price, sale_price, status, created_date, updated_date) VALUES (1064, 59.95, 29, 'active', '2025-01-01 00:00:00', '2025-01-01 00:00:00');
INSERT INTO product_variants (id, product_id, color_id, size_id, price_id, material_id, season_id, status, created_date, updated_date) VALUES (1064, 96, 3, 4, 1064, 1, 2, 'active', '2025-01-01 00:00:00', '2025-01-01 00:00:00');
INSERT INTO prices (id, base_price, sale_price, status, created_date, updated_date) VALUES (1065, 59.95, 29, 'active', '2025-01-01 00:00:00', '2025-01-01 00:00:00');
INSERT INTO product_variants (id, product_id, color_id, size_id, price_id, material_id, season_id, status, created_date, updated_date) VALUES (1065, 96, 2, 3, 1065, 6, 2, 'active', '2025-01-01 00:00:00', '2025-01-01 00:00:00');
INSERT INTO prices (id, base_price, sale_price, status, created_date, updated_date) VALUES (1066, 59.95, 29, 'active', '2025-01-01 00:00:00', '2025-01-01 00:00:00');
INSERT INTO product_variants (id, product_id, color_id, size_id, price_id, material_id, season_id, status, created_date, updated_date) VALUES (1066, 96, 2, 5, 1066, 3, 4, 'active', '2025-01-01 00:00:00', '2025-01-01 00:00:00');
INSERT INTO prices (id, base_price, sale_price, status, created_date, updated_date) VALUES (1067, 59.95, 29, 'active', '2025-01-01 00:00:00', '2025-01-01 00:00:00');
INSERT INTO product_variants (id, product_id, color_id, size_id, price_id, material_id, season_id, status, created_date, updated_date) VALUES (1067, 96, 2, 9, 1067, 2, 1, 'active', '2025-01-01 00:00:00', '2025-01-01 00:00:00');
INSERT INTO prices (id, base_price, sale_price, status, created_date, updated_date) VALUES (1068, 59.95, 29, 'active', '2025-01-01 00:00:00', '2025-01-01 00:00:00');
INSERT INTO product_variants (id, product_id, color_id, size_id, price_id, material_id, season_id, status, created_date, updated_date) VALUES (1068, 96, 9, 7, 1068, 7, 3, 'active', '2025-01-01 00:00:00', '2025-01-01 00:00:00');
INSERT INTO prices (id, base_price, sale_price, status, created_date, updated_date) VALUES (1069, 59.95, 29, 'active', '2025-01-01 00:00:00', '2025-01-01 00:00:00');
INSERT INTO product_variants (id, product_id, color_id, size_id, price_id, material_id, season_id, status, created_date, updated_date) VALUES (1069, 96, 9, 3, 1069, 5, 4, 'active', '2025-01-01 00:00:00', '2025-01-01 00:00:00');
INSERT INTO prices (id, base_price, sale_price, status, created_date, updated_date) VALUES (1070, 59.95, 29, 'active', '2025-01-01 00:00:00', '2025-01-01 00:00:00');
INSERT INTO product_variants (id, product_id, color_id, size_id, price_id, material_id, season_id, status, created_date, updated_date) VALUES (1070, 96, 1, 9, 1070, 4, 1, 'active', '2025-01-01 00:00:00', '2025-01-01 00:00:00');
INSERT INTO prices (id, base_price, sale_price, status, created_date, updated_date) VALUES (1071, 59.95, 29, 'active', '2025-01-01 00:00:00', '2025-01-01 00:00:00');
INSERT INTO product_variants (id, product_id, color_id, size_id, price_id, material_id, season_id, status, created_date, updated_date) VALUES (1071, 96, 1, 10, 1071, 2, 4, 'active', '2025-01-01 00:00:00', '2025-01-01 00:00:00');
INSERT INTO prices (id, base_price, sale_price, status, created_date, updated_date) VALUES (1072, 59.95, 29, 'active', '2025-01-01 00:00:00', '2025-01-01 00:00:00');
INSERT INTO product_variants (id, product_id, color_id, size_id, price_id, material_id, season_id, status, created_date, updated_date) VALUES (1072, 96, 9, 1, 1072, 6, 2, 'active', '2025-01-01 00:00:00', '2025-01-01 00:00:00');
INSERT INTO prices (id, base_price, sale_price, status, created_date, updated_date) VALUES (1073, 59.95, 29, 'active', '2025-01-01 00:00:00', '2025-01-01 00:00:00');
INSERT INTO product_variants (id, product_id, color_id, size_id, price_id, material_id, season_id, status, created_date, updated_date) VALUES (1073, 96, 3, 3, 1073, 2, 4, 'active', '2025-01-01 00:00:00', '2025-01-01 00:00:00');
INSERT INTO prices (id, base_price, sale_price, status, created_date, updated_date) VALUES (1074, 59.95, 29, 'active', '2025-01-01 00:00:00', '2025-01-01 00:00:00');
INSERT INTO product_variants (id, product_id, color_id, size_id, price_id, material_id, season_id, status, created_date, updated_date) VALUES (1074, 96, 3, 1, 1074, 5, 3, 'active', '2025-01-01 00:00:00', '2025-01-01 00:00:00');
INSERT INTO prices (id, base_price, sale_price, status, created_date, updated_date) VALUES (1075, 59.95, 29, 'active', '2025-01-01 00:00:00', '2025-01-01 00:00:00');
INSERT INTO product_variants (id, product_id, color_id, size_id, price_id, material_id, season_id, status, created_date, updated_date) VALUES (1075, 96, 13, 6, 1075, 3, 4, 'active', '2025-01-01 00:00:00', '2025-01-01 00:00:00');
INSERT INTO prices (id, base_price, sale_price, status, created_date, updated_date) VALUES (1076, 59.95, 29, 'active', '2025-01-01 00:00:00', '2025-01-01 00:00:00');
INSERT INTO product_variants (id, product_id, color_id, size_id, price_id, material_id, season_id, status, created_date, updated_date) VALUES (1076, 96, 13, 2, 1076, 7, 3, 'active', '2025-01-01 00:00:00', '2025-01-01 00:00:00');
INSERT INTO prices (id, base_price, sale_price, status, created_date, updated_date) VALUES (1077, 59.95, 29, 'active', '2025-01-01 00:00:00', '2025-01-01 00:00:00');
INSERT INTO product_variants (id, product_id, color_id, size_id, price_id, material_id, season_id, status, created_date, updated_date) VALUES (1077, 96, 13, 8, 1077, 6, 3, 'active', '2025-01-01 00:00:00', '2025-01-01 00:00:00');
INSERT INTO prices (id, base_price, sale_price, status, created_date, updated_date) VALUES (1078, 59.95, 29, 'active', '2025-01-01 00:00:00', '2025-01-01 00:00:00');
INSERT INTO product_variants (id, product_id, color_id, size_id, price_id, material_id, season_id, status, created_date, updated_date) VALUES (1078, 96, 13, 9, 1078, 4, 2, 'active', '2025-01-01 00:00:00', '2025-01-01 00:00:00');
INSERT INTO prices (id, base_price, sale_price, status, created_date, updated_date) VALUES (1079, 59.95, 29, 'active', '2025-01-01 00:00:00', '2025-01-01 00:00:00');
INSERT INTO product_variants (id, product_id, color_id, size_id, price_id, material_id, season_id, status, created_date, updated_date) VALUES (1079, 96, 13, 4, 1079, 3, 4, 'active', '2025-01-01 00:00:00', '2025-01-01 00:00:00');
INSERT INTO prices (id, base_price, sale_price, status, created_date, updated_date) VALUES (1080, 59.95, 29, 'active', '2025-01-01 00:00:00', '2025-01-01 00:00:00');
INSERT INTO product_variants (id, product_id, color_id, size_id, price_id, material_id, season_id, status, created_date, updated_date) VALUES (1080, 96, 11, 6, 1080, 7, 3, 'active', '2025-01-01 00:00:00', '2025-01-01 00:00:00');
INSERT INTO prices (id, base_price, sale_price, status, created_date, updated_date) VALUES (1081, 59.95, 29, 'active', '2025-01-01 00:00:00', '2025-01-01 00:00:00');
INSERT INTO product_variants (id, product_id, color_id, size_id, price_id, material_id, season_id, status, created_date, updated_date) VALUES (1081, 96, 11, 2, 1081, 1, 3, 'active', '2025-01-01 00:00:00', '2025-01-01 00:00:00');
INSERT INTO prices (id, base_price, sale_price, status, created_date, updated_date) VALUES (1082, 59.95, 29, 'active', '2025-01-01 00:00:00', '2025-01-01 00:00:00');
INSERT INTO product_variants (id, product_id, color_id, size_id, price_id, material_id, season_id, status, created_date, updated_date) VALUES (1082, 96, 11, 9, 1082, 1, 2, 'active', '2025-01-01 00:00:00', '2025-01-01 00:00:00');
INSERT INTO product (id, name, description, category_id, status, created_date, updated_date, created_by, updated_by) VALUES (97, 'VintageSoft Wedge Crewneck Sweatshirt', 'Description for VintageSoft Wedge Crewneck Sweatshirt', 5, 'active', '2025-01-01 00:00:00', '2025-01-01 00:00:00', 1, 1);
INSERT INTO product_image (id, image_url, display_order, is_primary, product_id, created_date, updated_date) VALUES (607, 'https://www1.assets-gap.com/webcontent/0061/426/649/cn61426649.jpg?q=h&w=1152', 0, 1, 97, '2025-01-01 00:00:00', '2025-01-01 00:00:00');
INSERT INTO product_image (id, image_url, display_order, is_primary, product_id, created_date, updated_date) VALUES (608, 'https://www.gap.com/webcontent/0061/426/620/cn61426620.jpg', 1, 0, 97, '2025-01-01 00:00:00', '2025-01-01 00:00:00');
INSERT INTO product_image (id, image_url, display_order, is_primary, product_id, created_date, updated_date) VALUES (609, 'https://www.gap.com/webcontent/0061/333/311/cn61333311.jpg', 2, 0, 97, '2025-01-01 00:00:00', '2025-01-01 00:00:00');
INSERT INTO product_image (id, image_url, display_order, is_primary, product_id, created_date, updated_date) VALUES (610, 'https://www.gap.com/webcontent/0061/333/326/cn61333326.jpg', 3, 0, 97, '2025-01-01 00:00:00', '2025-01-01 00:00:00');
INSERT INTO product_image (id, image_url, display_order, is_primary, product_id, created_date, updated_date) VALUES (611, 'https://www.gap.com/webcontent/0061/333/331/cn61333331.jpg', 4, 0, 97, '2025-01-01 00:00:00', '2025-01-01 00:00:00');
INSERT INTO product_image (id, image_url, display_order, is_primary, product_id, created_date, updated_date) VALUES (612, 'https://www.gap.com/webcontent/0060/970/338/cn60970338.jpg', 5, 0, 97, '2025-01-01 00:00:00', '2025-01-01 00:00:00');
INSERT INTO product_image (id, image_url, display_order, is_primary, product_id, created_date, updated_date) VALUES (613, 'https://www.gap.com/webcontent/0061/333/340/cn61333340.jpg', 6, 0, 97, '2025-01-01 00:00:00', '2025-01-01 00:00:00');
INSERT INTO prices (id, base_price, sale_price, status, created_date, updated_date) VALUES (1083, 59.95, 47, 'active', '2025-01-01 00:00:00', '2025-01-01 00:00:00');
INSERT INTO product_variants (id, product_id, color_id, size_id, price_id, material_id, season_id, status, created_date, updated_date) VALUES (1083, 97, 4, 5, 1083, 1, 3, 'active', '2025-01-01 00:00:00', '2025-01-01 00:00:00');
INSERT INTO prices (id, base_price, sale_price, status, created_date, updated_date) VALUES (1084, 59.95, 47, 'active', '2025-01-01 00:00:00', '2025-01-01 00:00:00');
INSERT INTO product_variants (id, product_id, color_id, size_id, price_id, material_id, season_id, status, created_date, updated_date) VALUES (1084, 97, 4, 7, 1084, 2, 4, 'active', '2025-01-01 00:00:00', '2025-01-01 00:00:00');
INSERT INTO prices (id, base_price, sale_price, status, created_date, updated_date) VALUES (1085, 59.95, 47, 'active', '2025-01-01 00:00:00', '2025-01-01 00:00:00');
INSERT INTO product_variants (id, product_id, color_id, size_id, price_id, material_id, season_id, status, created_date, updated_date) VALUES (1085, 97, 4, 10, 1085, 1, 2, 'active', '2025-01-01 00:00:00', '2025-01-01 00:00:00');
INSERT INTO prices (id, base_price, sale_price, status, created_date, updated_date) VALUES (1086, 59.95, 47, 'active', '2025-01-01 00:00:00', '2025-01-01 00:00:00');
INSERT INTO product_variants (id, product_id, color_id, size_id, price_id, material_id, season_id, status, created_date, updated_date) VALUES (1086, 97, 11, 10, 1086, 5, 2, 'active', '2025-01-01 00:00:00', '2025-01-01 00:00:00');
INSERT INTO prices (id, base_price, sale_price, status, created_date, updated_date) VALUES (1087, 59.95, 47, 'active', '2025-01-01 00:00:00', '2025-01-01 00:00:00');
INSERT INTO product_variants (id, product_id, color_id, size_id, price_id, material_id, season_id, status, created_date, updated_date) VALUES (1087, 97, 11, 5, 1087, 4, 4, 'active', '2025-01-01 00:00:00', '2025-01-01 00:00:00');
INSERT INTO prices (id, base_price, sale_price, status, created_date, updated_date) VALUES (1088, 59.95, 47, 'active', '2025-01-01 00:00:00', '2025-01-01 00:00:00');
INSERT INTO product_variants (id, product_id, color_id, size_id, price_id, material_id, season_id, status, created_date, updated_date) VALUES (1088, 97, 3, 4, 1088, 4, 1, 'active', '2025-01-01 00:00:00', '2025-01-01 00:00:00');
INSERT INTO prices (id, base_price, sale_price, status, created_date, updated_date) VALUES (1089, 59.95, 47, 'active', '2025-01-01 00:00:00', '2025-01-01 00:00:00');
INSERT INTO product_variants (id, product_id, color_id, size_id, price_id, material_id, season_id, status, created_date, updated_date) VALUES (1089, 97, 3, 10, 1089, 6, 1, 'active', '2025-01-01 00:00:00', '2025-01-01 00:00:00');
INSERT INTO prices (id, base_price, sale_price, status, created_date, updated_date) VALUES (1090, 59.95, 47, 'active', '2025-01-01 00:00:00', '2025-01-01 00:00:00');
INSERT INTO product_variants (id, product_id, color_id, size_id, price_id, material_id, season_id, status, created_date, updated_date) VALUES (1090, 97, 3, 10, 1090, 6, 1, 'active', '2025-01-01 00:00:00', '2025-01-01 00:00:00');
INSERT INTO prices (id, base_price, sale_price, status, created_date, updated_date) VALUES (1091, 59.95, 47, 'active', '2025-01-01 00:00:00', '2025-01-01 00:00:00');
INSERT INTO product_variants (id, product_id, color_id, size_id, price_id, material_id, season_id, status, created_date, updated_date) VALUES (1091, 97, 3, 1, 1091, 4, 1, 'active', '2025-01-01 00:00:00', '2025-01-01 00:00:00');
INSERT INTO prices (id, base_price, sale_price, status, created_date, updated_date) VALUES (1092, 59.95, 47, 'active', '2025-01-01 00:00:00', '2025-01-01 00:00:00');
INSERT INTO product_variants (id, product_id, color_id, size_id, price_id, material_id, season_id, status, created_date, updated_date) VALUES (1092, 97, 6, 5, 1092, 7, 4, 'active', '2025-01-01 00:00:00', '2025-01-01 00:00:00');
INSERT INTO prices (id, base_price, sale_price, status, created_date, updated_date) VALUES (1093, 59.95, 47, 'active', '2025-01-01 00:00:00', '2025-01-01 00:00:00');
INSERT INTO product_variants (id, product_id, color_id, size_id, price_id, material_id, season_id, status, created_date, updated_date) VALUES (1093, 97, 6, 1, 1093, 2, 2, 'active', '2025-01-01 00:00:00', '2025-01-01 00:00:00');
INSERT INTO prices (id, base_price, sale_price, status, created_date, updated_date) VALUES (1094, 59.95, 47, 'active', '2025-01-01 00:00:00', '2025-01-01 00:00:00');
INSERT INTO product_variants (id, product_id, color_id, size_id, price_id, material_id, season_id, status, created_date, updated_date) VALUES (1094, 97, 6, 2, 1094, 7, 3, 'active', '2025-01-01 00:00:00', '2025-01-01 00:00:00');
INSERT INTO prices (id, base_price, sale_price, status, created_date, updated_date) VALUES (1095, 59.95, 47, 'active', '2025-01-01 00:00:00', '2025-01-01 00:00:00');
INSERT INTO product_variants (id, product_id, color_id, size_id, price_id, material_id, season_id, status, created_date, updated_date) VALUES (1095, 97, 3, 7, 1095, 3, 3, 'active', '2025-01-01 00:00:00', '2025-01-01 00:00:00');
INSERT INTO prices (id, base_price, sale_price, status, created_date, updated_date) VALUES (1096, 59.95, 47, 'active', '2025-01-01 00:00:00', '2025-01-01 00:00:00');
INSERT INTO product_variants (id, product_id, color_id, size_id, price_id, material_id, season_id, status, created_date, updated_date) VALUES (1096, 97, 3, 3, 1096, 4, 3, 'active', '2025-01-01 00:00:00', '2025-01-01 00:00:00');
INSERT INTO prices (id, base_price, sale_price, status, created_date, updated_date) VALUES (1097, 59.95, 47, 'active', '2025-01-01 00:00:00', '2025-01-01 00:00:00');
INSERT INTO product_variants (id, product_id, color_id, size_id, price_id, material_id, season_id, status, created_date, updated_date) VALUES (1097, 97, 3, 10, 1097, 3, 4, 'active', '2025-01-01 00:00:00', '2025-01-01 00:00:00');
INSERT INTO prices (id, base_price, sale_price, status, created_date, updated_date) VALUES (1098, 59.95, 47, 'active', '2025-01-01 00:00:00', '2025-01-01 00:00:00');
INSERT INTO product_variants (id, product_id, color_id, size_id, price_id, material_id, season_id, status, created_date, updated_date) VALUES (1098, 97, 3, 3, 1098, 7, 2, 'active', '2025-01-01 00:00:00', '2025-01-01 00:00:00');
INSERT INTO prices (id, base_price, sale_price, status, created_date, updated_date) VALUES (1099, 59.95, 47, 'active', '2025-01-01 00:00:00', '2025-01-01 00:00:00');
INSERT INTO product_variants (id, product_id, color_id, size_id, price_id, material_id, season_id, status, created_date, updated_date) VALUES (1099, 97, 3, 8, 1099, 5, 1, 'active', '2025-01-01 00:00:00', '2025-01-01 00:00:00');
INSERT INTO prices (id, base_price, sale_price, status, created_date, updated_date) VALUES (1100, 59.95, 47, 'active', '2025-01-01 00:00:00', '2025-01-01 00:00:00');
INSERT INTO product_variants (id, product_id, color_id, size_id, price_id, material_id, season_id, status, created_date, updated_date) VALUES (1100, 97, 2, 2, 1100, 5, 2, 'active', '2025-01-01 00:00:00', '2025-01-01 00:00:00');
INSERT INTO prices (id, base_price, sale_price, status, created_date, updated_date) VALUES (1101, 59.95, 47, 'active', '2025-01-01 00:00:00', '2025-01-01 00:00:00');
INSERT INTO product_variants (id, product_id, color_id, size_id, price_id, material_id, season_id, status, created_date, updated_date) VALUES (1101, 97, 2, 1, 1101, 7, 1, 'active', '2025-01-01 00:00:00', '2025-01-01 00:00:00');
INSERT INTO prices (id, base_price, sale_price, status, created_date, updated_date) VALUES (1102, 59.95, 47, 'active', '2025-01-01 00:00:00', '2025-01-01 00:00:00');
INSERT INTO product_variants (id, product_id, color_id, size_id, price_id, material_id, season_id, status, created_date, updated_date) VALUES (1102, 97, 9, 3, 1102, 4, 4, 'active', '2025-01-01 00:00:00', '2025-01-01 00:00:00');
INSERT INTO prices (id, base_price, sale_price, status, created_date, updated_date) VALUES (1103, 59.95, 47, 'active', '2025-01-01 00:00:00', '2025-01-01 00:00:00');
INSERT INTO product_variants (id, product_id, color_id, size_id, price_id, material_id, season_id, status, created_date, updated_date) VALUES (1103, 97, 9, 6, 1103, 6, 4, 'active', '2025-01-01 00:00:00', '2025-01-01 00:00:00');
INSERT INTO prices (id, base_price, sale_price, status, created_date, updated_date) VALUES (1104, 59.95, 47, 'active', '2025-01-01 00:00:00', '2025-01-01 00:00:00');
INSERT INTO product_variants (id, product_id, color_id, size_id, price_id, material_id, season_id, status, created_date, updated_date) VALUES (1104, 97, 1, 2, 1104, 7, 3, 'active', '2025-01-01 00:00:00', '2025-01-01 00:00:00');
INSERT INTO prices (id, base_price, sale_price, status, created_date, updated_date) VALUES (1105, 59.95, 47, 'active', '2025-01-01 00:00:00', '2025-01-01 00:00:00');
INSERT INTO product_variants (id, product_id, color_id, size_id, price_id, material_id, season_id, status, created_date, updated_date) VALUES (1105, 97, 1, 5, 1105, 1, 1, 'active', '2025-01-01 00:00:00', '2025-01-01 00:00:00');
INSERT INTO prices (id, base_price, sale_price, status, created_date, updated_date) VALUES (1106, 59.95, 47, 'active', '2025-01-01 00:00:00', '2025-01-01 00:00:00');
INSERT INTO product_variants (id, product_id, color_id, size_id, price_id, material_id, season_id, status, created_date, updated_date) VALUES (1106, 97, 1, 9, 1106, 4, 3, 'active', '2025-01-01 00:00:00', '2025-01-01 00:00:00');
INSERT INTO prices (id, base_price, sale_price, status, created_date, updated_date) VALUES (1107, 59.95, 47, 'active', '2025-01-01 00:00:00', '2025-01-01 00:00:00');
INSERT INTO product_variants (id, product_id, color_id, size_id, price_id, material_id, season_id, status, created_date, updated_date) VALUES (1107, 97, 9, 5, 1107, 3, 1, 'active', '2025-01-01 00:00:00', '2025-01-01 00:00:00');
INSERT INTO prices (id, base_price, sale_price, status, created_date, updated_date) VALUES (1108, 59.95, 47, 'active', '2025-01-01 00:00:00', '2025-01-01 00:00:00');
INSERT INTO product_variants (id, product_id, color_id, size_id, price_id, material_id, season_id, status, created_date, updated_date) VALUES (1108, 97, 9, 10, 1108, 4, 4, 'active', '2025-01-01 00:00:00', '2025-01-01 00:00:00');
INSERT INTO prices (id, base_price, sale_price, status, created_date, updated_date) VALUES (1109, 59.95, 47, 'active', '2025-01-01 00:00:00', '2025-01-01 00:00:00');
INSERT INTO product_variants (id, product_id, color_id, size_id, price_id, material_id, season_id, status, created_date, updated_date) VALUES (1109, 97, 9, 7, 1109, 6, 3, 'active', '2025-01-01 00:00:00', '2025-01-01 00:00:00');
INSERT INTO prices (id, base_price, sale_price, status, created_date, updated_date) VALUES (1110, 59.95, 47, 'active', '2025-01-01 00:00:00', '2025-01-01 00:00:00');
INSERT INTO product_variants (id, product_id, color_id, size_id, price_id, material_id, season_id, status, created_date, updated_date) VALUES (1110, 97, 3, 8, 1110, 7, 3, 'active', '2025-01-01 00:00:00', '2025-01-01 00:00:00');
INSERT INTO prices (id, base_price, sale_price, status, created_date, updated_date) VALUES (1111, 59.95, 47, 'active', '2025-01-01 00:00:00', '2025-01-01 00:00:00');
INSERT INTO product_variants (id, product_id, color_id, size_id, price_id, material_id, season_id, status, created_date, updated_date) VALUES (1111, 97, 3, 10, 1111, 2, 1, 'active', '2025-01-01 00:00:00', '2025-01-01 00:00:00');
INSERT INTO prices (id, base_price, sale_price, status, created_date, updated_date) VALUES (1112, 59.95, 47, 'active', '2025-01-01 00:00:00', '2025-01-01 00:00:00');
INSERT INTO product_variants (id, product_id, color_id, size_id, price_id, material_id, season_id, status, created_date, updated_date) VALUES (1112, 97, 13, 10, 1112, 1, 3, 'active', '2025-01-01 00:00:00', '2025-01-01 00:00:00');
INSERT INTO prices (id, base_price, sale_price, status, created_date, updated_date) VALUES (1113, 59.95, 47, 'active', '2025-01-01 00:00:00', '2025-01-01 00:00:00');
INSERT INTO product_variants (id, product_id, color_id, size_id, price_id, material_id, season_id, status, created_date, updated_date) VALUES (1113, 97, 13, 3, 1113, 1, 1, 'active', '2025-01-01 00:00:00', '2025-01-01 00:00:00');
INSERT INTO prices (id, base_price, sale_price, status, created_date, updated_date) VALUES (1114, 59.95, 47, 'active', '2025-01-01 00:00:00', '2025-01-01 00:00:00');
INSERT INTO product_variants (id, product_id, color_id, size_id, price_id, material_id, season_id, status, created_date, updated_date) VALUES (1114, 97, 13, 9, 1114, 2, 3, 'active', '2025-01-01 00:00:00', '2025-01-01 00:00:00');
INSERT INTO prices (id, base_price, sale_price, status, created_date, updated_date) VALUES (1115, 59.95, 47, 'active', '2025-01-01 00:00:00', '2025-01-01 00:00:00');
INSERT INTO product_variants (id, product_id, color_id, size_id, price_id, material_id, season_id, status, created_date, updated_date) VALUES (1115, 97, 13, 3, 1115, 6, 4, 'active', '2025-01-01 00:00:00', '2025-01-01 00:00:00');
INSERT INTO prices (id, base_price, sale_price, status, created_date, updated_date) VALUES (1116, 59.95, 47, 'active', '2025-01-01 00:00:00', '2025-01-01 00:00:00');
INSERT INTO product_variants (id, product_id, color_id, size_id, price_id, material_id, season_id, status, created_date, updated_date) VALUES (1116, 97, 13, 2, 1116, 3, 1, 'active', '2025-01-01 00:00:00', '2025-01-01 00:00:00');
INSERT INTO prices (id, base_price, sale_price, status, created_date, updated_date) VALUES (1117, 59.95, 47, 'active', '2025-01-01 00:00:00', '2025-01-01 00:00:00');
INSERT INTO product_variants (id, product_id, color_id, size_id, price_id, material_id, season_id, status, created_date, updated_date) VALUES (1117, 97, 11, 9, 1117, 6, 2, 'active', '2025-01-01 00:00:00', '2025-01-01 00:00:00');
INSERT INTO prices (id, base_price, sale_price, status, created_date, updated_date) VALUES (1118, 59.95, 47, 'active', '2025-01-01 00:00:00', '2025-01-01 00:00:00');
INSERT INTO product_variants (id, product_id, color_id, size_id, price_id, material_id, season_id, status, created_date, updated_date) VALUES (1118, 97, 11, 8, 1118, 2, 2, 'active', '2025-01-01 00:00:00', '2025-01-01 00:00:00');
INSERT INTO prices (id, base_price, sale_price, status, created_date, updated_date) VALUES (1119, 59.95, 47, 'active', '2025-01-01 00:00:00', '2025-01-01 00:00:00');
INSERT INTO product_variants (id, product_id, color_id, size_id, price_id, material_id, season_id, status, created_date, updated_date) VALUES (1119, 97, 11, 2, 1119, 3, 3, 'active', '2025-01-01 00:00:00', '2025-01-01 00:00:00');
INSERT INTO product (id, name, description, category_id, status, created_date, updated_date, created_by, updated_by) VALUES (98, 'High Rise VintageSoft Relaxed Joggers', 'Description for High Rise VintageSoft Relaxed Joggers', 5, 'active', '2025-01-01 00:00:00', '2025-01-01 00:00:00', 1, 1);
INSERT INTO product_image (id, image_url, display_order, is_primary, product_id, created_date, updated_date) VALUES (614, 'https://www1.assets-gap.com/webcontent/0060/969/246/cn60969246.jpg?q=h&w=1152', 0, 1, 98, '2025-01-01 00:00:00', '2025-01-01 00:00:00');
INSERT INTO product_image (id, image_url, display_order, is_primary, product_id, created_date, updated_date) VALUES (615, 'https://www.gap.com/webcontent/0060/969/241/cn60969241.jpg', 1, 0, 98, '2025-01-01 00:00:00', '2025-01-01 00:00:00');
INSERT INTO product_image (id, image_url, display_order, is_primary, product_id, created_date, updated_date) VALUES (616, 'https://www.gap.com/webcontent/0061/333/352/cn61333352.jpg', 2, 0, 98, '2025-01-01 00:00:00', '2025-01-01 00:00:00');
INSERT INTO product_image (id, image_url, display_order, is_primary, product_id, created_date, updated_date) VALUES (617, 'https://www.gap.com/webcontent/0061/333/351/cn61333351.jpg', 3, 0, 98, '2025-01-01 00:00:00', '2025-01-01 00:00:00');
INSERT INTO product_image (id, image_url, display_order, is_primary, product_id, created_date, updated_date) VALUES (618, 'https://www.gap.com/webcontent/0061/333/350/cn61333350.jpg', 4, 0, 98, '2025-01-01 00:00:00', '2025-01-01 00:00:00');
INSERT INTO product_image (id, image_url, display_order, is_primary, product_id, created_date, updated_date) VALUES (619, 'https://www.gap.com/webcontent/0061/333/353/cn61333353.jpg', 5, 0, 98, '2025-01-01 00:00:00', '2025-01-01 00:00:00');
INSERT INTO product_image (id, image_url, display_order, is_primary, product_id, created_date, updated_date) VALUES (620, 'https://www.gap.com/webcontent/0061/333/375/cn61333375.jpg', 6, 0, 98, '2025-01-01 00:00:00', '2025-01-01 00:00:00');
INSERT INTO prices (id, base_price, sale_price, status, created_date, updated_date) VALUES (1120, 59.95, 47, 'active', '2025-01-01 00:00:00', '2025-01-01 00:00:00');
INSERT INTO product_variants (id, product_id, color_id, size_id, price_id, material_id, season_id, status, created_date, updated_date) VALUES (1120, 98, 1, 7, 1120, 6, 1, 'active', '2025-01-01 00:00:00', '2025-01-01 00:00:00');
INSERT INTO prices (id, base_price, sale_price, status, created_date, updated_date) VALUES (1121, 59.95, 47, 'active', '2025-01-01 00:00:00', '2025-01-01 00:00:00');
INSERT INTO product_variants (id, product_id, color_id, size_id, price_id, material_id, season_id, status, created_date, updated_date) VALUES (1121, 98, 1, 9, 1121, 2, 4, 'active', '2025-01-01 00:00:00', '2025-01-01 00:00:00');
INSERT INTO prices (id, base_price, sale_price, status, created_date, updated_date) VALUES (1122, 59.95, 47, 'active', '2025-01-01 00:00:00', '2025-01-01 00:00:00');
INSERT INTO product_variants (id, product_id, color_id, size_id, price_id, material_id, season_id, status, created_date, updated_date) VALUES (1122, 98, 3, 8, 1122, 4, 3, 'active', '2025-01-01 00:00:00', '2025-01-01 00:00:00');
INSERT INTO prices (id, base_price, sale_price, status, created_date, updated_date) VALUES (1123, 59.95, 47, 'active', '2025-01-01 00:00:00', '2025-01-01 00:00:00');
INSERT INTO product_variants (id, product_id, color_id, size_id, price_id, material_id, season_id, status, created_date, updated_date) VALUES (1123, 98, 3, 9, 1123, 7, 3, 'active', '2025-01-01 00:00:00', '2025-01-01 00:00:00');
INSERT INTO prices (id, base_price, sale_price, status, created_date, updated_date) VALUES (1124, 59.95, 47, 'active', '2025-01-01 00:00:00', '2025-01-01 00:00:00');
INSERT INTO product_variants (id, product_id, color_id, size_id, price_id, material_id, season_id, status, created_date, updated_date) VALUES (1124, 98, 9, 8, 1124, 6, 2, 'active', '2025-01-01 00:00:00', '2025-01-01 00:00:00');
INSERT INTO prices (id, base_price, sale_price, status, created_date, updated_date) VALUES (1125, 59.95, 47, 'active', '2025-01-01 00:00:00', '2025-01-01 00:00:00');
INSERT INTO product_variants (id, product_id, color_id, size_id, price_id, material_id, season_id, status, created_date, updated_date) VALUES (1125, 98, 9, 9, 1125, 5, 1, 'active', '2025-01-01 00:00:00', '2025-01-01 00:00:00');
INSERT INTO prices (id, base_price, sale_price, status, created_date, updated_date) VALUES (1126, 59.95, 47, 'active', '2025-01-01 00:00:00', '2025-01-01 00:00:00');
INSERT INTO product_variants (id, product_id, color_id, size_id, price_id, material_id, season_id, status, created_date, updated_date) VALUES (1126, 98, 9, 5, 1126, 7, 3, 'active', '2025-01-01 00:00:00', '2025-01-01 00:00:00');
INSERT INTO prices (id, base_price, sale_price, status, created_date, updated_date) VALUES (1127, 59.95, 47, 'active', '2025-01-01 00:00:00', '2025-01-01 00:00:00');
INSERT INTO product_variants (id, product_id, color_id, size_id, price_id, material_id, season_id, status, created_date, updated_date) VALUES (1127, 98, 3, 2, 1127, 1, 3, 'active', '2025-01-01 00:00:00', '2025-01-01 00:00:00');
INSERT INTO prices (id, base_price, sale_price, status, created_date, updated_date) VALUES (1128, 59.95, 47, 'active', '2025-01-01 00:00:00', '2025-01-01 00:00:00');
INSERT INTO product_variants (id, product_id, color_id, size_id, price_id, material_id, season_id, status, created_date, updated_date) VALUES (1128, 98, 3, 1, 1128, 2, 4, 'active', '2025-01-01 00:00:00', '2025-01-01 00:00:00');
INSERT INTO prices (id, base_price, sale_price, status, created_date, updated_date) VALUES (1129, 59.95, 47, 'active', '2025-01-01 00:00:00', '2025-01-01 00:00:00');
INSERT INTO product_variants (id, product_id, color_id, size_id, price_id, material_id, season_id, status, created_date, updated_date) VALUES (1129, 98, 11, 4, 1129, 6, 2, 'active', '2025-01-01 00:00:00', '2025-01-01 00:00:00');
INSERT INTO prices (id, base_price, sale_price, status, created_date, updated_date) VALUES (1130, 59.95, 47, 'active', '2025-01-01 00:00:00', '2025-01-01 00:00:00');
INSERT INTO product_variants (id, product_id, color_id, size_id, price_id, material_id, season_id, status, created_date, updated_date) VALUES (1130, 98, 11, 8, 1130, 4, 3, 'active', '2025-01-01 00:00:00', '2025-01-01 00:00:00');
INSERT INTO prices (id, base_price, sale_price, status, created_date, updated_date) VALUES (1131, 59.95, 47, 'active', '2025-01-01 00:00:00', '2025-01-01 00:00:00');
INSERT INTO product_variants (id, product_id, color_id, size_id, price_id, material_id, season_id, status, created_date, updated_date) VALUES (1131, 98, 11, 6, 1131, 7, 4, 'active', '2025-01-01 00:00:00', '2025-01-01 00:00:00');
INSERT INTO prices (id, base_price, sale_price, status, created_date, updated_date) VALUES (1132, 59.95, 47, 'active', '2025-01-01 00:00:00', '2025-01-01 00:00:00');
INSERT INTO product_variants (id, product_id, color_id, size_id, price_id, material_id, season_id, status, created_date, updated_date) VALUES (1132, 98, 4, 9, 1132, 5, 4, 'active', '2025-01-01 00:00:00', '2025-01-01 00:00:00');
INSERT INTO prices (id, base_price, sale_price, status, created_date, updated_date) VALUES (1133, 59.95, 47, 'active', '2025-01-01 00:00:00', '2025-01-01 00:00:00');
INSERT INTO product_variants (id, product_id, color_id, size_id, price_id, material_id, season_id, status, created_date, updated_date) VALUES (1133, 98, 4, 2, 1133, 3, 1, 'active', '2025-01-01 00:00:00', '2025-01-01 00:00:00');
INSERT INTO prices (id, base_price, sale_price, status, created_date, updated_date) VALUES (1134, 59.95, 47, 'active', '2025-01-01 00:00:00', '2025-01-01 00:00:00');
INSERT INTO product_variants (id, product_id, color_id, size_id, price_id, material_id, season_id, status, created_date, updated_date) VALUES (1134, 98, 4, 6, 1134, 3, 3, 'active', '2025-01-01 00:00:00', '2025-01-01 00:00:00');
INSERT INTO prices (id, base_price, sale_price, status, created_date, updated_date) VALUES (1135, 59.95, 47, 'active', '2025-01-01 00:00:00', '2025-01-01 00:00:00');
INSERT INTO product_variants (id, product_id, color_id, size_id, price_id, material_id, season_id, status, created_date, updated_date) VALUES (1135, 98, 4, 1, 1135, 3, 4, 'active', '2025-01-01 00:00:00', '2025-01-01 00:00:00');
INSERT INTO prices (id, base_price, sale_price, status, created_date, updated_date) VALUES (1136, 59.95, 47, 'active', '2025-01-01 00:00:00', '2025-01-01 00:00:00');
INSERT INTO product_variants (id, product_id, color_id, size_id, price_id, material_id, season_id, status, created_date, updated_date) VALUES (1136, 98, 4, 4, 1136, 4, 2, 'active', '2025-01-01 00:00:00', '2025-01-01 00:00:00');
INSERT INTO prices (id, base_price, sale_price, status, created_date, updated_date) VALUES (1137, 59.95, 47, 'active', '2025-01-01 00:00:00', '2025-01-01 00:00:00');
INSERT INTO product_variants (id, product_id, color_id, size_id, price_id, material_id, season_id, status, created_date, updated_date) VALUES (1137, 98, 2, 10, 1137, 5, 4, 'active', '2025-01-01 00:00:00', '2025-01-01 00:00:00');
INSERT INTO prices (id, base_price, sale_price, status, created_date, updated_date) VALUES (1138, 59.95, 47, 'active', '2025-01-01 00:00:00', '2025-01-01 00:00:00');
INSERT INTO product_variants (id, product_id, color_id, size_id, price_id, material_id, season_id, status, created_date, updated_date) VALUES (1138, 98, 2, 1, 1138, 5, 3, 'active', '2025-01-01 00:00:00', '2025-01-01 00:00:00');
INSERT INTO prices (id, base_price, sale_price, status, created_date, updated_date) VALUES (1139, 59.95, 47, 'active', '2025-01-01 00:00:00', '2025-01-01 00:00:00');
INSERT INTO product_variants (id, product_id, color_id, size_id, price_id, material_id, season_id, status, created_date, updated_date) VALUES (1139, 98, 2, 2, 1139, 2, 3, 'active', '2025-01-01 00:00:00', '2025-01-01 00:00:00');
INSERT INTO prices (id, base_price, sale_price, status, created_date, updated_date) VALUES (1140, 59.95, 47, 'active', '2025-01-01 00:00:00', '2025-01-01 00:00:00');
INSERT INTO product_variants (id, product_id, color_id, size_id, price_id, material_id, season_id, status, created_date, updated_date) VALUES (1140, 98, 10, 8, 1140, 6, 1, 'active', '2025-01-01 00:00:00', '2025-01-01 00:00:00');
INSERT INTO prices (id, base_price, sale_price, status, created_date, updated_date) VALUES (1141, 59.95, 47, 'active', '2025-01-01 00:00:00', '2025-01-01 00:00:00');
INSERT INTO product_variants (id, product_id, color_id, size_id, price_id, material_id, season_id, status, created_date, updated_date) VALUES (1141, 98, 10, 1, 1141, 6, 4, 'active', '2025-01-01 00:00:00', '2025-01-01 00:00:00');
INSERT INTO prices (id, base_price, sale_price, status, created_date, updated_date) VALUES (1142, 59.95, 47, 'active', '2025-01-01 00:00:00', '2025-01-01 00:00:00');
INSERT INTO product_variants (id, product_id, color_id, size_id, price_id, material_id, season_id, status, created_date, updated_date) VALUES (1142, 98, 10, 6, 1142, 4, 1, 'active', '2025-01-01 00:00:00', '2025-01-01 00:00:00');
INSERT INTO prices (id, base_price, sale_price, status, created_date, updated_date) VALUES (1143, 59.95, 47, 'active', '2025-01-01 00:00:00', '2025-01-01 00:00:00');
INSERT INTO product_variants (id, product_id, color_id, size_id, price_id, material_id, season_id, status, created_date, updated_date) VALUES (1143, 98, 3, 4, 1143, 3, 4, 'active', '2025-01-01 00:00:00', '2025-01-01 00:00:00');
INSERT INTO prices (id, base_price, sale_price, status, created_date, updated_date) VALUES (1144, 59.95, 47, 'active', '2025-01-01 00:00:00', '2025-01-01 00:00:00');
INSERT INTO product_variants (id, product_id, color_id, size_id, price_id, material_id, season_id, status, created_date, updated_date) VALUES (1144, 98, 3, 6, 1144, 5, 2, 'active', '2025-01-01 00:00:00', '2025-01-01 00:00:00');
INSERT INTO prices (id, base_price, sale_price, status, created_date, updated_date) VALUES (1145, 59.95, 47, 'active', '2025-01-01 00:00:00', '2025-01-01 00:00:00');
INSERT INTO product_variants (id, product_id, color_id, size_id, price_id, material_id, season_id, status, created_date, updated_date) VALUES (1145, 98, 3, 10, 1145, 2, 2, 'active', '2025-01-01 00:00:00', '2025-01-01 00:00:00');
INSERT INTO prices (id, base_price, sale_price, status, created_date, updated_date) VALUES (1146, 59.95, 47, 'active', '2025-01-01 00:00:00', '2025-01-01 00:00:00');
INSERT INTO product_variants (id, product_id, color_id, size_id, price_id, material_id, season_id, status, created_date, updated_date) VALUES (1146, 98, 9, 2, 1146, 5, 4, 'active', '2025-01-01 00:00:00', '2025-01-01 00:00:00');
INSERT INTO prices (id, base_price, sale_price, status, created_date, updated_date) VALUES (1147, 59.95, 47, 'active', '2025-01-01 00:00:00', '2025-01-01 00:00:00');
INSERT INTO product_variants (id, product_id, color_id, size_id, price_id, material_id, season_id, status, created_date, updated_date) VALUES (1147, 98, 9, 3, 1147, 5, 4, 'active', '2025-01-01 00:00:00', '2025-01-01 00:00:00');
INSERT INTO prices (id, base_price, sale_price, status, created_date, updated_date) VALUES (1148, 59.95, 47, 'active', '2025-01-01 00:00:00', '2025-01-01 00:00:00');
INSERT INTO product_variants (id, product_id, color_id, size_id, price_id, material_id, season_id, status, created_date, updated_date) VALUES (1148, 98, 2, 3, 1148, 1, 3, 'active', '2025-01-01 00:00:00', '2025-01-01 00:00:00');
INSERT INTO prices (id, base_price, sale_price, status, created_date, updated_date) VALUES (1149, 59.95, 47, 'active', '2025-01-01 00:00:00', '2025-01-01 00:00:00');
INSERT INTO product_variants (id, product_id, color_id, size_id, price_id, material_id, season_id, status, created_date, updated_date) VALUES (1149, 98, 2, 1, 1149, 1, 2, 'active', '2025-01-01 00:00:00', '2025-01-01 00:00:00');
INSERT INTO prices (id, base_price, sale_price, status, created_date, updated_date) VALUES (1150, 59.95, 47, 'active', '2025-01-01 00:00:00', '2025-01-01 00:00:00');
INSERT INTO product_variants (id, product_id, color_id, size_id, price_id, material_id, season_id, status, created_date, updated_date) VALUES (1150, 98, 3, 1, 1150, 3, 4, 'active', '2025-01-01 00:00:00', '2025-01-01 00:00:00');
INSERT INTO prices (id, base_price, sale_price, status, created_date, updated_date) VALUES (1151, 59.95, 47, 'active', '2025-01-01 00:00:00', '2025-01-01 00:00:00');
INSERT INTO product_variants (id, product_id, color_id, size_id, price_id, material_id, season_id, status, created_date, updated_date) VALUES (1151, 98, 3, 5, 1151, 4, 4, 'active', '2025-01-01 00:00:00', '2025-01-01 00:00:00');
INSERT INTO prices (id, base_price, sale_price, status, created_date, updated_date) VALUES (1152, 59.95, 47, 'active', '2025-01-01 00:00:00', '2025-01-01 00:00:00');
INSERT INTO product_variants (id, product_id, color_id, size_id, price_id, material_id, season_id, status, created_date, updated_date) VALUES (1152, 98, 3, 10, 1152, 3, 2, 'active', '2025-01-01 00:00:00', '2025-01-01 00:00:00');
INSERT INTO prices (id, base_price, sale_price, status, created_date, updated_date) VALUES (1153, 59.95, 47, 'active', '2025-01-01 00:00:00', '2025-01-01 00:00:00');
INSERT INTO product_variants (id, product_id, color_id, size_id, price_id, material_id, season_id, status, created_date, updated_date) VALUES (1153, 98, 14, 1, 1153, 5, 2, 'active', '2025-01-01 00:00:00', '2025-01-01 00:00:00');
INSERT INTO prices (id, base_price, sale_price, status, created_date, updated_date) VALUES (1154, 59.95, 47, 'active', '2025-01-01 00:00:00', '2025-01-01 00:00:00');
INSERT INTO product_variants (id, product_id, color_id, size_id, price_id, material_id, season_id, status, created_date, updated_date) VALUES (1154, 98, 14, 4, 1154, 2, 1, 'active', '2025-01-01 00:00:00', '2025-01-01 00:00:00');
INSERT INTO prices (id, base_price, sale_price, status, created_date, updated_date) VALUES (1155, 59.95, 47, 'active', '2025-01-01 00:00:00', '2025-01-01 00:00:00');
INSERT INTO product_variants (id, product_id, color_id, size_id, price_id, material_id, season_id, status, created_date, updated_date) VALUES (1155, 98, 14, 5, 1155, 2, 3, 'active', '2025-01-01 00:00:00', '2025-01-01 00:00:00');
INSERT INTO prices (id, base_price, sale_price, status, created_date, updated_date) VALUES (1156, 59.95, 47, 'active', '2025-01-01 00:00:00', '2025-01-01 00:00:00');
INSERT INTO product_variants (id, product_id, color_id, size_id, price_id, material_id, season_id, status, created_date, updated_date) VALUES (1156, 98, 11, 8, 1156, 1, 3, 'active', '2025-01-01 00:00:00', '2025-01-01 00:00:00');
INSERT INTO prices (id, base_price, sale_price, status, created_date, updated_date) VALUES (1157, 59.95, 47, 'active', '2025-01-01 00:00:00', '2025-01-01 00:00:00');
INSERT INTO product_variants (id, product_id, color_id, size_id, price_id, material_id, season_id, status, created_date, updated_date) VALUES (1157, 98, 11, 3, 1157, 2, 3, 'active', '2025-01-01 00:00:00', '2025-01-01 00:00:00');
INSERT INTO prices (id, base_price, sale_price, status, created_date, updated_date) VALUES (1158, 59.95, 47, 'active', '2025-01-01 00:00:00', '2025-01-01 00:00:00');
INSERT INTO product_variants (id, product_id, color_id, size_id, price_id, material_id, season_id, status, created_date, updated_date) VALUES (1158, 98, 11, 2, 1158, 4, 3, 'active', '2025-01-01 00:00:00', '2025-01-01 00:00:00');
INSERT INTO prices (id, base_price, sale_price, status, created_date, updated_date) VALUES (1159, 59.95, 47, 'active', '2025-01-01 00:00:00', '2025-01-01 00:00:00');
INSERT INTO product_variants (id, product_id, color_id, size_id, price_id, material_id, season_id, status, created_date, updated_date) VALUES (1159, 98, 7, 7, 1159, 6, 1, 'active', '2025-01-01 00:00:00', '2025-01-01 00:00:00');
INSERT INTO prices (id, base_price, sale_price, status, created_date, updated_date) VALUES (1160, 59.95, 47, 'active', '2025-01-01 00:00:00', '2025-01-01 00:00:00');
INSERT INTO product_variants (id, product_id, color_id, size_id, price_id, material_id, season_id, status, created_date, updated_date) VALUES (1160, 98, 6, 6, 1160, 3, 1, 'active', '2025-01-01 00:00:00', '2025-01-01 00:00:00');
INSERT INTO prices (id, base_price, sale_price, status, created_date, updated_date) VALUES (1161, 59.95, 47, 'active', '2025-01-01 00:00:00', '2025-01-01 00:00:00');
INSERT INTO product_variants (id, product_id, color_id, size_id, price_id, material_id, season_id, status, created_date, updated_date) VALUES (1161, 98, 6, 5, 1161, 7, 3, 'active', '2025-01-01 00:00:00', '2025-01-01 00:00:00');
INSERT INTO product (id, name, description, category_id, status, created_date, updated_date, created_by, updated_by) VALUES (99, 'Cotton-Blend Relaxed Crewneck Sweater', 'Description for Cotton-Blend Relaxed Crewneck Sweater', 5, 'active', '2025-01-01 00:00:00', '2025-01-01 00:00:00', 1, 1);
INSERT INTO product_image (id, image_url, display_order, is_primary, product_id, created_date, updated_date) VALUES (621, 'https://www1.assets-gap.com/webcontent/0060/619/933/cn60619933.jpg?q=h&w=1152', 0, 1, 99, '2025-01-01 00:00:00', '2025-01-01 00:00:00');
INSERT INTO product_image (id, image_url, display_order, is_primary, product_id, created_date, updated_date) VALUES (622, 'https://www.gap.com/webcontent/0060/619/925/cn60619925.jpg', 1, 0, 99, '2025-01-01 00:00:00', '2025-01-01 00:00:00');
INSERT INTO product_image (id, image_url, display_order, is_primary, product_id, created_date, updated_date) VALUES (623, 'https://www.gap.com/webcontent/0060/619/942/cn60619942.jpg', 2, 0, 99, '2025-01-01 00:00:00', '2025-01-01 00:00:00');
INSERT INTO product_image (id, image_url, display_order, is_primary, product_id, created_date, updated_date) VALUES (624, 'https://www.gap.com/webcontent/0060/619/953/cn60619953.jpg', 3, 0, 99, '2025-01-01 00:00:00', '2025-01-01 00:00:00');
INSERT INTO product_image (id, image_url, display_order, is_primary, product_id, created_date, updated_date) VALUES (625, 'https://www.gap.com/webcontent/0060/472/252/cn60472252.jpg', 4, 0, 99, '2025-01-01 00:00:00', '2025-01-01 00:00:00');
INSERT INTO product_image (id, image_url, display_order, is_primary, product_id, created_date, updated_date) VALUES (626, 'https://www.gap.com/webcontent/0060/472/278/cn60472278.jpg', 5, 0, 99, '2025-01-01 00:00:00', '2025-01-01 00:00:00');
INSERT INTO prices (id, base_price, sale_price, status, created_date, updated_date) VALUES (1162, 89.95, 71, 'active', '2025-01-01 00:00:00', '2025-01-01 00:00:00');
INSERT INTO product_variants (id, product_id, color_id, size_id, price_id, material_id, season_id, status, created_date, updated_date) VALUES (1162, 99, 5, 5, 1162, 1, 4, 'active', '2025-01-01 00:00:00', '2025-01-01 00:00:00');
INSERT INTO prices (id, base_price, sale_price, status, created_date, updated_date) VALUES (1163, 89.95, 71, 'active', '2025-01-01 00:00:00', '2025-01-01 00:00:00');
INSERT INTO product_variants (id, product_id, color_id, size_id, price_id, material_id, season_id, status, created_date, updated_date) VALUES (1163, 99, 5, 7, 1163, 7, 1, 'active', '2025-01-01 00:00:00', '2025-01-01 00:00:00');
INSERT INTO prices (id, base_price, sale_price, status, created_date, updated_date) VALUES (1164, 89.95, 71, 'active', '2025-01-01 00:00:00', '2025-01-01 00:00:00');
INSERT INTO product_variants (id, product_id, color_id, size_id, price_id, material_id, season_id, status, created_date, updated_date) VALUES (1164, 99, 2, 4, 1164, 2, 3, 'active', '2025-01-01 00:00:00', '2025-01-01 00:00:00');
INSERT INTO prices (id, base_price, sale_price, status, created_date, updated_date) VALUES (1165, 89.95, 71, 'active', '2025-01-01 00:00:00', '2025-01-01 00:00:00');
INSERT INTO product_variants (id, product_id, color_id, size_id, price_id, material_id, season_id, status, created_date, updated_date) VALUES (1165, 99, 2, 5, 1165, 4, 1, 'active', '2025-01-01 00:00:00', '2025-01-01 00:00:00');
INSERT INTO prices (id, base_price, sale_price, status, created_date, updated_date) VALUES (1166, 89.95, 71, 'active', '2025-01-01 00:00:00', '2025-01-01 00:00:00');
INSERT INTO product_variants (id, product_id, color_id, size_id, price_id, material_id, season_id, status, created_date, updated_date) VALUES (1166, 99, 3, 10, 1166, 3, 1, 'active', '2025-01-01 00:00:00', '2025-01-01 00:00:00');
INSERT INTO prices (id, base_price, sale_price, status, created_date, updated_date) VALUES (1167, 89.95, 71, 'active', '2025-01-01 00:00:00', '2025-01-01 00:00:00');
INSERT INTO product_variants (id, product_id, color_id, size_id, price_id, material_id, season_id, status, created_date, updated_date) VALUES (1167, 99, 3, 4, 1167, 4, 2, 'active', '2025-01-01 00:00:00', '2025-01-01 00:00:00');
INSERT INTO prices (id, base_price, sale_price, status, created_date, updated_date) VALUES (1168, 89.95, 71, 'active', '2025-01-01 00:00:00', '2025-01-01 00:00:00');
INSERT INTO product_variants (id, product_id, color_id, size_id, price_id, material_id, season_id, status, created_date, updated_date) VALUES (1168, 99, 11, 1, 1168, 7, 2, 'active', '2025-01-01 00:00:00', '2025-01-01 00:00:00');
INSERT INTO prices (id, base_price, sale_price, status, created_date, updated_date) VALUES (1169, 89.95, 71, 'active', '2025-01-01 00:00:00', '2025-01-01 00:00:00');
INSERT INTO product_variants (id, product_id, color_id, size_id, price_id, material_id, season_id, status, created_date, updated_date) VALUES (1169, 99, 11, 3, 1169, 6, 4, 'active', '2025-01-01 00:00:00', '2025-01-01 00:00:00');
INSERT INTO prices (id, base_price, sale_price, status, created_date, updated_date) VALUES (1170, 89.95, 71, 'active', '2025-01-01 00:00:00', '2025-01-01 00:00:00');
INSERT INTO product_variants (id, product_id, color_id, size_id, price_id, material_id, season_id, status, created_date, updated_date) VALUES (1170, 99, 14, 6, 1170, 5, 4, 'active', '2025-01-01 00:00:00', '2025-01-01 00:00:00');
INSERT INTO prices (id, base_price, sale_price, status, created_date, updated_date) VALUES (1171, 89.95, 71, 'active', '2025-01-01 00:00:00', '2025-01-01 00:00:00');
INSERT INTO product_variants (id, product_id, color_id, size_id, price_id, material_id, season_id, status, created_date, updated_date) VALUES (1171, 99, 14, 1, 1171, 4, 2, 'active', '2025-01-01 00:00:00', '2025-01-01 00:00:00');
INSERT INTO product (id, name, description, category_id, status, created_date, updated_date, created_by, updated_by) VALUES (100, 'High Rise VintageSoft Relaxed Joggers', 'Description for High Rise VintageSoft Relaxed Joggers', 5, 'active', '2025-01-01 00:00:00', '2025-01-01 00:00:00', 1, 1);
INSERT INTO product_image (id, image_url, display_order, is_primary, product_id, created_date, updated_date) VALUES (627, 'https://www1.assets-gap.com/webcontent/0061/143/526/cn61143526.jpg?q=h&w=1152', 0, 1, 100, '2025-01-01 00:00:00', '2025-01-01 00:00:00');
INSERT INTO product_image (id, image_url, display_order, is_primary, product_id, created_date, updated_date) VALUES (628, 'https://www.gap.com/webcontent/0061/143/512/cn61143512.jpg', 1, 0, 100, '2025-01-01 00:00:00', '2025-01-01 00:00:00');
INSERT INTO product_image (id, image_url, display_order, is_primary, product_id, created_date, updated_date) VALUES (629, 'https://www.gap.com/webcontent/0061/143/519/cn61143519.jpg', 2, 0, 100, '2025-01-01 00:00:00', '2025-01-01 00:00:00');
INSERT INTO product_image (id, image_url, display_order, is_primary, product_id, created_date, updated_date) VALUES (630, 'https://www.gap.com/webcontent/0061/143/542/cn61143542.jpg', 3, 0, 100, '2025-01-01 00:00:00', '2025-01-01 00:00:00');
INSERT INTO product_image (id, image_url, display_order, is_primary, product_id, created_date, updated_date) VALUES (631, 'https://www.gap.com/webcontent/0061/143/929/cn61143929.jpg', 4, 0, 100, '2025-01-01 00:00:00', '2025-01-01 00:00:00');
INSERT INTO product_image (id, image_url, display_order, is_primary, product_id, created_date, updated_date) VALUES (632, 'https://www.gap.com/webcontent/0061/143/946/cn61143946.jpg', 5, 0, 100, '2025-01-01 00:00:00', '2025-01-01 00:00:00');
INSERT INTO product_image (id, image_url, display_order, is_primary, product_id, created_date, updated_date) VALUES (633, 'https://www.gap.com/webcontent/0061/143/942/cn61143942.jpg', 6, 0, 100, '2025-01-01 00:00:00', '2025-01-01 00:00:00');
INSERT INTO prices (id, base_price, sale_price, status, created_date, updated_date) VALUES (1172, 59.95, 47, 'active', '2025-01-01 00:00:00', '2025-01-01 00:00:00');
INSERT INTO product_variants (id, product_id, color_id, size_id, price_id, material_id, season_id, status, created_date, updated_date) VALUES (1172, 100, 1, 3, 1172, 7, 1, 'active', '2025-01-01 00:00:00', '2025-01-01 00:00:00');
INSERT INTO prices (id, base_price, sale_price, status, created_date, updated_date) VALUES (1173, 59.95, 47, 'active', '2025-01-01 00:00:00', '2025-01-01 00:00:00');
INSERT INTO product_variants (id, product_id, color_id, size_id, price_id, material_id, season_id, status, created_date, updated_date) VALUES (1173, 100, 1, 2, 1173, 4, 1, 'active', '2025-01-01 00:00:00', '2025-01-01 00:00:00');
INSERT INTO prices (id, base_price, sale_price, status, created_date, updated_date) VALUES (1174, 59.95, 47, 'active', '2025-01-01 00:00:00', '2025-01-01 00:00:00');
INSERT INTO product_variants (id, product_id, color_id, size_id, price_id, material_id, season_id, status, created_date, updated_date) VALUES (1174, 100, 3, 9, 1174, 4, 1, 'active', '2025-01-01 00:00:00', '2025-01-01 00:00:00');
INSERT INTO prices (id, base_price, sale_price, status, created_date, updated_date) VALUES (1175, 59.95, 47, 'active', '2025-01-01 00:00:00', '2025-01-01 00:00:00');
INSERT INTO product_variants (id, product_id, color_id, size_id, price_id, material_id, season_id, status, created_date, updated_date) VALUES (1175, 100, 3, 2, 1175, 5, 4, 'active', '2025-01-01 00:00:00', '2025-01-01 00:00:00');
INSERT INTO prices (id, base_price, sale_price, status, created_date, updated_date) VALUES (1176, 59.95, 47, 'active', '2025-01-01 00:00:00', '2025-01-01 00:00:00');
INSERT INTO product_variants (id, product_id, color_id, size_id, price_id, material_id, season_id, status, created_date, updated_date) VALUES (1176, 100, 9, 7, 1176, 5, 2, 'active', '2025-01-01 00:00:00', '2025-01-01 00:00:00');
INSERT INTO prices (id, base_price, sale_price, status, created_date, updated_date) VALUES (1177, 59.95, 47, 'active', '2025-01-01 00:00:00', '2025-01-01 00:00:00');
INSERT INTO product_variants (id, product_id, color_id, size_id, price_id, material_id, season_id, status, created_date, updated_date) VALUES (1177, 100, 9, 4, 1177, 5, 1, 'active', '2025-01-01 00:00:00', '2025-01-01 00:00:00');
INSERT INTO prices (id, base_price, sale_price, status, created_date, updated_date) VALUES (1178, 59.95, 47, 'active', '2025-01-01 00:00:00', '2025-01-01 00:00:00');
INSERT INTO product_variants (id, product_id, color_id, size_id, price_id, material_id, season_id, status, created_date, updated_date) VALUES (1178, 100, 9, 2, 1178, 1, 1, 'active', '2025-01-01 00:00:00', '2025-01-01 00:00:00');
INSERT INTO prices (id, base_price, sale_price, status, created_date, updated_date) VALUES (1179, 59.95, 47, 'active', '2025-01-01 00:00:00', '2025-01-01 00:00:00');
INSERT INTO product_variants (id, product_id, color_id, size_id, price_id, material_id, season_id, status, created_date, updated_date) VALUES (1179, 100, 3, 5, 1179, 6, 2, 'active', '2025-01-01 00:00:00', '2025-01-01 00:00:00');
INSERT INTO prices (id, base_price, sale_price, status, created_date, updated_date) VALUES (1180, 59.95, 47, 'active', '2025-01-01 00:00:00', '2025-01-01 00:00:00');
INSERT INTO product_variants (id, product_id, color_id, size_id, price_id, material_id, season_id, status, created_date, updated_date) VALUES (1180, 100, 3, 6, 1180, 3, 4, 'active', '2025-01-01 00:00:00', '2025-01-01 00:00:00');
INSERT INTO prices (id, base_price, sale_price, status, created_date, updated_date) VALUES (1181, 59.95, 47, 'active', '2025-01-01 00:00:00', '2025-01-01 00:00:00');
INSERT INTO product_variants (id, product_id, color_id, size_id, price_id, material_id, season_id, status, created_date, updated_date) VALUES (1181, 100, 11, 4, 1181, 5, 3, 'active', '2025-01-01 00:00:00', '2025-01-01 00:00:00');
INSERT INTO prices (id, base_price, sale_price, status, created_date, updated_date) VALUES (1182, 59.95, 47, 'active', '2025-01-01 00:00:00', '2025-01-01 00:00:00');
INSERT INTO product_variants (id, product_id, color_id, size_id, price_id, material_id, season_id, status, created_date, updated_date) VALUES (1182, 100, 11, 1, 1182, 3, 4, 'active', '2025-01-01 00:00:00', '2025-01-01 00:00:00');
INSERT INTO prices (id, base_price, sale_price, status, created_date, updated_date) VALUES (1183, 59.95, 47, 'active', '2025-01-01 00:00:00', '2025-01-01 00:00:00');
INSERT INTO product_variants (id, product_id, color_id, size_id, price_id, material_id, season_id, status, created_date, updated_date) VALUES (1183, 100, 11, 9, 1183, 4, 3, 'active', '2025-01-01 00:00:00', '2025-01-01 00:00:00');
INSERT INTO prices (id, base_price, sale_price, status, created_date, updated_date) VALUES (1184, 59.95, 47, 'active', '2025-01-01 00:00:00', '2025-01-01 00:00:00');
INSERT INTO product_variants (id, product_id, color_id, size_id, price_id, material_id, season_id, status, created_date, updated_date) VALUES (1184, 100, 4, 10, 1184, 5, 4, 'active', '2025-01-01 00:00:00', '2025-01-01 00:00:00');
INSERT INTO prices (id, base_price, sale_price, status, created_date, updated_date) VALUES (1185, 59.95, 47, 'active', '2025-01-01 00:00:00', '2025-01-01 00:00:00');
INSERT INTO product_variants (id, product_id, color_id, size_id, price_id, material_id, season_id, status, created_date, updated_date) VALUES (1185, 100, 4, 8, 1185, 5, 2, 'active', '2025-01-01 00:00:00', '2025-01-01 00:00:00');
INSERT INTO prices (id, base_price, sale_price, status, created_date, updated_date) VALUES (1186, 59.95, 47, 'active', '2025-01-01 00:00:00', '2025-01-01 00:00:00');
INSERT INTO product_variants (id, product_id, color_id, size_id, price_id, material_id, season_id, status, created_date, updated_date) VALUES (1186, 100, 4, 3, 1186, 2, 4, 'active', '2025-01-01 00:00:00', '2025-01-01 00:00:00');
INSERT INTO prices (id, base_price, sale_price, status, created_date, updated_date) VALUES (1187, 59.95, 47, 'active', '2025-01-01 00:00:00', '2025-01-01 00:00:00');
INSERT INTO product_variants (id, product_id, color_id, size_id, price_id, material_id, season_id, status, created_date, updated_date) VALUES (1187, 100, 4, 4, 1187, 7, 4, 'active', '2025-01-01 00:00:00', '2025-01-01 00:00:00');
INSERT INTO prices (id, base_price, sale_price, status, created_date, updated_date) VALUES (1188, 59.95, 47, 'active', '2025-01-01 00:00:00', '2025-01-01 00:00:00');
INSERT INTO product_variants (id, product_id, color_id, size_id, price_id, material_id, season_id, status, created_date, updated_date) VALUES (1188, 100, 4, 5, 1188, 7, 2, 'active', '2025-01-01 00:00:00', '2025-01-01 00:00:00');
INSERT INTO prices (id, base_price, sale_price, status, created_date, updated_date) VALUES (1189, 59.95, 47, 'active', '2025-01-01 00:00:00', '2025-01-01 00:00:00');
INSERT INTO product_variants (id, product_id, color_id, size_id, price_id, material_id, season_id, status, created_date, updated_date) VALUES (1189, 100, 2, 7, 1189, 5, 1, 'active', '2025-01-01 00:00:00', '2025-01-01 00:00:00');
INSERT INTO prices (id, base_price, sale_price, status, created_date, updated_date) VALUES (1190, 59.95, 47, 'active', '2025-01-01 00:00:00', '2025-01-01 00:00:00');
INSERT INTO product_variants (id, product_id, color_id, size_id, price_id, material_id, season_id, status, created_date, updated_date) VALUES (1190, 100, 2, 1, 1190, 6, 3, 'active', '2025-01-01 00:00:00', '2025-01-01 00:00:00');
INSERT INTO prices (id, base_price, sale_price, status, created_date, updated_date) VALUES (1191, 59.95, 47, 'active', '2025-01-01 00:00:00', '2025-01-01 00:00:00');
INSERT INTO product_variants (id, product_id, color_id, size_id, price_id, material_id, season_id, status, created_date, updated_date) VALUES (1191, 100, 10, 2, 1191, 3, 1, 'active', '2025-01-01 00:00:00', '2025-01-01 00:00:00');
INSERT INTO prices (id, base_price, sale_price, status, created_date, updated_date) VALUES (1192, 59.95, 47, 'active', '2025-01-01 00:00:00', '2025-01-01 00:00:00');
INSERT INTO product_variants (id, product_id, color_id, size_id, price_id, material_id, season_id, status, created_date, updated_date) VALUES (1192, 100, 10, 10, 1192, 2, 2, 'active', '2025-01-01 00:00:00', '2025-01-01 00:00:00');
INSERT INTO prices (id, base_price, sale_price, status, created_date, updated_date) VALUES (1193, 59.95, 47, 'active', '2025-01-01 00:00:00', '2025-01-01 00:00:00');
INSERT INTO product_variants (id, product_id, color_id, size_id, price_id, material_id, season_id, status, created_date, updated_date) VALUES (1193, 100, 3, 1, 1193, 1, 1, 'active', '2025-01-01 00:00:00', '2025-01-01 00:00:00');
INSERT INTO prices (id, base_price, sale_price, status, created_date, updated_date) VALUES (1194, 59.95, 47, 'active', '2025-01-01 00:00:00', '2025-01-01 00:00:00');
INSERT INTO product_variants (id, product_id, color_id, size_id, price_id, material_id, season_id, status, created_date, updated_date) VALUES (1194, 100, 3, 6, 1194, 7, 2, 'active', '2025-01-01 00:00:00', '2025-01-01 00:00:00');
INSERT INTO prices (id, base_price, sale_price, status, created_date, updated_date) VALUES (1195, 59.95, 47, 'active', '2025-01-01 00:00:00', '2025-01-01 00:00:00');
INSERT INTO product_variants (id, product_id, color_id, size_id, price_id, material_id, season_id, status, created_date, updated_date) VALUES (1195, 100, 9, 5, 1195, 4, 4, 'active', '2025-01-01 00:00:00', '2025-01-01 00:00:00');
INSERT INTO prices (id, base_price, sale_price, status, created_date, updated_date) VALUES (1196, 59.95, 47, 'active', '2025-01-01 00:00:00', '2025-01-01 00:00:00');
INSERT INTO product_variants (id, product_id, color_id, size_id, price_id, material_id, season_id, status, created_date, updated_date) VALUES (1196, 100, 9, 1, 1196, 7, 1, 'active', '2025-01-01 00:00:00', '2025-01-01 00:00:00');
INSERT INTO prices (id, base_price, sale_price, status, created_date, updated_date) VALUES (1197, 59.95, 47, 'active', '2025-01-01 00:00:00', '2025-01-01 00:00:00');
INSERT INTO product_variants (id, product_id, color_id, size_id, price_id, material_id, season_id, status, created_date, updated_date) VALUES (1197, 100, 9, 4, 1197, 2, 2, 'active', '2025-01-01 00:00:00', '2025-01-01 00:00:00');
INSERT INTO prices (id, base_price, sale_price, status, created_date, updated_date) VALUES (1198, 59.95, 47, 'active', '2025-01-01 00:00:00', '2025-01-01 00:00:00');
INSERT INTO product_variants (id, product_id, color_id, size_id, price_id, material_id, season_id, status, created_date, updated_date) VALUES (1198, 100, 2, 6, 1198, 6, 1, 'active', '2025-01-01 00:00:00', '2025-01-01 00:00:00');
INSERT INTO prices (id, base_price, sale_price, status, created_date, updated_date) VALUES (1199, 59.95, 47, 'active', '2025-01-01 00:00:00', '2025-01-01 00:00:00');
INSERT INTO product_variants (id, product_id, color_id, size_id, price_id, material_id, season_id, status, created_date, updated_date) VALUES (1199, 100, 2, 8, 1199, 7, 3, 'active', '2025-01-01 00:00:00', '2025-01-01 00:00:00');
INSERT INTO prices (id, base_price, sale_price, status, created_date, updated_date) VALUES (1200, 59.95, 47, 'active', '2025-01-01 00:00:00', '2025-01-01 00:00:00');
INSERT INTO product_variants (id, product_id, color_id, size_id, price_id, material_id, season_id, status, created_date, updated_date) VALUES (1200, 100, 3, 2, 1200, 3, 1, 'active', '2025-01-01 00:00:00', '2025-01-01 00:00:00');
INSERT INTO prices (id, base_price, sale_price, status, created_date, updated_date) VALUES (1201, 59.95, 47, 'active', '2025-01-01 00:00:00', '2025-01-01 00:00:00');
INSERT INTO product_variants (id, product_id, color_id, size_id, price_id, material_id, season_id, status, created_date, updated_date) VALUES (1201, 100, 3, 9, 1201, 3, 4, 'active', '2025-01-01 00:00:00', '2025-01-01 00:00:00');
INSERT INTO prices (id, base_price, sale_price, status, created_date, updated_date) VALUES (1202, 59.95, 47, 'active', '2025-01-01 00:00:00', '2025-01-01 00:00:00');
INSERT INTO product_variants (id, product_id, color_id, size_id, price_id, material_id, season_id, status, created_date, updated_date) VALUES (1202, 100, 14, 4, 1202, 1, 1, 'active', '2025-01-01 00:00:00', '2025-01-01 00:00:00');
INSERT INTO prices (id, base_price, sale_price, status, created_date, updated_date) VALUES (1203, 59.95, 47, 'active', '2025-01-01 00:00:00', '2025-01-01 00:00:00');
INSERT INTO product_variants (id, product_id, color_id, size_id, price_id, material_id, season_id, status, created_date, updated_date) VALUES (1203, 100, 14, 6, 1203, 4, 1, 'active', '2025-01-01 00:00:00', '2025-01-01 00:00:00');
INSERT INTO prices (id, base_price, sale_price, status, created_date, updated_date) VALUES (1204, 59.95, 47, 'active', '2025-01-01 00:00:00', '2025-01-01 00:00:00');
INSERT INTO product_variants (id, product_id, color_id, size_id, price_id, material_id, season_id, status, created_date, updated_date) VALUES (1204, 100, 14, 7, 1204, 5, 3, 'active', '2025-01-01 00:00:00', '2025-01-01 00:00:00');
INSERT INTO prices (id, base_price, sale_price, status, created_date, updated_date) VALUES (1205, 59.95, 47, 'active', '2025-01-01 00:00:00', '2025-01-01 00:00:00');
INSERT INTO product_variants (id, product_id, color_id, size_id, price_id, material_id, season_id, status, created_date, updated_date) VALUES (1205, 100, 11, 9, 1205, 4, 4, 'active', '2025-01-01 00:00:00', '2025-01-01 00:00:00');
INSERT INTO prices (id, base_price, sale_price, status, created_date, updated_date) VALUES (1206, 59.95, 47, 'active', '2025-01-01 00:00:00', '2025-01-01 00:00:00');
INSERT INTO product_variants (id, product_id, color_id, size_id, price_id, material_id, season_id, status, created_date, updated_date) VALUES (1206, 100, 11, 7, 1206, 3, 1, 'active', '2025-01-01 00:00:00', '2025-01-01 00:00:00');
INSERT INTO prices (id, base_price, sale_price, status, created_date, updated_date) VALUES (1207, 59.95, 47, 'active', '2025-01-01 00:00:00', '2025-01-01 00:00:00');
INSERT INTO product_variants (id, product_id, color_id, size_id, price_id, material_id, season_id, status, created_date, updated_date) VALUES (1207, 100, 7, 10, 1207, 6, 3, 'active', '2025-01-01 00:00:00', '2025-01-01 00:00:00');
INSERT INTO prices (id, base_price, sale_price, status, created_date, updated_date) VALUES (1208, 59.95, 47, 'active', '2025-01-01 00:00:00', '2025-01-01 00:00:00');
INSERT INTO product_variants (id, product_id, color_id, size_id, price_id, material_id, season_id, status, created_date, updated_date) VALUES (1208, 100, 7, 1, 1208, 2, 1, 'active', '2025-01-01 00:00:00', '2025-01-01 00:00:00');
INSERT INTO prices (id, base_price, sale_price, status, created_date, updated_date) VALUES (1209, 59.95, 47, 'active', '2025-01-01 00:00:00', '2025-01-01 00:00:00');
INSERT INTO product_variants (id, product_id, color_id, size_id, price_id, material_id, season_id, status, created_date, updated_date) VALUES (1209, 100, 6, 10, 1209, 4, 2, 'active', '2025-01-01 00:00:00', '2025-01-01 00:00:00');
INSERT INTO product (id, name, description, category_id, status, created_date, updated_date, created_by, updated_by) VALUES (101, 'Modern Crewneck T-Shirt', 'Description for Modern Crewneck T-Shirt', 6, 'active', '2025-01-01 00:00:00', '2025-01-01 00:00:00', 1, 1);
INSERT INTO product_image (id, image_url, display_order, is_primary, product_id, created_date, updated_date) VALUES (634, 'https://www1.assets-gap.com/webcontent/0057/721/250/cn57721250.jpg?q=h&w=1152', 0, 1, 101, '2025-01-01 00:00:00', '2025-01-01 00:00:00');
INSERT INTO product_image (id, image_url, display_order, is_primary, product_id, created_date, updated_date) VALUES (635, 'https://www.gap.com/webcontent/0057/721/231/cn57721231.jpg', 1, 0, 101, '2025-01-01 00:00:00', '2025-01-01 00:00:00');
INSERT INTO product_image (id, image_url, display_order, is_primary, product_id, created_date, updated_date) VALUES (636, 'https://www.gap.com/webcontent/0057/440/624/cn57440624.jpg', 2, 0, 101, '2025-01-01 00:00:00', '2025-01-01 00:00:00');
INSERT INTO product_image (id, image_url, display_order, is_primary, product_id, created_date, updated_date) VALUES (637, 'https://www.gap.com/webcontent/0057/721/245/cn57721245.jpg', 3, 0, 101, '2025-01-01 00:00:00', '2025-01-01 00:00:00');
INSERT INTO product_image (id, image_url, display_order, is_primary, product_id, created_date, updated_date) VALUES (638, 'https://www.gap.com/webcontent/0061/005/677/cn61005677.jpg', 4, 0, 101, '2025-01-01 00:00:00', '2025-01-01 00:00:00');
INSERT INTO prices (id, base_price, sale_price, status, created_date, updated_date) VALUES (1210, 24.95, 9, 'active', '2025-01-01 00:00:00', '2025-01-01 00:00:00');
INSERT INTO product_variants (id, product_id, color_id, size_id, price_id, material_id, season_id, status, created_date, updated_date) VALUES (1210, 101, 3, 10, 1210, 6, 1, 'active', '2025-01-01 00:00:00', '2025-01-01 00:00:00');
INSERT INTO prices (id, base_price, sale_price, status, created_date, updated_date) VALUES (1211, 24.95, 9, 'active', '2025-01-01 00:00:00', '2025-01-01 00:00:00');
INSERT INTO product_variants (id, product_id, color_id, size_id, price_id, material_id, season_id, status, created_date, updated_date) VALUES (1211, 101, 3, 2, 1211, 2, 3, 'active', '2025-01-01 00:00:00', '2025-01-01 00:00:00');
INSERT INTO prices (id, base_price, sale_price, status, created_date, updated_date) VALUES (1212, 24.95, 9, 'active', '2025-01-01 00:00:00', '2025-01-01 00:00:00');
INSERT INTO product_variants (id, product_id, color_id, size_id, price_id, material_id, season_id, status, created_date, updated_date) VALUES (1212, 101, 9, 9, 1212, 5, 1, 'active', '2025-01-01 00:00:00', '2025-01-01 00:00:00');
INSERT INTO prices (id, base_price, sale_price, status, created_date, updated_date) VALUES (1213, 24.95, 9, 'active', '2025-01-01 00:00:00', '2025-01-01 00:00:00');
INSERT INTO product_variants (id, product_id, color_id, size_id, price_id, material_id, season_id, status, created_date, updated_date) VALUES (1213, 101, 9, 10, 1213, 1, 1, 'active', '2025-01-01 00:00:00', '2025-01-01 00:00:00');
INSERT INTO prices (id, base_price, sale_price, status, created_date, updated_date) VALUES (1214, 24.95, 9, 'active', '2025-01-01 00:00:00', '2025-01-01 00:00:00');
INSERT INTO product_variants (id, product_id, color_id, size_id, price_id, material_id, season_id, status, created_date, updated_date) VALUES (1214, 101, 9, 1, 1214, 6, 3, 'active', '2025-01-01 00:00:00', '2025-01-01 00:00:00');
INSERT INTO prices (id, base_price, sale_price, status, created_date, updated_date) VALUES (1215, 24.95, 9, 'active', '2025-01-01 00:00:00', '2025-01-01 00:00:00');
INSERT INTO product_variants (id, product_id, color_id, size_id, price_id, material_id, season_id, status, created_date, updated_date) VALUES (1215, 101, 2, 8, 1215, 6, 4, 'active', '2025-01-01 00:00:00', '2025-01-01 00:00:00');
INSERT INTO prices (id, base_price, sale_price, status, created_date, updated_date) VALUES (1216, 24.95, 9, 'active', '2025-01-01 00:00:00', '2025-01-01 00:00:00');
INSERT INTO product_variants (id, product_id, color_id, size_id, price_id, material_id, season_id, status, created_date, updated_date) VALUES (1216, 101, 2, 6, 1216, 2, 1, 'active', '2025-01-01 00:00:00', '2025-01-01 00:00:00');
INSERT INTO prices (id, base_price, sale_price, status, created_date, updated_date) VALUES (1217, 24.95, 9, 'active', '2025-01-01 00:00:00', '2025-01-01 00:00:00');
INSERT INTO product_variants (id, product_id, color_id, size_id, price_id, material_id, season_id, status, created_date, updated_date) VALUES (1217, 101, 1, 1, 1217, 2, 4, 'active', '2025-01-01 00:00:00', '2025-01-01 00:00:00');
INSERT INTO prices (id, base_price, sale_price, status, created_date, updated_date) VALUES (1218, 24.95, 9, 'active', '2025-01-01 00:00:00', '2025-01-01 00:00:00');
INSERT INTO product_variants (id, product_id, color_id, size_id, price_id, material_id, season_id, status, created_date, updated_date) VALUES (1218, 101, 1, 6, 1218, 3, 2, 'active', '2025-01-01 00:00:00', '2025-01-01 00:00:00');
INSERT INTO product (id, name, description, category_id, status, created_date, updated_date, created_by, updated_by) VALUES (102, 'Modern Crewneck T-Shirt', 'Description for Modern Crewneck T-Shirt', 6, 'active', '2025-01-01 00:00:00', '2025-01-01 00:00:00', 1, 1);
INSERT INTO product_image (id, image_url, display_order, is_primary, product_id, created_date, updated_date) VALUES (639, 'https://www1.assets-gap.com/webcontent/0060/429/403/cn60429403.jpg?q=h&w=1152', 0, 1, 102, '2025-01-01 00:00:00', '2025-01-01 00:00:00');
INSERT INTO product_image (id, image_url, display_order, is_primary, product_id, created_date, updated_date) VALUES (640, 'https://www.gap.com/webcontent/0060/429/395/cn60429395.jpg', 1, 0, 102, '2025-01-01 00:00:00', '2025-01-01 00:00:00');
INSERT INTO product_image (id, image_url, display_order, is_primary, product_id, created_date, updated_date) VALUES (641, 'https://www.gap.com/webcontent/0060/429/400/cn60429400.jpg', 2, 0, 102, '2025-01-01 00:00:00', '2025-01-01 00:00:00');
INSERT INTO product_image (id, image_url, display_order, is_primary, product_id, created_date, updated_date) VALUES (642, 'https://www.gap.com/webcontent/0060/429/414/cn60429414.jpg', 3, 0, 102, '2025-01-01 00:00:00', '2025-01-01 00:00:00');
INSERT INTO product_image (id, image_url, display_order, is_primary, product_id, created_date, updated_date) VALUES (643, 'https://www.gap.com/webcontent/0060/295/649/cn60295649.jpg', 4, 0, 102, '2025-01-01 00:00:00', '2025-01-01 00:00:00');
INSERT INTO product_image (id, image_url, display_order, is_primary, product_id, created_date, updated_date) VALUES (644, 'https://www.gap.com/webcontent/0060/295/665/cn60295665.jpg', 5, 0, 102, '2025-01-01 00:00:00', '2025-01-01 00:00:00');
INSERT INTO prices (id, base_price, sale_price, status, created_date, updated_date) VALUES (1219, 39.95, 23, 'active', '2025-01-01 00:00:00', '2025-01-01 00:00:00');
INSERT INTO product_variants (id, product_id, color_id, size_id, price_id, material_id, season_id, status, created_date, updated_date) VALUES (1219, 102, 6, 1, 1219, 1, 2, 'active', '2025-01-01 00:00:00', '2025-01-01 00:00:00');
INSERT INTO prices (id, base_price, sale_price, status, created_date, updated_date) VALUES (1220, 39.95, 23, 'active', '2025-01-01 00:00:00', '2025-01-01 00:00:00');
INSERT INTO product_variants (id, product_id, color_id, size_id, price_id, material_id, season_id, status, created_date, updated_date) VALUES (1220, 102, 6, 9, 1220, 2, 1, 'active', '2025-01-01 00:00:00', '2025-01-01 00:00:00');
INSERT INTO prices (id, base_price, sale_price, status, created_date, updated_date) VALUES (1221, 39.95, 23, 'active', '2025-01-01 00:00:00', '2025-01-01 00:00:00');
INSERT INTO product_variants (id, product_id, color_id, size_id, price_id, material_id, season_id, status, created_date, updated_date) VALUES (1221, 102, 6, 7, 1221, 5, 2, 'active', '2025-01-01 00:00:00', '2025-01-01 00:00:00');
INSERT INTO prices (id, base_price, sale_price, status, created_date, updated_date) VALUES (1222, 39.95, 23, 'active', '2025-01-01 00:00:00', '2025-01-01 00:00:00');
INSERT INTO product_variants (id, product_id, color_id, size_id, price_id, material_id, season_id, status, created_date, updated_date) VALUES (1222, 102, 4, 3, 1222, 5, 4, 'active', '2025-01-01 00:00:00', '2025-01-01 00:00:00');
INSERT INTO prices (id, base_price, sale_price, status, created_date, updated_date) VALUES (1223, 39.95, 23, 'active', '2025-01-01 00:00:00', '2025-01-01 00:00:00');
INSERT INTO product_variants (id, product_id, color_id, size_id, price_id, material_id, season_id, status, created_date, updated_date) VALUES (1223, 102, 4, 10, 1223, 7, 1, 'active', '2025-01-01 00:00:00', '2025-01-01 00:00:00');
INSERT INTO prices (id, base_price, sale_price, status, created_date, updated_date) VALUES (1224, 39.95, 23, 'active', '2025-01-01 00:00:00', '2025-01-01 00:00:00');
INSERT INTO product_variants (id, product_id, color_id, size_id, price_id, material_id, season_id, status, created_date, updated_date) VALUES (1224, 102, 13, 10, 1224, 4, 3, 'active', '2025-01-01 00:00:00', '2025-01-01 00:00:00');
INSERT INTO prices (id, base_price, sale_price, status, created_date, updated_date) VALUES (1225, 39.95, 23, 'active', '2025-01-01 00:00:00', '2025-01-01 00:00:00');
INSERT INTO product_variants (id, product_id, color_id, size_id, price_id, material_id, season_id, status, created_date, updated_date) VALUES (1225, 102, 13, 3, 1225, 7, 2, 'active', '2025-01-01 00:00:00', '2025-01-01 00:00:00');
INSERT INTO prices (id, base_price, sale_price, status, created_date, updated_date) VALUES (1226, 39.95, 23, 'active', '2025-01-01 00:00:00', '2025-01-01 00:00:00');
INSERT INTO product_variants (id, product_id, color_id, size_id, price_id, material_id, season_id, status, created_date, updated_date) VALUES (1226, 102, 13, 2, 1226, 6, 2, 'active', '2025-01-01 00:00:00', '2025-01-01 00:00:00');
INSERT INTO prices (id, base_price, sale_price, status, created_date, updated_date) VALUES (1227, 39.95, 23, 'active', '2025-01-01 00:00:00', '2025-01-01 00:00:00');
INSERT INTO product_variants (id, product_id, color_id, size_id, price_id, material_id, season_id, status, created_date, updated_date) VALUES (1227, 102, 6, 4, 1227, 6, 2, 'active', '2025-01-01 00:00:00', '2025-01-01 00:00:00');
INSERT INTO prices (id, base_price, sale_price, status, created_date, updated_date) VALUES (1228, 39.95, 23, 'active', '2025-01-01 00:00:00', '2025-01-01 00:00:00');
INSERT INTO product_variants (id, product_id, color_id, size_id, price_id, material_id, season_id, status, created_date, updated_date) VALUES (1228, 102, 6, 10, 1228, 7, 3, 'active', '2025-01-01 00:00:00', '2025-01-01 00:00:00');
INSERT INTO prices (id, base_price, sale_price, status, created_date, updated_date) VALUES (1229, 39.95, 23, 'active', '2025-01-01 00:00:00', '2025-01-01 00:00:00');
INSERT INTO product_variants (id, product_id, color_id, size_id, price_id, material_id, season_id, status, created_date, updated_date) VALUES (1229, 102, 6, 1, 1229, 2, 4, 'active', '2025-01-01 00:00:00', '2025-01-01 00:00:00');
INSERT INTO prices (id, base_price, sale_price, status, created_date, updated_date) VALUES (1230, 39.95, 23, 'active', '2025-01-01 00:00:00', '2025-01-01 00:00:00');
INSERT INTO product_variants (id, product_id, color_id, size_id, price_id, material_id, season_id, status, created_date, updated_date) VALUES (1230, 102, 9, 1, 1230, 5, 4, 'active', '2025-01-01 00:00:00', '2025-01-01 00:00:00');
INSERT INTO prices (id, base_price, sale_price, status, created_date, updated_date) VALUES (1231, 39.95, 23, 'active', '2025-01-01 00:00:00', '2025-01-01 00:00:00');
INSERT INTO product_variants (id, product_id, color_id, size_id, price_id, material_id, season_id, status, created_date, updated_date) VALUES (1231, 102, 9, 4, 1231, 7, 3, 'active', '2025-01-01 00:00:00', '2025-01-01 00:00:00');
INSERT INTO prices (id, base_price, sale_price, status, created_date, updated_date) VALUES (1232, 39.95, 23, 'active', '2025-01-01 00:00:00', '2025-01-01 00:00:00');
INSERT INTO product_variants (id, product_id, color_id, size_id, price_id, material_id, season_id, status, created_date, updated_date) VALUES (1232, 102, 1, 8, 1232, 4, 4, 'active', '2025-01-01 00:00:00', '2025-01-01 00:00:00');
INSERT INTO prices (id, base_price, sale_price, status, created_date, updated_date) VALUES (1233, 39.95, 23, 'active', '2025-01-01 00:00:00', '2025-01-01 00:00:00');
INSERT INTO product_variants (id, product_id, color_id, size_id, price_id, material_id, season_id, status, created_date, updated_date) VALUES (1233, 102, 1, 4, 1233, 7, 4, 'active', '2025-01-01 00:00:00', '2025-01-01 00:00:00');
INSERT INTO prices (id, base_price, sale_price, status, created_date, updated_date) VALUES (1234, 39.95, 23, 'active', '2025-01-01 00:00:00', '2025-01-01 00:00:00');
INSERT INTO product_variants (id, product_id, color_id, size_id, price_id, material_id, season_id, status, created_date, updated_date) VALUES (1234, 102, 1, 7, 1234, 3, 2, 'active', '2025-01-01 00:00:00', '2025-01-01 00:00:00');
INSERT INTO prices (id, base_price, sale_price, status, created_date, updated_date) VALUES (1235, 39.95, 23, 'active', '2025-01-01 00:00:00', '2025-01-01 00:00:00');
INSERT INTO product_variants (id, product_id, color_id, size_id, price_id, material_id, season_id, status, created_date, updated_date) VALUES (1235, 102, 2, 7, 1235, 4, 1, 'active', '2025-01-01 00:00:00', '2025-01-01 00:00:00');
INSERT INTO prices (id, base_price, sale_price, status, created_date, updated_date) VALUES (1236, 39.95, 23, 'active', '2025-01-01 00:00:00', '2025-01-01 00:00:00');
INSERT INTO product_variants (id, product_id, color_id, size_id, price_id, material_id, season_id, status, created_date, updated_date) VALUES (1236, 102, 2, 2, 1236, 5, 2, 'active', '2025-01-01 00:00:00', '2025-01-01 00:00:00');
INSERT INTO prices (id, base_price, sale_price, status, created_date, updated_date) VALUES (1237, 39.95, 23, 'active', '2025-01-01 00:00:00', '2025-01-01 00:00:00');
INSERT INTO product_variants (id, product_id, color_id, size_id, price_id, material_id, season_id, status, created_date, updated_date) VALUES (1237, 102, 2, 9, 1237, 2, 1, 'active', '2025-01-01 00:00:00', '2025-01-01 00:00:00');
INSERT INTO prices (id, base_price, sale_price, status, created_date, updated_date) VALUES (1238, 39.95, 23, 'active', '2025-01-01 00:00:00', '2025-01-01 00:00:00');
INSERT INTO product_variants (id, product_id, color_id, size_id, price_id, material_id, season_id, status, created_date, updated_date) VALUES (1238, 102, 3, 8, 1238, 2, 3, 'active', '2025-01-01 00:00:00', '2025-01-01 00:00:00');
INSERT INTO prices (id, base_price, sale_price, status, created_date, updated_date) VALUES (1239, 39.95, 23, 'active', '2025-01-01 00:00:00', '2025-01-01 00:00:00');
INSERT INTO product_variants (id, product_id, color_id, size_id, price_id, material_id, season_id, status, created_date, updated_date) VALUES (1239, 102, 3, 6, 1239, 1, 3, 'active', '2025-01-01 00:00:00', '2025-01-01 00:00:00');
INSERT INTO prices (id, base_price, sale_price, status, created_date, updated_date) VALUES (1240, 39.95, 23, 'active', '2025-01-01 00:00:00', '2025-01-01 00:00:00');
INSERT INTO product_variants (id, product_id, color_id, size_id, price_id, material_id, season_id, status, created_date, updated_date) VALUES (1240, 102, 3, 2, 1240, 4, 2, 'active', '2025-01-01 00:00:00', '2025-01-01 00:00:00');
INSERT INTO product (id, name, description, category_id, status, created_date, updated_date, created_by, updated_by) VALUES (103, 'Modern Crewneck T-Shirt', 'Description for Modern Crewneck T-Shirt', 6, 'active', '2025-01-01 00:00:00', '2025-01-01 00:00:00', 1, 1);
INSERT INTO product_image (id, image_url, display_order, is_primary, product_id, created_date, updated_date) VALUES (645, 'https://www1.assets-gap.com/webcontent/0057/491/300/cn57491300.jpg?q=h&w=1152', 0, 1, 103, '2025-01-01 00:00:00', '2025-01-01 00:00:00');
INSERT INTO product_image (id, image_url, display_order, is_primary, product_id, created_date, updated_date) VALUES (646, 'https://www.gap.com/webcontent/0057/491/260/cn57491260.jpg', 1, 0, 103, '2025-01-01 00:00:00', '2025-01-01 00:00:00');
INSERT INTO product_image (id, image_url, display_order, is_primary, product_id, created_date, updated_date) VALUES (647, 'https://www.gap.com/webcontent/0057/491/276/cn57491276.jpg', 2, 0, 103, '2025-01-01 00:00:00', '2025-01-01 00:00:00');
INSERT INTO product_image (id, image_url, display_order, is_primary, product_id, created_date, updated_date) VALUES (648, 'https://www.gap.com/webcontent/0057/491/279/cn57491279.jpg', 3, 0, 103, '2025-01-01 00:00:00', '2025-01-01 00:00:00');
INSERT INTO product_image (id, image_url, display_order, is_primary, product_id, created_date, updated_date) VALUES (649, 'https://www.gap.com/webcontent/0057/510/741/cn57510741.jpg', 4, 0, 103, '2025-01-01 00:00:00', '2025-01-01 00:00:00');
INSERT INTO prices (id, base_price, sale_price, status, created_date, updated_date) VALUES (1241, 24.95, 9, 'active', '2025-01-01 00:00:00', '2025-01-01 00:00:00');
INSERT INTO product_variants (id, product_id, color_id, size_id, price_id, material_id, season_id, status, created_date, updated_date) VALUES (1241, 103, 3, 8, 1241, 7, 2, 'active', '2025-01-01 00:00:00', '2025-01-01 00:00:00');
INSERT INTO prices (id, base_price, sale_price, status, created_date, updated_date) VALUES (1242, 24.95, 9, 'active', '2025-01-01 00:00:00', '2025-01-01 00:00:00');
INSERT INTO product_variants (id, product_id, color_id, size_id, price_id, material_id, season_id, status, created_date, updated_date) VALUES (1242, 103, 3, 7, 1242, 5, 1, 'active', '2025-01-01 00:00:00', '2025-01-01 00:00:00');
INSERT INTO prices (id, base_price, sale_price, status, created_date, updated_date) VALUES (1243, 24.95, 9, 'active', '2025-01-01 00:00:00', '2025-01-01 00:00:00');
INSERT INTO product_variants (id, product_id, color_id, size_id, price_id, material_id, season_id, status, created_date, updated_date) VALUES (1243, 103, 9, 10, 1243, 4, 4, 'active', '2025-01-01 00:00:00', '2025-01-01 00:00:00');
INSERT INTO prices (id, base_price, sale_price, status, created_date, updated_date) VALUES (1244, 24.95, 9, 'active', '2025-01-01 00:00:00', '2025-01-01 00:00:00');
INSERT INTO product_variants (id, product_id, color_id, size_id, price_id, material_id, season_id, status, created_date, updated_date) VALUES (1244, 103, 9, 5, 1244, 2, 4, 'active', '2025-01-01 00:00:00', '2025-01-01 00:00:00');
INSERT INTO prices (id, base_price, sale_price, status, created_date, updated_date) VALUES (1245, 24.95, 9, 'active', '2025-01-01 00:00:00', '2025-01-01 00:00:00');
INSERT INTO product_variants (id, product_id, color_id, size_id, price_id, material_id, season_id, status, created_date, updated_date) VALUES (1245, 103, 9, 3, 1245, 7, 3, 'active', '2025-01-01 00:00:00', '2025-01-01 00:00:00');
INSERT INTO prices (id, base_price, sale_price, status, created_date, updated_date) VALUES (1246, 24.95, 9, 'active', '2025-01-01 00:00:00', '2025-01-01 00:00:00');
INSERT INTO product_variants (id, product_id, color_id, size_id, price_id, material_id, season_id, status, created_date, updated_date) VALUES (1246, 103, 2, 4, 1246, 3, 2, 'active', '2025-01-01 00:00:00', '2025-01-01 00:00:00');
INSERT INTO prices (id, base_price, sale_price, status, created_date, updated_date) VALUES (1247, 24.95, 9, 'active', '2025-01-01 00:00:00', '2025-01-01 00:00:00');
INSERT INTO product_variants (id, product_id, color_id, size_id, price_id, material_id, season_id, status, created_date, updated_date) VALUES (1247, 103, 2, 5, 1247, 4, 4, 'active', '2025-01-01 00:00:00', '2025-01-01 00:00:00');
INSERT INTO prices (id, base_price, sale_price, status, created_date, updated_date) VALUES (1248, 24.95, 9, 'active', '2025-01-01 00:00:00', '2025-01-01 00:00:00');
INSERT INTO product_variants (id, product_id, color_id, size_id, price_id, material_id, season_id, status, created_date, updated_date) VALUES (1248, 103, 2, 10, 1248, 5, 1, 'active', '2025-01-01 00:00:00', '2025-01-01 00:00:00');
INSERT INTO prices (id, base_price, sale_price, status, created_date, updated_date) VALUES (1249, 24.95, 9, 'active', '2025-01-01 00:00:00', '2025-01-01 00:00:00');
INSERT INTO product_variants (id, product_id, color_id, size_id, price_id, material_id, season_id, status, created_date, updated_date) VALUES (1249, 103, 1, 2, 1249, 1, 4, 'active', '2025-01-01 00:00:00', '2025-01-01 00:00:00');
INSERT INTO prices (id, base_price, sale_price, status, created_date, updated_date) VALUES (1250, 24.95, 9, 'active', '2025-01-01 00:00:00', '2025-01-01 00:00:00');
INSERT INTO product_variants (id, product_id, color_id, size_id, price_id, material_id, season_id, status, created_date, updated_date) VALUES (1250, 103, 1, 10, 1250, 2, 3, 'active', '2025-01-01 00:00:00', '2025-01-01 00:00:00');
INSERT INTO prices (id, base_price, sale_price, status, created_date, updated_date) VALUES (1251, 24.95, 9, 'active', '2025-01-01 00:00:00', '2025-01-01 00:00:00');
INSERT INTO product_variants (id, product_id, color_id, size_id, price_id, material_id, season_id, status, created_date, updated_date) VALUES (1251, 103, 1, 7, 1251, 3, 4, 'active', '2025-01-01 00:00:00', '2025-01-01 00:00:00');
INSERT INTO product (id, name, description, category_id, status, created_date, updated_date, created_by, updated_by) VALUES (104, 'Modern Crewneck T-Shirt', 'Description for Modern Crewneck T-Shirt', 6, 'active', '2025-01-01 00:00:00', '2025-01-01 00:00:00', 1, 1);
INSERT INTO product_image (id, image_url, display_order, is_primary, product_id, created_date, updated_date) VALUES (650, 'https://www1.assets-gap.com/webcontent/0060/430/981/cn60430981.jpg?q=h&w=1152', 0, 1, 104, '2025-01-01 00:00:00', '2025-01-01 00:00:00');
INSERT INTO product_image (id, image_url, display_order, is_primary, product_id, created_date, updated_date) VALUES (651, 'https://www.gap.com/webcontent/0060/430/975/cn60430975.jpg', 1, 0, 104, '2025-01-01 00:00:00', '2025-01-01 00:00:00');
INSERT INTO product_image (id, image_url, display_order, is_primary, product_id, created_date, updated_date) VALUES (652, 'https://www.gap.com/webcontent/0060/432/316/cn60432316.jpg', 2, 0, 104, '2025-01-01 00:00:00', '2025-01-01 00:00:00');
INSERT INTO product_image (id, image_url, display_order, is_primary, product_id, created_date, updated_date) VALUES (653, 'https://www.gap.com/webcontent/0060/430/994/cn60430994.jpg', 3, 0, 104, '2025-01-01 00:00:00', '2025-01-01 00:00:00');
INSERT INTO product_image (id, image_url, display_order, is_primary, product_id, created_date, updated_date) VALUES (654, 'https://www.gap.com/webcontent/0060/291/813/cn60291813.jpg', 4, 0, 104, '2025-01-01 00:00:00', '2025-01-01 00:00:00');
INSERT INTO product_image (id, image_url, display_order, is_primary, product_id, created_date, updated_date) VALUES (655, 'https://www.gap.com/webcontent/0060/291/857/cn60291857.jpg', 5, 0, 104, '2025-01-01 00:00:00', '2025-01-01 00:00:00');
INSERT INTO prices (id, base_price, sale_price, status, created_date, updated_date) VALUES (1252, 39.95, 23, 'active', '2025-01-01 00:00:00', '2025-01-01 00:00:00');
INSERT INTO product_variants (id, product_id, color_id, size_id, price_id, material_id, season_id, status, created_date, updated_date) VALUES (1252, 104, 6, 3, 1252, 4, 1, 'active', '2025-01-01 00:00:00', '2025-01-01 00:00:00');
INSERT INTO prices (id, base_price, sale_price, status, created_date, updated_date) VALUES (1253, 39.95, 23, 'active', '2025-01-01 00:00:00', '2025-01-01 00:00:00');
INSERT INTO product_variants (id, product_id, color_id, size_id, price_id, material_id, season_id, status, created_date, updated_date) VALUES (1253, 104, 4, 7, 1253, 3, 1, 'active', '2025-01-01 00:00:00', '2025-01-01 00:00:00');
INSERT INTO prices (id, base_price, sale_price, status, created_date, updated_date) VALUES (1254, 39.95, 23, 'active', '2025-01-01 00:00:00', '2025-01-01 00:00:00');
INSERT INTO product_variants (id, product_id, color_id, size_id, price_id, material_id, season_id, status, created_date, updated_date) VALUES (1254, 104, 4, 2, 1254, 2, 3, 'active', '2025-01-01 00:00:00', '2025-01-01 00:00:00');
INSERT INTO prices (id, base_price, sale_price, status, created_date, updated_date) VALUES (1255, 39.95, 23, 'active', '2025-01-01 00:00:00', '2025-01-01 00:00:00');
INSERT INTO product_variants (id, product_id, color_id, size_id, price_id, material_id, season_id, status, created_date, updated_date) VALUES (1255, 104, 4, 8, 1255, 6, 3, 'active', '2025-01-01 00:00:00', '2025-01-01 00:00:00');
INSERT INTO prices (id, base_price, sale_price, status, created_date, updated_date) VALUES (1256, 39.95, 23, 'active', '2025-01-01 00:00:00', '2025-01-01 00:00:00');
INSERT INTO product_variants (id, product_id, color_id, size_id, price_id, material_id, season_id, status, created_date, updated_date) VALUES (1256, 104, 13, 5, 1256, 6, 2, 'active', '2025-01-01 00:00:00', '2025-01-01 00:00:00');
INSERT INTO prices (id, base_price, sale_price, status, created_date, updated_date) VALUES (1257, 39.95, 23, 'active', '2025-01-01 00:00:00', '2025-01-01 00:00:00');
INSERT INTO product_variants (id, product_id, color_id, size_id, price_id, material_id, season_id, status, created_date, updated_date) VALUES (1257, 104, 13, 8, 1257, 7, 3, 'active', '2025-01-01 00:00:00', '2025-01-01 00:00:00');
INSERT INTO prices (id, base_price, sale_price, status, created_date, updated_date) VALUES (1258, 39.95, 23, 'active', '2025-01-01 00:00:00', '2025-01-01 00:00:00');
INSERT INTO product_variants (id, product_id, color_id, size_id, price_id, material_id, season_id, status, created_date, updated_date) VALUES (1258, 104, 6, 2, 1258, 6, 1, 'active', '2025-01-01 00:00:00', '2025-01-01 00:00:00');
INSERT INTO prices (id, base_price, sale_price, status, created_date, updated_date) VALUES (1259, 39.95, 23, 'active', '2025-01-01 00:00:00', '2025-01-01 00:00:00');
INSERT INTO product_variants (id, product_id, color_id, size_id, price_id, material_id, season_id, status, created_date, updated_date) VALUES (1259, 104, 6, 3, 1259, 4, 3, 'active', '2025-01-01 00:00:00', '2025-01-01 00:00:00');
INSERT INTO prices (id, base_price, sale_price, status, created_date, updated_date) VALUES (1260, 39.95, 23, 'active', '2025-01-01 00:00:00', '2025-01-01 00:00:00');
INSERT INTO product_variants (id, product_id, color_id, size_id, price_id, material_id, season_id, status, created_date, updated_date) VALUES (1260, 104, 9, 2, 1260, 5, 2, 'active', '2025-01-01 00:00:00', '2025-01-01 00:00:00');
INSERT INTO prices (id, base_price, sale_price, status, created_date, updated_date) VALUES (1261, 39.95, 23, 'active', '2025-01-01 00:00:00', '2025-01-01 00:00:00');
INSERT INTO product_variants (id, product_id, color_id, size_id, price_id, material_id, season_id, status, created_date, updated_date) VALUES (1261, 104, 9, 9, 1261, 6, 1, 'active', '2025-01-01 00:00:00', '2025-01-01 00:00:00');
INSERT INTO prices (id, base_price, sale_price, status, created_date, updated_date) VALUES (1262, 39.95, 23, 'active', '2025-01-01 00:00:00', '2025-01-01 00:00:00');
INSERT INTO product_variants (id, product_id, color_id, size_id, price_id, material_id, season_id, status, created_date, updated_date) VALUES (1262, 104, 9, 6, 1262, 2, 3, 'active', '2025-01-01 00:00:00', '2025-01-01 00:00:00');
INSERT INTO prices (id, base_price, sale_price, status, created_date, updated_date) VALUES (1263, 39.95, 23, 'active', '2025-01-01 00:00:00', '2025-01-01 00:00:00');
INSERT INTO product_variants (id, product_id, color_id, size_id, price_id, material_id, season_id, status, created_date, updated_date) VALUES (1263, 104, 1, 8, 1263, 2, 3, 'active', '2025-01-01 00:00:00', '2025-01-01 00:00:00');
INSERT INTO prices (id, base_price, sale_price, status, created_date, updated_date) VALUES (1264, 39.95, 23, 'active', '2025-01-01 00:00:00', '2025-01-01 00:00:00');
INSERT INTO product_variants (id, product_id, color_id, size_id, price_id, material_id, season_id, status, created_date, updated_date) VALUES (1264, 104, 1, 5, 1264, 5, 4, 'active', '2025-01-01 00:00:00', '2025-01-01 00:00:00');
INSERT INTO prices (id, base_price, sale_price, status, created_date, updated_date) VALUES (1265, 39.95, 23, 'active', '2025-01-01 00:00:00', '2025-01-01 00:00:00');
INSERT INTO product_variants (id, product_id, color_id, size_id, price_id, material_id, season_id, status, created_date, updated_date) VALUES (1265, 104, 2, 8, 1265, 2, 3, 'active', '2025-01-01 00:00:00', '2025-01-01 00:00:00');
INSERT INTO prices (id, base_price, sale_price, status, created_date, updated_date) VALUES (1266, 39.95, 23, 'active', '2025-01-01 00:00:00', '2025-01-01 00:00:00');
INSERT INTO product_variants (id, product_id, color_id, size_id, price_id, material_id, season_id, status, created_date, updated_date) VALUES (1266, 104, 2, 2, 1266, 7, 1, 'active', '2025-01-01 00:00:00', '2025-01-01 00:00:00');
INSERT INTO prices (id, base_price, sale_price, status, created_date, updated_date) VALUES (1267, 39.95, 23, 'active', '2025-01-01 00:00:00', '2025-01-01 00:00:00');
INSERT INTO product_variants (id, product_id, color_id, size_id, price_id, material_id, season_id, status, created_date, updated_date) VALUES (1267, 104, 3, 1, 1267, 6, 4, 'active', '2025-01-01 00:00:00', '2025-01-01 00:00:00');
INSERT INTO prices (id, base_price, sale_price, status, created_date, updated_date) VALUES (1268, 39.95, 23, 'active', '2025-01-01 00:00:00', '2025-01-01 00:00:00');
INSERT INTO product_variants (id, product_id, color_id, size_id, price_id, material_id, season_id, status, created_date, updated_date) VALUES (1268, 104, 3, 2, 1268, 4, 4, 'active', '2025-01-01 00:00:00', '2025-01-01 00:00:00');
INSERT INTO prices (id, base_price, sale_price, status, created_date, updated_date) VALUES (1269, 39.95, 23, 'active', '2025-01-01 00:00:00', '2025-01-01 00:00:00');
INSERT INTO product_variants (id, product_id, color_id, size_id, price_id, material_id, season_id, status, created_date, updated_date) VALUES (1269, 104, 3, 8, 1269, 5, 4, 'active', '2025-01-01 00:00:00', '2025-01-01 00:00:00');
INSERT INTO product (id, name, description, category_id, status, created_date, updated_date, created_by, updated_by) VALUES (105, 'Modern Crewneck T-Shirt', 'Description for Modern Crewneck T-Shirt', 6, 'active', '2025-01-01 00:00:00', '2025-01-01 00:00:00', 1, 1);
INSERT INTO product_image (id, image_url, display_order, is_primary, product_id, created_date, updated_date) VALUES (656, 'https://www1.assets-gap.com/webcontent/0060/151/949/cn60151949.jpg?q=h&w=1152', 0, 1, 105, '2025-01-01 00:00:00', '2025-01-01 00:00:00');
INSERT INTO product_image (id, image_url, display_order, is_primary, product_id, created_date, updated_date) VALUES (657, 'https://www.gap.com/webcontent/0060/151/940/cn60151940.jpg', 1, 0, 105, '2025-01-01 00:00:00', '2025-01-01 00:00:00');
INSERT INTO product_image (id, image_url, display_order, is_primary, product_id, created_date, updated_date) VALUES (658, 'https://www.gap.com/webcontent/0060/151/038/cn60151038.jpg', 2, 0, 105, '2025-01-01 00:00:00', '2025-01-01 00:00:00');
INSERT INTO product_image (id, image_url, display_order, is_primary, product_id, created_date, updated_date) VALUES (659, 'https://www.gap.com/webcontent/0060/151/967/cn60151967.jpg', 3, 0, 105, '2025-01-01 00:00:00', '2025-01-01 00:00:00');
INSERT INTO product_image (id, image_url, display_order, is_primary, product_id, created_date, updated_date) VALUES (660, 'https://www.gap.com/webcontent/0060/151/980/cn60151980.jpg', 4, 0, 105, '2025-01-01 00:00:00', '2025-01-01 00:00:00');
INSERT INTO prices (id, base_price, sale_price, status, created_date, updated_date) VALUES (1270, 39.95, 31, 'active', '2025-01-01 00:00:00', '2025-01-01 00:00:00');
INSERT INTO product_variants (id, product_id, color_id, size_id, price_id, material_id, season_id, status, created_date, updated_date) VALUES (1270, 105, 6, 1, 1270, 6, 4, 'active', '2025-01-01 00:00:00', '2025-01-01 00:00:00');
INSERT INTO prices (id, base_price, sale_price, status, created_date, updated_date) VALUES (1271, 39.95, 31, 'active', '2025-01-01 00:00:00', '2025-01-01 00:00:00');
INSERT INTO product_variants (id, product_id, color_id, size_id, price_id, material_id, season_id, status, created_date, updated_date) VALUES (1271, 105, 6, 5, 1271, 5, 4, 'active', '2025-01-01 00:00:00', '2025-01-01 00:00:00');
INSERT INTO prices (id, base_price, sale_price, status, created_date, updated_date) VALUES (1272, 39.95, 31, 'active', '2025-01-01 00:00:00', '2025-01-01 00:00:00');
INSERT INTO product_variants (id, product_id, color_id, size_id, price_id, material_id, season_id, status, created_date, updated_date) VALUES (1272, 105, 4, 10, 1272, 7, 4, 'active', '2025-01-01 00:00:00', '2025-01-01 00:00:00');
INSERT INTO prices (id, base_price, sale_price, status, created_date, updated_date) VALUES (1273, 39.95, 31, 'active', '2025-01-01 00:00:00', '2025-01-01 00:00:00');
INSERT INTO product_variants (id, product_id, color_id, size_id, price_id, material_id, season_id, status, created_date, updated_date) VALUES (1273, 105, 4, 1, 1273, 5, 2, 'active', '2025-01-01 00:00:00', '2025-01-01 00:00:00');
INSERT INTO prices (id, base_price, sale_price, status, created_date, updated_date) VALUES (1274, 39.95, 31, 'active', '2025-01-01 00:00:00', '2025-01-01 00:00:00');
INSERT INTO product_variants (id, product_id, color_id, size_id, price_id, material_id, season_id, status, created_date, updated_date) VALUES (1274, 105, 13, 6, 1274, 1, 3, 'active', '2025-01-01 00:00:00', '2025-01-01 00:00:00');
INSERT INTO prices (id, base_price, sale_price, status, created_date, updated_date) VALUES (1275, 39.95, 31, 'active', '2025-01-01 00:00:00', '2025-01-01 00:00:00');
INSERT INTO product_variants (id, product_id, color_id, size_id, price_id, material_id, season_id, status, created_date, updated_date) VALUES (1275, 105, 13, 8, 1275, 5, 1, 'active', '2025-01-01 00:00:00', '2025-01-01 00:00:00');
INSERT INTO prices (id, base_price, sale_price, status, created_date, updated_date) VALUES (1276, 39.95, 31, 'active', '2025-01-01 00:00:00', '2025-01-01 00:00:00');
INSERT INTO product_variants (id, product_id, color_id, size_id, price_id, material_id, season_id, status, created_date, updated_date) VALUES (1276, 105, 6, 10, 1276, 4, 4, 'active', '2025-01-01 00:00:00', '2025-01-01 00:00:00');
INSERT INTO prices (id, base_price, sale_price, status, created_date, updated_date) VALUES (1277, 39.95, 31, 'active', '2025-01-01 00:00:00', '2025-01-01 00:00:00');
INSERT INTO product_variants (id, product_id, color_id, size_id, price_id, material_id, season_id, status, created_date, updated_date) VALUES (1277, 105, 6, 4, 1277, 1, 1, 'active', '2025-01-01 00:00:00', '2025-01-01 00:00:00');
INSERT INTO prices (id, base_price, sale_price, status, created_date, updated_date) VALUES (1278, 39.95, 31, 'active', '2025-01-01 00:00:00', '2025-01-01 00:00:00');
INSERT INTO product_variants (id, product_id, color_id, size_id, price_id, material_id, season_id, status, created_date, updated_date) VALUES (1278, 105, 9, 9, 1278, 6, 1, 'active', '2025-01-01 00:00:00', '2025-01-01 00:00:00');
INSERT INTO prices (id, base_price, sale_price, status, created_date, updated_date) VALUES (1279, 39.95, 31, 'active', '2025-01-01 00:00:00', '2025-01-01 00:00:00');
INSERT INTO product_variants (id, product_id, color_id, size_id, price_id, material_id, season_id, status, created_date, updated_date) VALUES (1279, 105, 9, 4, 1279, 5, 2, 'active', '2025-01-01 00:00:00', '2025-01-01 00:00:00');
INSERT INTO prices (id, base_price, sale_price, status, created_date, updated_date) VALUES (1280, 39.95, 31, 'active', '2025-01-01 00:00:00', '2025-01-01 00:00:00');
INSERT INTO product_variants (id, product_id, color_id, size_id, price_id, material_id, season_id, status, created_date, updated_date) VALUES (1280, 105, 1, 4, 1280, 2, 4, 'active', '2025-01-01 00:00:00', '2025-01-01 00:00:00');
INSERT INTO prices (id, base_price, sale_price, status, created_date, updated_date) VALUES (1281, 39.95, 31, 'active', '2025-01-01 00:00:00', '2025-01-01 00:00:00');
INSERT INTO product_variants (id, product_id, color_id, size_id, price_id, material_id, season_id, status, created_date, updated_date) VALUES (1281, 105, 2, 5, 1281, 5, 3, 'active', '2025-01-01 00:00:00', '2025-01-01 00:00:00');
INSERT INTO prices (id, base_price, sale_price, status, created_date, updated_date) VALUES (1282, 39.95, 31, 'active', '2025-01-01 00:00:00', '2025-01-01 00:00:00');
INSERT INTO product_variants (id, product_id, color_id, size_id, price_id, material_id, season_id, status, created_date, updated_date) VALUES (1282, 105, 2, 6, 1282, 1, 2, 'active', '2025-01-01 00:00:00', '2025-01-01 00:00:00');
INSERT INTO prices (id, base_price, sale_price, status, created_date, updated_date) VALUES (1283, 39.95, 31, 'active', '2025-01-01 00:00:00', '2025-01-01 00:00:00');
INSERT INTO product_variants (id, product_id, color_id, size_id, price_id, material_id, season_id, status, created_date, updated_date) VALUES (1283, 105, 3, 2, 1283, 5, 1, 'active', '2025-01-01 00:00:00', '2025-01-01 00:00:00');
INSERT INTO prices (id, base_price, sale_price, status, created_date, updated_date) VALUES (1284, 39.95, 31, 'active', '2025-01-01 00:00:00', '2025-01-01 00:00:00');
INSERT INTO product_variants (id, product_id, color_id, size_id, price_id, material_id, season_id, status, created_date, updated_date) VALUES (1284, 105, 3, 4, 1284, 6, 1, 'active', '2025-01-01 00:00:00', '2025-01-01 00:00:00');
INSERT INTO prices (id, base_price, sale_price, status, created_date, updated_date) VALUES (1285, 39.95, 31, 'active', '2025-01-01 00:00:00', '2025-01-01 00:00:00');
INSERT INTO product_variants (id, product_id, color_id, size_id, price_id, material_id, season_id, status, created_date, updated_date) VALUES (1285, 105, 3, 10, 1285, 2, 4, 'active', '2025-01-01 00:00:00', '2025-01-01 00:00:00');
INSERT INTO product (id, name, description, category_id, status, created_date, updated_date, created_by, updated_by) VALUES (106, 'Classic T-Shirt', 'Description for Classic T-Shirt', 6, 'active', '2025-01-01 00:00:00', '2025-01-01 00:00:00', 1, 1);
INSERT INTO product_image (id, image_url, display_order, is_primary, product_id, created_date, updated_date) VALUES (661, 'https://www1.assets-gap.com/webcontent/0020/344/743/cn20344743.jpg?q=h&w=1152', 0, 1, 106, '2025-01-01 00:00:00', '2025-01-01 00:00:00');
INSERT INTO product_image (id, image_url, display_order, is_primary, product_id, created_date, updated_date) VALUES (662, 'https://www.gap.com/webcontent/0055/768/203/cn55768203.jpg', 1, 0, 106, '2025-01-01 00:00:00', '2025-01-01 00:00:00');
INSERT INTO product_image (id, image_url, display_order, is_primary, product_id, created_date, updated_date) VALUES (663, 'https://www.gap.com/webcontent/0055/768/095/cn55768095.jpg', 2, 0, 106, '2025-01-01 00:00:00', '2025-01-01 00:00:00');
INSERT INTO product_image (id, image_url, display_order, is_primary, product_id, created_date, updated_date) VALUES (664, 'https://www.gap.com/webcontent/0055/768/250/cn55768250.jpg', 3, 0, 106, '2025-01-01 00:00:00', '2025-01-01 00:00:00');
INSERT INTO product_image (id, image_url, display_order, is_primary, product_id, created_date, updated_date) VALUES (665, 'https://www.gap.com/webcontent/0055/639/185/cn55639185.jpg', 4, 0, 106, '2025-01-01 00:00:00', '2025-01-01 00:00:00');
INSERT INTO product_image (id, image_url, display_order, is_primary, product_id, created_date, updated_date) VALUES (666, 'https://www.gap.com/webcontent/0055/722/170/cn55722170.jpg', 5, 0, 106, '2025-01-01 00:00:00', '2025-01-01 00:00:00');
INSERT INTO prices (id, base_price, sale_price, status, created_date, updated_date) VALUES (1286, 19.95, 13, 'active', '2025-01-01 00:00:00', '2025-01-01 00:00:00');
INSERT INTO product_variants (id, product_id, color_id, size_id, price_id, material_id, season_id, status, created_date, updated_date) VALUES (1286, 106, 1, 7, 1286, 5, 1, 'active', '2025-01-01 00:00:00', '2025-01-01 00:00:00');
INSERT INTO prices (id, base_price, sale_price, status, created_date, updated_date) VALUES (1287, 19.95, 13, 'active', '2025-01-01 00:00:00', '2025-01-01 00:00:00');
INSERT INTO product_variants (id, product_id, color_id, size_id, price_id, material_id, season_id, status, created_date, updated_date) VALUES (1287, 106, 1, 8, 1287, 1, 2, 'active', '2025-01-01 00:00:00', '2025-01-01 00:00:00');
INSERT INTO prices (id, base_price, sale_price, status, created_date, updated_date) VALUES (1288, 19.95, 13, 'active', '2025-01-01 00:00:00', '2025-01-01 00:00:00');
INSERT INTO product_variants (id, product_id, color_id, size_id, price_id, material_id, season_id, status, created_date, updated_date) VALUES (1288, 106, 3, 1, 1288, 2, 1, 'active', '2025-01-01 00:00:00', '2025-01-01 00:00:00');
INSERT INTO prices (id, base_price, sale_price, status, created_date, updated_date) VALUES (1289, 19.95, 13, 'active', '2025-01-01 00:00:00', '2025-01-01 00:00:00');
INSERT INTO product_variants (id, product_id, color_id, size_id, price_id, material_id, season_id, status, created_date, updated_date) VALUES (1289, 106, 3, 6, 1289, 6, 1, 'active', '2025-01-01 00:00:00', '2025-01-01 00:00:00');
INSERT INTO prices (id, base_price, sale_price, status, created_date, updated_date) VALUES (1290, 19.95, 13, 'active', '2025-01-01 00:00:00', '2025-01-01 00:00:00');
INSERT INTO product_variants (id, product_id, color_id, size_id, price_id, material_id, season_id, status, created_date, updated_date) VALUES (1290, 106, 2, 2, 1290, 5, 3, 'active', '2025-01-01 00:00:00', '2025-01-01 00:00:00');
INSERT INTO prices (id, base_price, sale_price, status, created_date, updated_date) VALUES (1291, 19.95, 13, 'active', '2025-01-01 00:00:00', '2025-01-01 00:00:00');
INSERT INTO product_variants (id, product_id, color_id, size_id, price_id, material_id, season_id, status, created_date, updated_date) VALUES (1291, 106, 2, 7, 1291, 7, 4, 'active', '2025-01-01 00:00:00', '2025-01-01 00:00:00');
INSERT INTO prices (id, base_price, sale_price, status, created_date, updated_date) VALUES (1292, 19.95, 13, 'active', '2025-01-01 00:00:00', '2025-01-01 00:00:00');
INSERT INTO product_variants (id, product_id, color_id, size_id, price_id, material_id, season_id, status, created_date, updated_date) VALUES (1292, 106, 9, 3, 1292, 4, 4, 'active', '2025-01-01 00:00:00', '2025-01-01 00:00:00');
INSERT INTO prices (id, base_price, sale_price, status, created_date, updated_date) VALUES (1293, 19.95, 13, 'active', '2025-01-01 00:00:00', '2025-01-01 00:00:00');
INSERT INTO product_variants (id, product_id, color_id, size_id, price_id, material_id, season_id, status, created_date, updated_date) VALUES (1293, 106, 9, 5, 1293, 1, 4, 'active', '2025-01-01 00:00:00', '2025-01-01 00:00:00');
INSERT INTO prices (id, base_price, sale_price, status, created_date, updated_date) VALUES (1294, 19.95, 13, 'active', '2025-01-01 00:00:00', '2025-01-01 00:00:00');
INSERT INTO product_variants (id, product_id, color_id, size_id, price_id, material_id, season_id, status, created_date, updated_date) VALUES (1294, 106, 9, 6, 1294, 7, 2, 'active', '2025-01-01 00:00:00', '2025-01-01 00:00:00');
INSERT INTO product (id, name, description, category_id, status, created_date, updated_date, created_by, updated_by) VALUES (107, 'Modern Crewneck T-Shirt', 'Description for Modern Crewneck T-Shirt', 6, 'active', '2025-01-01 00:00:00', '2025-01-01 00:00:00', 1, 1);
INSERT INTO product_image (id, image_url, display_order, is_primary, product_id, created_date, updated_date) VALUES (667, 'https://www1.assets-gap.com/webcontent/0060/413/582/cn60413582.jpg?q=h&w=1152', 0, 1, 107, '2025-01-01 00:00:00', '2025-01-01 00:00:00');
INSERT INTO product_image (id, image_url, display_order, is_primary, product_id, created_date, updated_date) VALUES (668, 'https://www.gap.com/webcontent/0060/413/547/cn60413547.jpg', 1, 0, 107, '2025-01-01 00:00:00', '2025-01-01 00:00:00');
INSERT INTO product_image (id, image_url, display_order, is_primary, product_id, created_date, updated_date) VALUES (669, 'https://www.gap.com/webcontent/0060/771/856/cn60771856.jpg', 2, 0, 107, '2025-01-01 00:00:00', '2025-01-01 00:00:00');
INSERT INTO product_image (id, image_url, display_order, is_primary, product_id, created_date, updated_date) VALUES (670, 'https://www.gap.com/webcontent/0060/413/620/cn60413620.jpg', 3, 0, 107, '2025-01-01 00:00:00', '2025-01-01 00:00:00');
INSERT INTO product_image (id, image_url, display_order, is_primary, product_id, created_date, updated_date) VALUES (671, 'https://www.gap.com/webcontent/0060/771/756/cn60771756.jpg', 4, 0, 107, '2025-01-01 00:00:00', '2025-01-01 00:00:00');
INSERT INTO product_image (id, image_url, display_order, is_primary, product_id, created_date, updated_date) VALUES (672, 'https://www.gap.com/webcontent/0060/771/833/cn60771833.jpg', 5, 0, 107, '2025-01-01 00:00:00', '2025-01-01 00:00:00');
INSERT INTO prices (id, base_price, sale_price, status, created_date, updated_date) VALUES (1295, 39.95, 23, 'active', '2025-01-01 00:00:00', '2025-01-01 00:00:00');
INSERT INTO product_variants (id, product_id, color_id, size_id, price_id, material_id, season_id, status, created_date, updated_date) VALUES (1295, 107, 6, 5, 1295, 6, 4, 'active', '2025-01-01 00:00:00', '2025-01-01 00:00:00');
INSERT INTO prices (id, base_price, sale_price, status, created_date, updated_date) VALUES (1296, 39.95, 23, 'active', '2025-01-01 00:00:00', '2025-01-01 00:00:00');
INSERT INTO product_variants (id, product_id, color_id, size_id, price_id, material_id, season_id, status, created_date, updated_date) VALUES (1296, 107, 6, 6, 1296, 3, 1, 'active', '2025-01-01 00:00:00', '2025-01-01 00:00:00');
INSERT INTO prices (id, base_price, sale_price, status, created_date, updated_date) VALUES (1297, 39.95, 23, 'active', '2025-01-01 00:00:00', '2025-01-01 00:00:00');
INSERT INTO product_variants (id, product_id, color_id, size_id, price_id, material_id, season_id, status, created_date, updated_date) VALUES (1297, 107, 6, 8, 1297, 6, 2, 'active', '2025-01-01 00:00:00', '2025-01-01 00:00:00');
INSERT INTO prices (id, base_price, sale_price, status, created_date, updated_date) VALUES (1298, 39.95, 23, 'active', '2025-01-01 00:00:00', '2025-01-01 00:00:00');
INSERT INTO product_variants (id, product_id, color_id, size_id, price_id, material_id, season_id, status, created_date, updated_date) VALUES (1298, 107, 4, 4, 1298, 5, 3, 'active', '2025-01-01 00:00:00', '2025-01-01 00:00:00');
INSERT INTO prices (id, base_price, sale_price, status, created_date, updated_date) VALUES (1299, 39.95, 23, 'active', '2025-01-01 00:00:00', '2025-01-01 00:00:00');
INSERT INTO product_variants (id, product_id, color_id, size_id, price_id, material_id, season_id, status, created_date, updated_date) VALUES (1299, 107, 4, 1, 1299, 3, 4, 'active', '2025-01-01 00:00:00', '2025-01-01 00:00:00');
INSERT INTO prices (id, base_price, sale_price, status, created_date, updated_date) VALUES (1300, 39.95, 23, 'active', '2025-01-01 00:00:00', '2025-01-01 00:00:00');
INSERT INTO product_variants (id, product_id, color_id, size_id, price_id, material_id, season_id, status, created_date, updated_date) VALUES (1300, 107, 4, 5, 1300, 6, 4, 'active', '2025-01-01 00:00:00', '2025-01-01 00:00:00');
INSERT INTO prices (id, base_price, sale_price, status, created_date, updated_date) VALUES (1301, 39.95, 23, 'active', '2025-01-01 00:00:00', '2025-01-01 00:00:00');
INSERT INTO product_variants (id, product_id, color_id, size_id, price_id, material_id, season_id, status, created_date, updated_date) VALUES (1301, 107, 13, 2, 1301, 1, 2, 'active', '2025-01-01 00:00:00', '2025-01-01 00:00:00');
INSERT INTO prices (id, base_price, sale_price, status, created_date, updated_date) VALUES (1302, 39.95, 23, 'active', '2025-01-01 00:00:00', '2025-01-01 00:00:00');
INSERT INTO product_variants (id, product_id, color_id, size_id, price_id, material_id, season_id, status, created_date, updated_date) VALUES (1302, 107, 13, 1, 1302, 4, 2, 'active', '2025-01-01 00:00:00', '2025-01-01 00:00:00');
INSERT INTO prices (id, base_price, sale_price, status, created_date, updated_date) VALUES (1303, 39.95, 23, 'active', '2025-01-01 00:00:00', '2025-01-01 00:00:00');
INSERT INTO product_variants (id, product_id, color_id, size_id, price_id, material_id, season_id, status, created_date, updated_date) VALUES (1303, 107, 6, 9, 1303, 7, 2, 'active', '2025-01-01 00:00:00', '2025-01-01 00:00:00');
INSERT INTO prices (id, base_price, sale_price, status, created_date, updated_date) VALUES (1304, 39.95, 23, 'active', '2025-01-01 00:00:00', '2025-01-01 00:00:00');
INSERT INTO product_variants (id, product_id, color_id, size_id, price_id, material_id, season_id, status, created_date, updated_date) VALUES (1304, 107, 6, 10, 1304, 1, 1, 'active', '2025-01-01 00:00:00', '2025-01-01 00:00:00');
INSERT INTO prices (id, base_price, sale_price, status, created_date, updated_date) VALUES (1305, 39.95, 23, 'active', '2025-01-01 00:00:00', '2025-01-01 00:00:00');
INSERT INTO product_variants (id, product_id, color_id, size_id, price_id, material_id, season_id, status, created_date, updated_date) VALUES (1305, 107, 9, 5, 1305, 3, 2, 'active', '2025-01-01 00:00:00', '2025-01-01 00:00:00');
INSERT INTO prices (id, base_price, sale_price, status, created_date, updated_date) VALUES (1306, 39.95, 23, 'active', '2025-01-01 00:00:00', '2025-01-01 00:00:00');
INSERT INTO product_variants (id, product_id, color_id, size_id, price_id, material_id, season_id, status, created_date, updated_date) VALUES (1306, 107, 9, 10, 1306, 2, 3, 'active', '2025-01-01 00:00:00', '2025-01-01 00:00:00');
INSERT INTO prices (id, base_price, sale_price, status, created_date, updated_date) VALUES (1307, 39.95, 23, 'active', '2025-01-01 00:00:00', '2025-01-01 00:00:00');
INSERT INTO product_variants (id, product_id, color_id, size_id, price_id, material_id, season_id, status, created_date, updated_date) VALUES (1307, 107, 1, 5, 1307, 1, 2, 'active', '2025-01-01 00:00:00', '2025-01-01 00:00:00');
INSERT INTO prices (id, base_price, sale_price, status, created_date, updated_date) VALUES (1308, 39.95, 23, 'active', '2025-01-01 00:00:00', '2025-01-01 00:00:00');
INSERT INTO product_variants (id, product_id, color_id, size_id, price_id, material_id, season_id, status, created_date, updated_date) VALUES (1308, 107, 1, 7, 1308, 4, 2, 'active', '2025-01-01 00:00:00', '2025-01-01 00:00:00');
INSERT INTO prices (id, base_price, sale_price, status, created_date, updated_date) VALUES (1309, 39.95, 23, 'active', '2025-01-01 00:00:00', '2025-01-01 00:00:00');
INSERT INTO product_variants (id, product_id, color_id, size_id, price_id, material_id, season_id, status, created_date, updated_date) VALUES (1309, 107, 2, 4, 1309, 1, 4, 'active', '2025-01-01 00:00:00', '2025-01-01 00:00:00');
INSERT INTO prices (id, base_price, sale_price, status, created_date, updated_date) VALUES (1310, 39.95, 23, 'active', '2025-01-01 00:00:00', '2025-01-01 00:00:00');
INSERT INTO product_variants (id, product_id, color_id, size_id, price_id, material_id, season_id, status, created_date, updated_date) VALUES (1310, 107, 2, 8, 1310, 4, 1, 'active', '2025-01-01 00:00:00', '2025-01-01 00:00:00');
INSERT INTO prices (id, base_price, sale_price, status, created_date, updated_date) VALUES (1311, 39.95, 23, 'active', '2025-01-01 00:00:00', '2025-01-01 00:00:00');
INSERT INTO product_variants (id, product_id, color_id, size_id, price_id, material_id, season_id, status, created_date, updated_date) VALUES (1311, 107, 2, 6, 1311, 3, 4, 'active', '2025-01-01 00:00:00', '2025-01-01 00:00:00');
INSERT INTO prices (id, base_price, sale_price, status, created_date, updated_date) VALUES (1312, 39.95, 23, 'active', '2025-01-01 00:00:00', '2025-01-01 00:00:00');
INSERT INTO product_variants (id, product_id, color_id, size_id, price_id, material_id, season_id, status, created_date, updated_date) VALUES (1312, 107, 3, 1, 1312, 1, 4, 'active', '2025-01-01 00:00:00', '2025-01-01 00:00:00');
INSERT INTO prices (id, base_price, sale_price, status, created_date, updated_date) VALUES (1313, 39.95, 23, 'active', '2025-01-01 00:00:00', '2025-01-01 00:00:00');
INSERT INTO product_variants (id, product_id, color_id, size_id, price_id, material_id, season_id, status, created_date, updated_date) VALUES (1313, 107, 3, 2, 1313, 3, 4, 'active', '2025-01-01 00:00:00', '2025-01-01 00:00:00');
INSERT INTO product (id, name, description, category_id, status, created_date, updated_date, created_by, updated_by) VALUES (108, 'Classic T-Shirt', 'Description for Classic T-Shirt', 6, 'active', '2025-01-01 00:00:00', '2025-01-01 00:00:00', 1, 1);
INSERT INTO product_image (id, image_url, display_order, is_primary, product_id, created_date, updated_date) VALUES (673, 'https://www1.assets-gap.com/webcontent/0057/821/457/cn57821457.jpg?q=h&w=1152', 0, 1, 108, '2025-01-01 00:00:00', '2025-01-01 00:00:00');
INSERT INTO product_image (id, image_url, display_order, is_primary, product_id, created_date, updated_date) VALUES (674, 'https://www.gap.com/webcontent/0057/821/449/cn57821449.jpg', 1, 0, 108, '2025-01-01 00:00:00', '2025-01-01 00:00:00');
INSERT INTO product_image (id, image_url, display_order, is_primary, product_id, created_date, updated_date) VALUES (675, 'https://www.gap.com/webcontent/0057/821/485/cn57821485.jpg', 2, 0, 108, '2025-01-01 00:00:00', '2025-01-01 00:00:00');
INSERT INTO product_image (id, image_url, display_order, is_primary, product_id, created_date, updated_date) VALUES (676, 'https://www.gap.com/webcontent/0057/821/450/cn57821450.jpg', 3, 0, 108, '2025-01-01 00:00:00', '2025-01-01 00:00:00');
INSERT INTO product_image (id, image_url, display_order, is_primary, product_id, created_date, updated_date) VALUES (677, 'https://www.gap.com/webcontent/0061/016/825/cn61016825.jpg', 4, 0, 108, '2025-01-01 00:00:00', '2025-01-01 00:00:00');
INSERT INTO product_image (id, image_url, display_order, is_primary, product_id, created_date, updated_date) VALUES (678, 'https://www.gap.com/webcontent/0061/017/647/cn61017647.jpg', 5, 0, 108, '2025-01-01 00:00:00', '2025-01-01 00:00:00');
INSERT INTO prices (id, base_price, sale_price, status, created_date, updated_date) VALUES (1314, 19.95, 13, 'active', '2025-01-01 00:00:00', '2025-01-01 00:00:00');
INSERT INTO product_variants (id, product_id, color_id, size_id, price_id, material_id, season_id, status, created_date, updated_date) VALUES (1314, 108, 1, 10, 1314, 7, 3, 'active', '2025-01-01 00:00:00', '2025-01-01 00:00:00');
INSERT INTO prices (id, base_price, sale_price, status, created_date, updated_date) VALUES (1315, 19.95, 13, 'active', '2025-01-01 00:00:00', '2025-01-01 00:00:00');
INSERT INTO product_variants (id, product_id, color_id, size_id, price_id, material_id, season_id, status, created_date, updated_date) VALUES (1315, 108, 1, 1, 1315, 3, 1, 'active', '2025-01-01 00:00:00', '2025-01-01 00:00:00');
INSERT INTO prices (id, base_price, sale_price, status, created_date, updated_date) VALUES (1316, 19.95, 13, 'active', '2025-01-01 00:00:00', '2025-01-01 00:00:00');
INSERT INTO product_variants (id, product_id, color_id, size_id, price_id, material_id, season_id, status, created_date, updated_date) VALUES (1316, 108, 3, 4, 1316, 1, 3, 'active', '2025-01-01 00:00:00', '2025-01-01 00:00:00');
INSERT INTO prices (id, base_price, sale_price, status, created_date, updated_date) VALUES (1317, 19.95, 13, 'active', '2025-01-01 00:00:00', '2025-01-01 00:00:00');
INSERT INTO product_variants (id, product_id, color_id, size_id, price_id, material_id, season_id, status, created_date, updated_date) VALUES (1317, 108, 3, 10, 1317, 1, 2, 'active', '2025-01-01 00:00:00', '2025-01-01 00:00:00');
INSERT INTO prices (id, base_price, sale_price, status, created_date, updated_date) VALUES (1318, 19.95, 13, 'active', '2025-01-01 00:00:00', '2025-01-01 00:00:00');
INSERT INTO product_variants (id, product_id, color_id, size_id, price_id, material_id, season_id, status, created_date, updated_date) VALUES (1318, 108, 3, 5, 1318, 7, 1, 'active', '2025-01-01 00:00:00', '2025-01-01 00:00:00');
INSERT INTO prices (id, base_price, sale_price, status, created_date, updated_date) VALUES (1319, 19.95, 13, 'active', '2025-01-01 00:00:00', '2025-01-01 00:00:00');
INSERT INTO product_variants (id, product_id, color_id, size_id, price_id, material_id, season_id, status, created_date, updated_date) VALUES (1319, 108, 2, 2, 1319, 3, 1, 'active', '2025-01-01 00:00:00', '2025-01-01 00:00:00');
INSERT INTO prices (id, base_price, sale_price, status, created_date, updated_date) VALUES (1320, 19.95, 13, 'active', '2025-01-01 00:00:00', '2025-01-01 00:00:00');
INSERT INTO product_variants (id, product_id, color_id, size_id, price_id, material_id, season_id, status, created_date, updated_date) VALUES (1320, 108, 2, 6, 1320, 4, 2, 'active', '2025-01-01 00:00:00', '2025-01-01 00:00:00');
INSERT INTO prices (id, base_price, sale_price, status, created_date, updated_date) VALUES (1321, 19.95, 13, 'active', '2025-01-01 00:00:00', '2025-01-01 00:00:00');
INSERT INTO product_variants (id, product_id, color_id, size_id, price_id, material_id, season_id, status, created_date, updated_date) VALUES (1321, 108, 9, 3, 1321, 4, 3, 'active', '2025-01-01 00:00:00', '2025-01-01 00:00:00');
INSERT INTO prices (id, base_price, sale_price, status, created_date, updated_date) VALUES (1322, 19.95, 13, 'active', '2025-01-01 00:00:00', '2025-01-01 00:00:00');
INSERT INTO product_variants (id, product_id, color_id, size_id, price_id, material_id, season_id, status, created_date, updated_date) VALUES (1322, 108, 9, 5, 1322, 6, 3, 'active', '2025-01-01 00:00:00', '2025-01-01 00:00:00');
INSERT INTO prices (id, base_price, sale_price, status, created_date, updated_date) VALUES (1323, 19.95, 13, 'active', '2025-01-01 00:00:00', '2025-01-01 00:00:00');
INSERT INTO product_variants (id, product_id, color_id, size_id, price_id, material_id, season_id, status, created_date, updated_date) VALUES (1323, 108, 9, 4, 1323, 1, 3, 'active', '2025-01-01 00:00:00', '2025-01-01 00:00:00');
INSERT INTO product (id, name, description, category_id, status, created_date, updated_date, created_by, updated_by) VALUES (109, 'CloseKnit Jersey T-Shirt', 'Description for CloseKnit Jersey T-Shirt', 6, 'active', '2025-01-01 00:00:00', '2025-01-01 00:00:00', 1, 1);
INSERT INTO product_image (id, image_url, display_order, is_primary, product_id, created_date, updated_date) VALUES (679, 'https://www1.assets-gap.com/webcontent/0057/791/130/cn57791130.jpg?q=h&w=1152', 0, 1, 109, '2025-01-01 00:00:00', '2025-01-01 00:00:00');
INSERT INTO product_image (id, image_url, display_order, is_primary, product_id, created_date, updated_date) VALUES (680, 'https://www.gap.com/webcontent/0057/791/120/cn57791120.jpg', 1, 0, 109, '2025-01-01 00:00:00', '2025-01-01 00:00:00');
INSERT INTO product_image (id, image_url, display_order, is_primary, product_id, created_date, updated_date) VALUES (681, 'https://www.gap.com/webcontent/0057/790/938/cn57790938.jpg', 2, 0, 109, '2025-01-01 00:00:00', '2025-01-01 00:00:00');
INSERT INTO product_image (id, image_url, display_order, is_primary, product_id, created_date, updated_date) VALUES (682, 'https://www.gap.com/webcontent/0057/791/137/cn57791137.jpg', 3, 0, 109, '2025-01-01 00:00:00', '2025-01-01 00:00:00');
INSERT INTO product_image (id, image_url, display_order, is_primary, product_id, created_date, updated_date) VALUES (683, 'https://www.gap.com/webcontent/0057/860/160/cn57860160.jpg', 4, 0, 109, '2025-01-01 00:00:00', '2025-01-01 00:00:00');
INSERT INTO product_image (id, image_url, display_order, is_primary, product_id, created_date, updated_date) VALUES (684, 'https://www.gap.com/webcontent/0058/028/015/cn58028015.jpg', 5, 0, 109, '2025-01-01 00:00:00', '2025-01-01 00:00:00');
INSERT INTO prices (id, base_price, sale_price, status, created_date, updated_date) VALUES (1324, 24.95, 14, 'active', '2025-01-01 00:00:00', '2025-01-01 00:00:00');
INSERT INTO product_variants (id, product_id, color_id, size_id, price_id, material_id, season_id, status, created_date, updated_date) VALUES (1324, 109, 6, 7, 1324, 6, 1, 'active', '2025-01-01 00:00:00', '2025-01-01 00:00:00');
INSERT INTO prices (id, base_price, sale_price, status, created_date, updated_date) VALUES (1325, 24.95, 14, 'active', '2025-01-01 00:00:00', '2025-01-01 00:00:00');
INSERT INTO product_variants (id, product_id, color_id, size_id, price_id, material_id, season_id, status, created_date, updated_date) VALUES (1325, 109, 6, 9, 1325, 2, 3, 'active', '2025-01-01 00:00:00', '2025-01-01 00:00:00');
INSERT INTO prices (id, base_price, sale_price, status, created_date, updated_date) VALUES (1326, 24.95, 14, 'active', '2025-01-01 00:00:00', '2025-01-01 00:00:00');
INSERT INTO product_variants (id, product_id, color_id, size_id, price_id, material_id, season_id, status, created_date, updated_date) VALUES (1326, 109, 6, 2, 1326, 4, 2, 'active', '2025-01-01 00:00:00', '2025-01-01 00:00:00');
INSERT INTO prices (id, base_price, sale_price, status, created_date, updated_date) VALUES (1327, 24.95, 14, 'active', '2025-01-01 00:00:00', '2025-01-01 00:00:00');
INSERT INTO product_variants (id, product_id, color_id, size_id, price_id, material_id, season_id, status, created_date, updated_date) VALUES (1327, 109, 4, 4, 1327, 2, 4, 'active', '2025-01-01 00:00:00', '2025-01-01 00:00:00');
INSERT INTO prices (id, base_price, sale_price, status, created_date, updated_date) VALUES (1328, 24.95, 14, 'active', '2025-01-01 00:00:00', '2025-01-01 00:00:00');
INSERT INTO product_variants (id, product_id, color_id, size_id, price_id, material_id, season_id, status, created_date, updated_date) VALUES (1328, 109, 4, 7, 1328, 2, 3, 'active', '2025-01-01 00:00:00', '2025-01-01 00:00:00');
INSERT INTO prices (id, base_price, sale_price, status, created_date, updated_date) VALUES (1329, 24.95, 14, 'active', '2025-01-01 00:00:00', '2025-01-01 00:00:00');
INSERT INTO product_variants (id, product_id, color_id, size_id, price_id, material_id, season_id, status, created_date, updated_date) VALUES (1329, 109, 4, 9, 1329, 5, 1, 'active', '2025-01-01 00:00:00', '2025-01-01 00:00:00');
INSERT INTO prices (id, base_price, sale_price, status, created_date, updated_date) VALUES (1330, 24.95, 14, 'active', '2025-01-01 00:00:00', '2025-01-01 00:00:00');
INSERT INTO product_variants (id, product_id, color_id, size_id, price_id, material_id, season_id, status, created_date, updated_date) VALUES (1330, 109, 2, 3, 1330, 2, 4, 'active', '2025-01-01 00:00:00', '2025-01-01 00:00:00');
INSERT INTO prices (id, base_price, sale_price, status, created_date, updated_date) VALUES (1331, 24.95, 14, 'active', '2025-01-01 00:00:00', '2025-01-01 00:00:00');
INSERT INTO product_variants (id, product_id, color_id, size_id, price_id, material_id, season_id, status, created_date, updated_date) VALUES (1331, 109, 2, 5, 1331, 1, 4, 'active', '2025-01-01 00:00:00', '2025-01-01 00:00:00');
INSERT INTO prices (id, base_price, sale_price, status, created_date, updated_date) VALUES (1332, 24.95, 14, 'active', '2025-01-01 00:00:00', '2025-01-01 00:00:00');
INSERT INTO product_variants (id, product_id, color_id, size_id, price_id, material_id, season_id, status, created_date, updated_date) VALUES (1332, 109, 2, 2, 1332, 4, 2, 'active', '2025-01-01 00:00:00', '2025-01-01 00:00:00');
INSERT INTO prices (id, base_price, sale_price, status, created_date, updated_date) VALUES (1333, 24.95, 14, 'active', '2025-01-01 00:00:00', '2025-01-01 00:00:00');
INSERT INTO product_variants (id, product_id, color_id, size_id, price_id, material_id, season_id, status, created_date, updated_date) VALUES (1333, 109, 3, 4, 1333, 4, 2, 'active', '2025-01-01 00:00:00', '2025-01-01 00:00:00');
INSERT INTO prices (id, base_price, sale_price, status, created_date, updated_date) VALUES (1334, 24.95, 14, 'active', '2025-01-01 00:00:00', '2025-01-01 00:00:00');
INSERT INTO product_variants (id, product_id, color_id, size_id, price_id, material_id, season_id, status, created_date, updated_date) VALUES (1334, 109, 3, 3, 1334, 5, 2, 'active', '2025-01-01 00:00:00', '2025-01-01 00:00:00');
INSERT INTO prices (id, base_price, sale_price, status, created_date, updated_date) VALUES (1335, 24.95, 14, 'active', '2025-01-01 00:00:00', '2025-01-01 00:00:00');
INSERT INTO product_variants (id, product_id, color_id, size_id, price_id, material_id, season_id, status, created_date, updated_date) VALUES (1335, 109, 9, 1, 1335, 7, 3, 'active', '2025-01-01 00:00:00', '2025-01-01 00:00:00');
INSERT INTO prices (id, base_price, sale_price, status, created_date, updated_date) VALUES (1336, 24.95, 14, 'active', '2025-01-01 00:00:00', '2025-01-01 00:00:00');
INSERT INTO product_variants (id, product_id, color_id, size_id, price_id, material_id, season_id, status, created_date, updated_date) VALUES (1336, 109, 9, 9, 1336, 4, 1, 'active', '2025-01-01 00:00:00', '2025-01-01 00:00:00');
INSERT INTO prices (id, base_price, sale_price, status, created_date, updated_date) VALUES (1337, 24.95, 14, 'active', '2025-01-01 00:00:00', '2025-01-01 00:00:00');
INSERT INTO product_variants (id, product_id, color_id, size_id, price_id, material_id, season_id, status, created_date, updated_date) VALUES (1337, 109, 9, 7, 1337, 3, 4, 'active', '2025-01-01 00:00:00', '2025-01-01 00:00:00');
INSERT INTO prices (id, base_price, sale_price, status, created_date, updated_date) VALUES (1338, 24.95, 14, 'active', '2025-01-01 00:00:00', '2025-01-01 00:00:00');
INSERT INTO product_variants (id, product_id, color_id, size_id, price_id, material_id, season_id, status, created_date, updated_date) VALUES (1338, 109, 1, 3, 1338, 4, 1, 'active', '2025-01-01 00:00:00', '2025-01-01 00:00:00');
INSERT INTO product (id, name, description, category_id, status, created_date, updated_date, created_by, updated_by) VALUES (110, 'Organic Cotton VintageSoft T-Shirt', 'Description for Organic Cotton VintageSoft T-Shirt', 6, 'active', '2025-01-01 00:00:00', '2025-01-01 00:00:00', 1, 1);
INSERT INTO product_image (id, image_url, display_order, is_primary, product_id, created_date, updated_date) VALUES (685, 'https://www1.assets-gap.com/webcontent/0057/796/475/cn57796475.jpg?q=h&w=1152', 0, 1, 110, '2025-01-01 00:00:00', '2025-01-01 00:00:00');
INSERT INTO product_image (id, image_url, display_order, is_primary, product_id, created_date, updated_date) VALUES (686, 'https://www.gap.com/webcontent/0057/796/433/cn57796433.jpg', 1, 0, 110, '2025-01-01 00:00:00', '2025-01-01 00:00:00');
INSERT INTO product_image (id, image_url, display_order, is_primary, product_id, created_date, updated_date) VALUES (687, 'https://www.gap.com/webcontent/0057/796/468/cn57796468.jpg', 2, 0, 110, '2025-01-01 00:00:00', '2025-01-01 00:00:00');
INSERT INTO product_image (id, image_url, display_order, is_primary, product_id, created_date, updated_date) VALUES (688, 'https://www.gap.com/webcontent/0057/796/474/cn57796474.jpg', 3, 0, 110, '2025-01-01 00:00:00', '2025-01-01 00:00:00');
INSERT INTO product_image (id, image_url, display_order, is_primary, product_id, created_date, updated_date) VALUES (689, 'https://www.gap.com/webcontent/0057/860/144/cn57860144.jpg', 4, 0, 110, '2025-01-01 00:00:00', '2025-01-01 00:00:00');
INSERT INTO product_image (id, image_url, display_order, is_primary, product_id, created_date, updated_date) VALUES (690, 'https://www.gap.com/webcontent/0057/860/130/cn57860130.jpg', 5, 0, 110, '2025-01-01 00:00:00', '2025-01-01 00:00:00');
INSERT INTO prices (id, base_price, sale_price, status, created_date, updated_date) VALUES (1339, 24.95, 22, 'active', '2025-01-01 00:00:00', '2025-01-01 00:00:00');
INSERT INTO product_variants (id, product_id, color_id, size_id, price_id, material_id, season_id, status, created_date, updated_date) VALUES (1339, 110, 1, 1, 1339, 4, 4, 'active', '2025-01-01 00:00:00', '2025-01-01 00:00:00');
INSERT INTO prices (id, base_price, sale_price, status, created_date, updated_date) VALUES (1340, 24.95, 22, 'active', '2025-01-01 00:00:00', '2025-01-01 00:00:00');
INSERT INTO product_variants (id, product_id, color_id, size_id, price_id, material_id, season_id, status, created_date, updated_date) VALUES (1340, 110, 1, 8, 1340, 7, 4, 'active', '2025-01-01 00:00:00', '2025-01-01 00:00:00');
INSERT INTO prices (id, base_price, sale_price, status, created_date, updated_date) VALUES (1341, 24.95, 22, 'active', '2025-01-01 00:00:00', '2025-01-01 00:00:00');
INSERT INTO product_variants (id, product_id, color_id, size_id, price_id, material_id, season_id, status, created_date, updated_date) VALUES (1341, 110, 4, 9, 1341, 7, 1, 'active', '2025-01-01 00:00:00', '2025-01-01 00:00:00');
INSERT INTO prices (id, base_price, sale_price, status, created_date, updated_date) VALUES (1342, 24.95, 22, 'active', '2025-01-01 00:00:00', '2025-01-01 00:00:00');
INSERT INTO product_variants (id, product_id, color_id, size_id, price_id, material_id, season_id, status, created_date, updated_date) VALUES (1342, 110, 4, 5, 1342, 7, 2, 'active', '2025-01-01 00:00:00', '2025-01-01 00:00:00');
INSERT INTO prices (id, base_price, sale_price, status, created_date, updated_date) VALUES (1343, 24.95, 22, 'active', '2025-01-01 00:00:00', '2025-01-01 00:00:00');
INSERT INTO product_variants (id, product_id, color_id, size_id, price_id, material_id, season_id, status, created_date, updated_date) VALUES (1343, 110, 4, 1, 1343, 5, 2, 'active', '2025-01-01 00:00:00', '2025-01-01 00:00:00');
INSERT INTO prices (id, base_price, sale_price, status, created_date, updated_date) VALUES (1344, 24.95, 22, 'active', '2025-01-01 00:00:00', '2025-01-01 00:00:00');
INSERT INTO product_variants (id, product_id, color_id, size_id, price_id, material_id, season_id, status, created_date, updated_date) VALUES (1344, 110, 11, 3, 1344, 6, 2, 'active', '2025-01-01 00:00:00', '2025-01-01 00:00:00');
INSERT INTO prices (id, base_price, sale_price, status, created_date, updated_date) VALUES (1345, 24.95, 22, 'active', '2025-01-01 00:00:00', '2025-01-01 00:00:00');
INSERT INTO product_variants (id, product_id, color_id, size_id, price_id, material_id, season_id, status, created_date, updated_date) VALUES (1345, 110, 11, 6, 1345, 1, 1, 'active', '2025-01-01 00:00:00', '2025-01-01 00:00:00');
INSERT INTO prices (id, base_price, sale_price, status, created_date, updated_date) VALUES (1346, 24.95, 22, 'active', '2025-01-01 00:00:00', '2025-01-01 00:00:00');
INSERT INTO product_variants (id, product_id, color_id, size_id, price_id, material_id, season_id, status, created_date, updated_date) VALUES (1346, 110, 1, 3, 1346, 2, 3, 'active', '2025-01-01 00:00:00', '2025-01-01 00:00:00');
INSERT INTO prices (id, base_price, sale_price, status, created_date, updated_date) VALUES (1347, 24.95, 22, 'active', '2025-01-01 00:00:00', '2025-01-01 00:00:00');
INSERT INTO product_variants (id, product_id, color_id, size_id, price_id, material_id, season_id, status, created_date, updated_date) VALUES (1347, 110, 1, 6, 1347, 5, 4, 'active', '2025-01-01 00:00:00', '2025-01-01 00:00:00');
INSERT INTO prices (id, base_price, sale_price, status, created_date, updated_date) VALUES (1348, 24.95, 22, 'active', '2025-01-01 00:00:00', '2025-01-01 00:00:00');
INSERT INTO product_variants (id, product_id, color_id, size_id, price_id, material_id, season_id, status, created_date, updated_date) VALUES (1348, 110, 1, 10, 1348, 7, 3, 'active', '2025-01-01 00:00:00', '2025-01-01 00:00:00');
INSERT INTO prices (id, base_price, sale_price, status, created_date, updated_date) VALUES (1349, 24.95, 22, 'active', '2025-01-01 00:00:00', '2025-01-01 00:00:00');
INSERT INTO product_variants (id, product_id, color_id, size_id, price_id, material_id, season_id, status, created_date, updated_date) VALUES (1349, 110, 3, 3, 1349, 4, 1, 'active', '2025-01-01 00:00:00', '2025-01-01 00:00:00');
INSERT INTO prices (id, base_price, sale_price, status, created_date, updated_date) VALUES (1350, 24.95, 22, 'active', '2025-01-01 00:00:00', '2025-01-01 00:00:00');
INSERT INTO product_variants (id, product_id, color_id, size_id, price_id, material_id, season_id, status, created_date, updated_date) VALUES (1350, 110, 3, 10, 1350, 5, 1, 'active', '2025-01-01 00:00:00', '2025-01-01 00:00:00');
INSERT INTO prices (id, base_price, sale_price, status, created_date, updated_date) VALUES (1351, 24.95, 22, 'active', '2025-01-01 00:00:00', '2025-01-01 00:00:00');
INSERT INTO product_variants (id, product_id, color_id, size_id, price_id, material_id, season_id, status, created_date, updated_date) VALUES (1351, 110, 9, 9, 1351, 5, 1, 'active', '2025-01-01 00:00:00', '2025-01-01 00:00:00');
INSERT INTO prices (id, base_price, sale_price, status, created_date, updated_date) VALUES (1352, 24.95, 22, 'active', '2025-01-01 00:00:00', '2025-01-01 00:00:00');
INSERT INTO product_variants (id, product_id, color_id, size_id, price_id, material_id, season_id, status, created_date, updated_date) VALUES (1352, 110, 9, 6, 1352, 4, 2, 'active', '2025-01-01 00:00:00', '2025-01-01 00:00:00');
INSERT INTO prices (id, base_price, sale_price, status, created_date, updated_date) VALUES (1353, 24.95, 22, 'active', '2025-01-01 00:00:00', '2025-01-01 00:00:00');
INSERT INTO product_variants (id, product_id, color_id, size_id, price_id, material_id, season_id, status, created_date, updated_date) VALUES (1353, 110, 2, 3, 1353, 3, 4, 'active', '2025-01-01 00:00:00', '2025-01-01 00:00:00');
INSERT INTO prices (id, base_price, sale_price, status, created_date, updated_date) VALUES (1354, 24.95, 22, 'active', '2025-01-01 00:00:00', '2025-01-01 00:00:00');
INSERT INTO product_variants (id, product_id, color_id, size_id, price_id, material_id, season_id, status, created_date, updated_date) VALUES (1354, 110, 2, 9, 1354, 5, 4, 'active', '2025-01-01 00:00:00', '2025-01-01 00:00:00');
INSERT INTO prices (id, base_price, sale_price, status, created_date, updated_date) VALUES (1355, 24.95, 22, 'active', '2025-01-01 00:00:00', '2025-01-01 00:00:00');
INSERT INTO product_variants (id, product_id, color_id, size_id, price_id, material_id, season_id, status, created_date, updated_date) VALUES (1355, 110, 11, 6, 1355, 1, 2, 'active', '2025-01-01 00:00:00', '2025-01-01 00:00:00');
INSERT INTO prices (id, base_price, sale_price, status, created_date, updated_date) VALUES (1356, 24.95, 22, 'active', '2025-01-01 00:00:00', '2025-01-01 00:00:00');
INSERT INTO product_variants (id, product_id, color_id, size_id, price_id, material_id, season_id, status, created_date, updated_date) VALUES (1356, 110, 11, 1, 1356, 4, 2, 'active', '2025-01-01 00:00:00', '2025-01-01 00:00:00');
INSERT INTO prices (id, base_price, sale_price, status, created_date, updated_date) VALUES (1357, 24.95, 22, 'active', '2025-01-01 00:00:00', '2025-01-01 00:00:00');
INSERT INTO product_variants (id, product_id, color_id, size_id, price_id, material_id, season_id, status, created_date, updated_date) VALUES (1357, 110, 11, 8, 1357, 5, 4, 'active', '2025-01-01 00:00:00', '2025-01-01 00:00:00');
INSERT INTO prices (id, base_price, sale_price, status, created_date, updated_date) VALUES (1358, 24.95, 22, 'active', '2025-01-01 00:00:00', '2025-01-01 00:00:00');
INSERT INTO product_variants (id, product_id, color_id, size_id, price_id, material_id, season_id, status, created_date, updated_date) VALUES (1358, 110, 6, 10, 1358, 1, 1, 'active', '2025-01-01 00:00:00', '2025-01-01 00:00:00');
INSERT INTO product (id, name, description, category_id, status, created_date, updated_date, created_by, updated_by) VALUES (111, 'Organic Cotton VintageSoft T-Shirt', 'Description for Organic Cotton VintageSoft T-Shirt', 6, 'active', '2025-01-01 00:00:00', '2025-01-01 00:00:00', 1, 1);
INSERT INTO product_image (id, image_url, display_order, is_primary, product_id, created_date, updated_date) VALUES (691, 'https://www1.assets-gap.com/webcontent/0056/513/370/cn56513370.jpg?q=h&w=1152', 0, 1, 111, '2025-01-01 00:00:00', '2025-01-01 00:00:00');
INSERT INTO product_image (id, image_url, display_order, is_primary, product_id, created_date, updated_date) VALUES (692, 'https://www.gap.com/webcontent/0056/513/365/cn56513365.jpg', 1, 0, 111, '2025-01-01 00:00:00', '2025-01-01 00:00:00');
INSERT INTO product_image (id, image_url, display_order, is_primary, product_id, created_date, updated_date) VALUES (693, 'https://www.gap.com/webcontent/0056/513/409/cn56513409.jpg', 2, 0, 111, '2025-01-01 00:00:00', '2025-01-01 00:00:00');
INSERT INTO product_image (id, image_url, display_order, is_primary, product_id, created_date, updated_date) VALUES (694, 'https://www.gap.com/webcontent/0056/513/586/cn56513586.jpg', 3, 0, 111, '2025-01-01 00:00:00', '2025-01-01 00:00:00');
INSERT INTO product_image (id, image_url, display_order, is_primary, product_id, created_date, updated_date) VALUES (695, 'https://www.gap.com/webcontent/0056/519/152/cn56519152.jpg', 4, 0, 111, '2025-01-01 00:00:00', '2025-01-01 00:00:00');
INSERT INTO prices (id, base_price, sale_price, status, created_date, updated_date) VALUES (1359, 24.95, 22, 'active', '2025-01-01 00:00:00', '2025-01-01 00:00:00');
INSERT INTO product_variants (id, product_id, color_id, size_id, price_id, material_id, season_id, status, created_date, updated_date) VALUES (1359, 111, 1, 8, 1359, 4, 4, 'active', '2025-01-01 00:00:00', '2025-01-01 00:00:00');
INSERT INTO prices (id, base_price, sale_price, status, created_date, updated_date) VALUES (1360, 24.95, 22, 'active', '2025-01-01 00:00:00', '2025-01-01 00:00:00');
INSERT INTO product_variants (id, product_id, color_id, size_id, price_id, material_id, season_id, status, created_date, updated_date) VALUES (1360, 111, 1, 5, 1360, 6, 4, 'active', '2025-01-01 00:00:00', '2025-01-01 00:00:00');
INSERT INTO prices (id, base_price, sale_price, status, created_date, updated_date) VALUES (1361, 24.95, 22, 'active', '2025-01-01 00:00:00', '2025-01-01 00:00:00');
INSERT INTO product_variants (id, product_id, color_id, size_id, price_id, material_id, season_id, status, created_date, updated_date) VALUES (1361, 111, 4, 6, 1361, 7, 2, 'active', '2025-01-01 00:00:00', '2025-01-01 00:00:00');
INSERT INTO prices (id, base_price, sale_price, status, created_date, updated_date) VALUES (1362, 24.95, 22, 'active', '2025-01-01 00:00:00', '2025-01-01 00:00:00');
INSERT INTO product_variants (id, product_id, color_id, size_id, price_id, material_id, season_id, status, created_date, updated_date) VALUES (1362, 111, 4, 10, 1362, 2, 2, 'active', '2025-01-01 00:00:00', '2025-01-01 00:00:00');
INSERT INTO prices (id, base_price, sale_price, status, created_date, updated_date) VALUES (1363, 24.95, 22, 'active', '2025-01-01 00:00:00', '2025-01-01 00:00:00');
INSERT INTO product_variants (id, product_id, color_id, size_id, price_id, material_id, season_id, status, created_date, updated_date) VALUES (1363, 111, 11, 3, 1363, 4, 1, 'active', '2025-01-01 00:00:00', '2025-01-01 00:00:00');
INSERT INTO prices (id, base_price, sale_price, status, created_date, updated_date) VALUES (1364, 24.95, 22, 'active', '2025-01-01 00:00:00', '2025-01-01 00:00:00');
INSERT INTO product_variants (id, product_id, color_id, size_id, price_id, material_id, season_id, status, created_date, updated_date) VALUES (1364, 111, 11, 7, 1364, 3, 3, 'active', '2025-01-01 00:00:00', '2025-01-01 00:00:00');
INSERT INTO prices (id, base_price, sale_price, status, created_date, updated_date) VALUES (1365, 24.95, 22, 'active', '2025-01-01 00:00:00', '2025-01-01 00:00:00');
INSERT INTO product_variants (id, product_id, color_id, size_id, price_id, material_id, season_id, status, created_date, updated_date) VALUES (1365, 111, 1, 1, 1365, 4, 3, 'active', '2025-01-01 00:00:00', '2025-01-01 00:00:00');
INSERT INTO prices (id, base_price, sale_price, status, created_date, updated_date) VALUES (1366, 24.95, 22, 'active', '2025-01-01 00:00:00', '2025-01-01 00:00:00');
INSERT INTO product_variants (id, product_id, color_id, size_id, price_id, material_id, season_id, status, created_date, updated_date) VALUES (1366, 111, 1, 9, 1366, 3, 4, 'active', '2025-01-01 00:00:00', '2025-01-01 00:00:00');
INSERT INTO prices (id, base_price, sale_price, status, created_date, updated_date) VALUES (1367, 24.95, 22, 'active', '2025-01-01 00:00:00', '2025-01-01 00:00:00');
INSERT INTO product_variants (id, product_id, color_id, size_id, price_id, material_id, season_id, status, created_date, updated_date) VALUES (1367, 111, 1, 7, 1367, 1, 2, 'active', '2025-01-01 00:00:00', '2025-01-01 00:00:00');
INSERT INTO prices (id, base_price, sale_price, status, created_date, updated_date) VALUES (1368, 24.95, 22, 'active', '2025-01-01 00:00:00', '2025-01-01 00:00:00');
INSERT INTO product_variants (id, product_id, color_id, size_id, price_id, material_id, season_id, status, created_date, updated_date) VALUES (1368, 111, 3, 8, 1368, 4, 3, 'active', '2025-01-01 00:00:00', '2025-01-01 00:00:00');
INSERT INTO prices (id, base_price, sale_price, status, created_date, updated_date) VALUES (1369, 24.95, 22, 'active', '2025-01-01 00:00:00', '2025-01-01 00:00:00');
INSERT INTO product_variants (id, product_id, color_id, size_id, price_id, material_id, season_id, status, created_date, updated_date) VALUES (1369, 111, 3, 4, 1369, 2, 3, 'active', '2025-01-01 00:00:00', '2025-01-01 00:00:00');
INSERT INTO prices (id, base_price, sale_price, status, created_date, updated_date) VALUES (1370, 24.95, 22, 'active', '2025-01-01 00:00:00', '2025-01-01 00:00:00');
INSERT INTO product_variants (id, product_id, color_id, size_id, price_id, material_id, season_id, status, created_date, updated_date) VALUES (1370, 111, 9, 1, 1370, 7, 4, 'active', '2025-01-01 00:00:00', '2025-01-01 00:00:00');
INSERT INTO prices (id, base_price, sale_price, status, created_date, updated_date) VALUES (1371, 24.95, 22, 'active', '2025-01-01 00:00:00', '2025-01-01 00:00:00');
INSERT INTO product_variants (id, product_id, color_id, size_id, price_id, material_id, season_id, status, created_date, updated_date) VALUES (1371, 111, 9, 4, 1371, 5, 3, 'active', '2025-01-01 00:00:00', '2025-01-01 00:00:00');
INSERT INTO prices (id, base_price, sale_price, status, created_date, updated_date) VALUES (1372, 24.95, 22, 'active', '2025-01-01 00:00:00', '2025-01-01 00:00:00');
INSERT INTO product_variants (id, product_id, color_id, size_id, price_id, material_id, season_id, status, created_date, updated_date) VALUES (1372, 111, 9, 10, 1372, 5, 4, 'active', '2025-01-01 00:00:00', '2025-01-01 00:00:00');
INSERT INTO prices (id, base_price, sale_price, status, created_date, updated_date) VALUES (1373, 24.95, 22, 'active', '2025-01-01 00:00:00', '2025-01-01 00:00:00');
INSERT INTO product_variants (id, product_id, color_id, size_id, price_id, material_id, season_id, status, created_date, updated_date) VALUES (1373, 111, 2, 2, 1373, 3, 1, 'active', '2025-01-01 00:00:00', '2025-01-01 00:00:00');
INSERT INTO prices (id, base_price, sale_price, status, created_date, updated_date) VALUES (1374, 24.95, 22, 'active', '2025-01-01 00:00:00', '2025-01-01 00:00:00');
INSERT INTO product_variants (id, product_id, color_id, size_id, price_id, material_id, season_id, status, created_date, updated_date) VALUES (1374, 111, 2, 4, 1374, 2, 3, 'active', '2025-01-01 00:00:00', '2025-01-01 00:00:00');
INSERT INTO prices (id, base_price, sale_price, status, created_date, updated_date) VALUES (1375, 24.95, 22, 'active', '2025-01-01 00:00:00', '2025-01-01 00:00:00');
INSERT INTO product_variants (id, product_id, color_id, size_id, price_id, material_id, season_id, status, created_date, updated_date) VALUES (1375, 111, 2, 3, 1375, 5, 1, 'active', '2025-01-01 00:00:00', '2025-01-01 00:00:00');
INSERT INTO prices (id, base_price, sale_price, status, created_date, updated_date) VALUES (1376, 24.95, 22, 'active', '2025-01-01 00:00:00', '2025-01-01 00:00:00');
INSERT INTO product_variants (id, product_id, color_id, size_id, price_id, material_id, season_id, status, created_date, updated_date) VALUES (1376, 111, 11, 1, 1376, 6, 1, 'active', '2025-01-01 00:00:00', '2025-01-01 00:00:00');
INSERT INTO prices (id, base_price, sale_price, status, created_date, updated_date) VALUES (1377, 24.95, 22, 'active', '2025-01-01 00:00:00', '2025-01-01 00:00:00');
INSERT INTO product_variants (id, product_id, color_id, size_id, price_id, material_id, season_id, status, created_date, updated_date) VALUES (1377, 111, 11, 8, 1377, 7, 4, 'active', '2025-01-01 00:00:00', '2025-01-01 00:00:00');
INSERT INTO prices (id, base_price, sale_price, status, created_date, updated_date) VALUES (1378, 24.95, 22, 'active', '2025-01-01 00:00:00', '2025-01-01 00:00:00');
INSERT INTO product_variants (id, product_id, color_id, size_id, price_id, material_id, season_id, status, created_date, updated_date) VALUES (1378, 111, 6, 6, 1378, 2, 4, 'active', '2025-01-01 00:00:00', '2025-01-01 00:00:00');
INSERT INTO prices (id, base_price, sale_price, status, created_date, updated_date) VALUES (1379, 24.95, 22, 'active', '2025-01-01 00:00:00', '2025-01-01 00:00:00');
INSERT INTO product_variants (id, product_id, color_id, size_id, price_id, material_id, season_id, status, created_date, updated_date) VALUES (1379, 111, 6, 5, 1379, 4, 1, 'active', '2025-01-01 00:00:00', '2025-01-01 00:00:00');
INSERT INTO product (id, name, description, category_id, status, created_date, updated_date, created_by, updated_by) VALUES (112, 'Modern Crewneck T-Shirt', 'Description for Modern Crewneck T-Shirt', 6, 'active', '2025-01-01 00:00:00', '2025-01-01 00:00:00', 1, 1);
INSERT INTO product_image (id, image_url, display_order, is_primary, product_id, created_date, updated_date) VALUES (696, 'https://www1.assets-gap.com/webcontent/0060/413/587/cn60413587.jpg?q=h&w=1152', 0, 1, 112, '2025-01-01 00:00:00', '2025-01-01 00:00:00');
INSERT INTO product_image (id, image_url, display_order, is_primary, product_id, created_date, updated_date) VALUES (697, 'https://www.gap.com/webcontent/0060/413/553/cn60413553.jpg', 1, 0, 112, '2025-01-01 00:00:00', '2025-01-01 00:00:00');
INSERT INTO product_image (id, image_url, display_order, is_primary, product_id, created_date, updated_date) VALUES (698, 'https://www.gap.com/webcontent/0060/413/598/cn60413598.jpg', 2, 0, 112, '2025-01-01 00:00:00', '2025-01-01 00:00:00');
INSERT INTO product_image (id, image_url, display_order, is_primary, product_id, created_date, updated_date) VALUES (699, 'https://www.gap.com/webcontent/0060/413/663/cn60413663.jpg', 3, 0, 112, '2025-01-01 00:00:00', '2025-01-01 00:00:00');
INSERT INTO product_image (id, image_url, display_order, is_primary, product_id, created_date, updated_date) VALUES (700, 'https://www.gap.com/webcontent/0060/295/678/cn60295678.jpg', 4, 0, 112, '2025-01-01 00:00:00', '2025-01-01 00:00:00');
INSERT INTO prices (id, base_price, sale_price, status, created_date, updated_date) VALUES (1380, 39.95, 23, 'active', '2025-01-01 00:00:00', '2025-01-01 00:00:00');
INSERT INTO product_variants (id, product_id, color_id, size_id, price_id, material_id, season_id, status, created_date, updated_date) VALUES (1380, 112, 6, 2, 1380, 6, 2, 'active', '2025-01-01 00:00:00', '2025-01-01 00:00:00');
INSERT INTO prices (id, base_price, sale_price, status, created_date, updated_date) VALUES (1381, 39.95, 23, 'active', '2025-01-01 00:00:00', '2025-01-01 00:00:00');
INSERT INTO product_variants (id, product_id, color_id, size_id, price_id, material_id, season_id, status, created_date, updated_date) VALUES (1381, 112, 6, 7, 1381, 6, 3, 'active', '2025-01-01 00:00:00', '2025-01-01 00:00:00');
INSERT INTO prices (id, base_price, sale_price, status, created_date, updated_date) VALUES (1382, 39.95, 23, 'active', '2025-01-01 00:00:00', '2025-01-01 00:00:00');
INSERT INTO product_variants (id, product_id, color_id, size_id, price_id, material_id, season_id, status, created_date, updated_date) VALUES (1382, 112, 6, 9, 1382, 5, 3, 'active', '2025-01-01 00:00:00', '2025-01-01 00:00:00');
INSERT INTO prices (id, base_price, sale_price, status, created_date, updated_date) VALUES (1383, 39.95, 23, 'active', '2025-01-01 00:00:00', '2025-01-01 00:00:00');
INSERT INTO product_variants (id, product_id, color_id, size_id, price_id, material_id, season_id, status, created_date, updated_date) VALUES (1383, 112, 4, 2, 1383, 2, 1, 'active', '2025-01-01 00:00:00', '2025-01-01 00:00:00');
INSERT INTO prices (id, base_price, sale_price, status, created_date, updated_date) VALUES (1384, 39.95, 23, 'active', '2025-01-01 00:00:00', '2025-01-01 00:00:00');
INSERT INTO product_variants (id, product_id, color_id, size_id, price_id, material_id, season_id, status, created_date, updated_date) VALUES (1384, 112, 4, 10, 1384, 2, 1, 'active', '2025-01-01 00:00:00', '2025-01-01 00:00:00');
INSERT INTO prices (id, base_price, sale_price, status, created_date, updated_date) VALUES (1385, 39.95, 23, 'active', '2025-01-01 00:00:00', '2025-01-01 00:00:00');
INSERT INTO product_variants (id, product_id, color_id, size_id, price_id, material_id, season_id, status, created_date, updated_date) VALUES (1385, 112, 13, 5, 1385, 1, 3, 'active', '2025-01-01 00:00:00', '2025-01-01 00:00:00');
INSERT INTO prices (id, base_price, sale_price, status, created_date, updated_date) VALUES (1386, 39.95, 23, 'active', '2025-01-01 00:00:00', '2025-01-01 00:00:00');
INSERT INTO product_variants (id, product_id, color_id, size_id, price_id, material_id, season_id, status, created_date, updated_date) VALUES (1386, 112, 13, 4, 1386, 3, 3, 'active', '2025-01-01 00:00:00', '2025-01-01 00:00:00');
INSERT INTO prices (id, base_price, sale_price, status, created_date, updated_date) VALUES (1387, 39.95, 23, 'active', '2025-01-01 00:00:00', '2025-01-01 00:00:00');
INSERT INTO product_variants (id, product_id, color_id, size_id, price_id, material_id, season_id, status, created_date, updated_date) VALUES (1387, 112, 6, 7, 1387, 7, 1, 'active', '2025-01-01 00:00:00', '2025-01-01 00:00:00');
INSERT INTO prices (id, base_price, sale_price, status, created_date, updated_date) VALUES (1388, 39.95, 23, 'active', '2025-01-01 00:00:00', '2025-01-01 00:00:00');
INSERT INTO product_variants (id, product_id, color_id, size_id, price_id, material_id, season_id, status, created_date, updated_date) VALUES (1388, 112, 6, 9, 1388, 3, 4, 'active', '2025-01-01 00:00:00', '2025-01-01 00:00:00');
INSERT INTO prices (id, base_price, sale_price, status, created_date, updated_date) VALUES (1389, 39.95, 23, 'active', '2025-01-01 00:00:00', '2025-01-01 00:00:00');
INSERT INTO product_variants (id, product_id, color_id, size_id, price_id, material_id, season_id, status, created_date, updated_date) VALUES (1389, 112, 9, 9, 1389, 2, 2, 'active', '2025-01-01 00:00:00', '2025-01-01 00:00:00');
INSERT INTO prices (id, base_price, sale_price, status, created_date, updated_date) VALUES (1390, 39.95, 23, 'active', '2025-01-01 00:00:00', '2025-01-01 00:00:00');
INSERT INTO product_variants (id, product_id, color_id, size_id, price_id, material_id, season_id, status, created_date, updated_date) VALUES (1390, 112, 9, 3, 1390, 5, 3, 'active', '2025-01-01 00:00:00', '2025-01-01 00:00:00');
INSERT INTO prices (id, base_price, sale_price, status, created_date, updated_date) VALUES (1391, 39.95, 23, 'active', '2025-01-01 00:00:00', '2025-01-01 00:00:00');
INSERT INTO product_variants (id, product_id, color_id, size_id, price_id, material_id, season_id, status, created_date, updated_date) VALUES (1391, 112, 9, 4, 1391, 6, 2, 'active', '2025-01-01 00:00:00', '2025-01-01 00:00:00');
INSERT INTO prices (id, base_price, sale_price, status, created_date, updated_date) VALUES (1392, 39.95, 23, 'active', '2025-01-01 00:00:00', '2025-01-01 00:00:00');
INSERT INTO product_variants (id, product_id, color_id, size_id, price_id, material_id, season_id, status, created_date, updated_date) VALUES (1392, 112, 1, 6, 1392, 3, 3, 'active', '2025-01-01 00:00:00', '2025-01-01 00:00:00');
INSERT INTO prices (id, base_price, sale_price, status, created_date, updated_date) VALUES (1393, 39.95, 23, 'active', '2025-01-01 00:00:00', '2025-01-01 00:00:00');
INSERT INTO product_variants (id, product_id, color_id, size_id, price_id, material_id, season_id, status, created_date, updated_date) VALUES (1393, 112, 1, 7, 1393, 6, 2, 'active', '2025-01-01 00:00:00', '2025-01-01 00:00:00');
INSERT INTO prices (id, base_price, sale_price, status, created_date, updated_date) VALUES (1394, 39.95, 23, 'active', '2025-01-01 00:00:00', '2025-01-01 00:00:00');
INSERT INTO product_variants (id, product_id, color_id, size_id, price_id, material_id, season_id, status, created_date, updated_date) VALUES (1394, 112, 2, 5, 1394, 4, 3, 'active', '2025-01-01 00:00:00', '2025-01-01 00:00:00');
INSERT INTO prices (id, base_price, sale_price, status, created_date, updated_date) VALUES (1395, 39.95, 23, 'active', '2025-01-01 00:00:00', '2025-01-01 00:00:00');
INSERT INTO product_variants (id, product_id, color_id, size_id, price_id, material_id, season_id, status, created_date, updated_date) VALUES (1395, 112, 2, 1, 1395, 6, 3, 'active', '2025-01-01 00:00:00', '2025-01-01 00:00:00');
INSERT INTO prices (id, base_price, sale_price, status, created_date, updated_date) VALUES (1396, 39.95, 23, 'active', '2025-01-01 00:00:00', '2025-01-01 00:00:00');
INSERT INTO product_variants (id, product_id, color_id, size_id, price_id, material_id, season_id, status, created_date, updated_date) VALUES (1396, 112, 3, 2, 1396, 3, 1, 'active', '2025-01-01 00:00:00', '2025-01-01 00:00:00');
INSERT INTO prices (id, base_price, sale_price, status, created_date, updated_date) VALUES (1397, 39.95, 23, 'active', '2025-01-01 00:00:00', '2025-01-01 00:00:00');
INSERT INTO product_variants (id, product_id, color_id, size_id, price_id, material_id, season_id, status, created_date, updated_date) VALUES (1397, 112, 3, 6, 1397, 1, 2, 'active', '2025-01-01 00:00:00', '2025-01-01 00:00:00');
INSERT INTO product (id, name, description, category_id, status, created_date, updated_date, created_by, updated_by) VALUES (113, 'Organic Cotton Fitted Crop Shirt', 'Description for Organic Cotton Fitted Crop Shirt', 6, 'active', '2025-01-01 00:00:00', '2025-01-01 00:00:00', 1, 1);
INSERT INTO product_image (id, image_url, display_order, is_primary, product_id, created_date, updated_date) VALUES (701, 'https://www1.assets-gap.com/webcontent/0060/802/837/cn60802837.jpg?q=h&w=1152', 0, 1, 113, '2025-01-01 00:00:00', '2025-01-01 00:00:00');
INSERT INTO product_image (id, image_url, display_order, is_primary, product_id, created_date, updated_date) VALUES (702, 'https://www.gap.com/webcontent/0060/802/832/cn60802832.jpg', 1, 0, 113, '2025-01-01 00:00:00', '2025-01-01 00:00:00');
INSERT INTO product_image (id, image_url, display_order, is_primary, product_id, created_date, updated_date) VALUES (703, 'https://www.gap.com/webcontent/0060/802/844/cn60802844.jpg', 2, 0, 113, '2025-01-01 00:00:00', '2025-01-01 00:00:00');
INSERT INTO product_image (id, image_url, display_order, is_primary, product_id, created_date, updated_date) VALUES (704, 'https://www.gap.com/webcontent/0060/802/851/cn60802851.jpg', 3, 0, 113, '2025-01-01 00:00:00', '2025-01-01 00:00:00');
INSERT INTO product_image (id, image_url, display_order, is_primary, product_id, created_date, updated_date) VALUES (705, 'https://www.gap.com/webcontent/0060/136/692/cn60136692.jpg', 4, 0, 113, '2025-01-01 00:00:00', '2025-01-01 00:00:00');
INSERT INTO prices (id, base_price, sale_price, status, created_date, updated_date) VALUES (1398, 69.95, 34, 'active', '2025-01-01 00:00:00', '2025-01-01 00:00:00');
INSERT INTO product_variants (id, product_id, color_id, size_id, price_id, material_id, season_id, status, created_date, updated_date) VALUES (1398, 113, 1, 2, 1398, 7, 1, 'active', '2025-01-01 00:00:00', '2025-01-01 00:00:00');
INSERT INTO prices (id, base_price, sale_price, status, created_date, updated_date) VALUES (1399, 69.95, 34, 'active', '2025-01-01 00:00:00', '2025-01-01 00:00:00');
INSERT INTO product_variants (id, product_id, color_id, size_id, price_id, material_id, season_id, status, created_date, updated_date) VALUES (1399, 113, 1, 1, 1399, 6, 3, 'active', '2025-01-01 00:00:00', '2025-01-01 00:00:00');
INSERT INTO prices (id, base_price, sale_price, status, created_date, updated_date) VALUES (1400, 69.95, 34, 'active', '2025-01-01 00:00:00', '2025-01-01 00:00:00');
INSERT INTO product_variants (id, product_id, color_id, size_id, price_id, material_id, season_id, status, created_date, updated_date) VALUES (1400, 113, 1, 5, 1400, 7, 2, 'active', '2025-01-01 00:00:00', '2025-01-01 00:00:00');
INSERT INTO prices (id, base_price, sale_price, status, created_date, updated_date) VALUES (1401, 69.95, 34, 'active', '2025-01-01 00:00:00', '2025-01-01 00:00:00');
INSERT INTO product_variants (id, product_id, color_id, size_id, price_id, material_id, season_id, status, created_date, updated_date) VALUES (1401, 113, 1, 1, 1401, 4, 1, 'active', '2025-01-01 00:00:00', '2025-01-01 00:00:00');
INSERT INTO prices (id, base_price, sale_price, status, created_date, updated_date) VALUES (1402, 69.95, 34, 'active', '2025-01-01 00:00:00', '2025-01-01 00:00:00');
INSERT INTO product_variants (id, product_id, color_id, size_id, price_id, material_id, season_id, status, created_date, updated_date) VALUES (1402, 113, 5, 1, 1402, 5, 2, 'active', '2025-01-01 00:00:00', '2025-01-01 00:00:00');
INSERT INTO prices (id, base_price, sale_price, status, created_date, updated_date) VALUES (1403, 69.95, 34, 'active', '2025-01-01 00:00:00', '2025-01-01 00:00:00');
INSERT INTO product_variants (id, product_id, color_id, size_id, price_id, material_id, season_id, status, created_date, updated_date) VALUES (1403, 113, 5, 7, 1403, 4, 1, 'active', '2025-01-01 00:00:00', '2025-01-01 00:00:00');
INSERT INTO prices (id, base_price, sale_price, status, created_date, updated_date) VALUES (1404, 69.95, 34, 'active', '2025-01-01 00:00:00', '2025-01-01 00:00:00');
INSERT INTO product_variants (id, product_id, color_id, size_id, price_id, material_id, season_id, status, created_date, updated_date) VALUES (1404, 113, 1, 2, 1404, 2, 2, 'active', '2025-01-01 00:00:00', '2025-01-01 00:00:00');
INSERT INTO prices (id, base_price, sale_price, status, created_date, updated_date) VALUES (1405, 69.95, 34, 'active', '2025-01-01 00:00:00', '2025-01-01 00:00:00');
INSERT INTO product_variants (id, product_id, color_id, size_id, price_id, material_id, season_id, status, created_date, updated_date) VALUES (1405, 113, 1, 9, 1405, 2, 1, 'active', '2025-01-01 00:00:00', '2025-01-01 00:00:00');
INSERT INTO prices (id, base_price, sale_price, status, created_date, updated_date) VALUES (1406, 69.95, 34, 'active', '2025-01-01 00:00:00', '2025-01-01 00:00:00');
INSERT INTO product_variants (id, product_id, color_id, size_id, price_id, material_id, season_id, status, created_date, updated_date) VALUES (1406, 113, 1, 8, 1406, 1, 2, 'active', '2025-01-01 00:00:00', '2025-01-01 00:00:00');
INSERT INTO prices (id, base_price, sale_price, status, created_date, updated_date) VALUES (1407, 69.95, 34, 'active', '2025-01-01 00:00:00', '2025-01-01 00:00:00');
INSERT INTO product_variants (id, product_id, color_id, size_id, price_id, material_id, season_id, status, created_date, updated_date) VALUES (1407, 113, 1, 1, 1407, 5, 2, 'active', '2025-01-01 00:00:00', '2025-01-01 00:00:00');
INSERT INTO prices (id, base_price, sale_price, status, created_date, updated_date) VALUES (1408, 69.95, 34, 'active', '2025-01-01 00:00:00', '2025-01-01 00:00:00');
INSERT INTO product_variants (id, product_id, color_id, size_id, price_id, material_id, season_id, status, created_date, updated_date) VALUES (1408, 113, 1, 5, 1408, 6, 4, 'active', '2025-01-01 00:00:00', '2025-01-01 00:00:00');
INSERT INTO prices (id, base_price, sale_price, status, created_date, updated_date) VALUES (1409, 69.95, 34, 'active', '2025-01-01 00:00:00', '2025-01-01 00:00:00');
INSERT INTO product_variants (id, product_id, color_id, size_id, price_id, material_id, season_id, status, created_date, updated_date) VALUES (1409, 113, 6, 5, 1409, 7, 3, 'active', '2025-01-01 00:00:00', '2025-01-01 00:00:00');
INSERT INTO prices (id, base_price, sale_price, status, created_date, updated_date) VALUES (1410, 69.95, 34, 'active', '2025-01-01 00:00:00', '2025-01-01 00:00:00');
INSERT INTO product_variants (id, product_id, color_id, size_id, price_id, material_id, season_id, status, created_date, updated_date) VALUES (1410, 113, 6, 10, 1410, 1, 3, 'active', '2025-01-01 00:00:00', '2025-01-01 00:00:00');
INSERT INTO prices (id, base_price, sale_price, status, created_date, updated_date) VALUES (1411, 69.95, 34, 'active', '2025-01-01 00:00:00', '2025-01-01 00:00:00');
INSERT INTO product_variants (id, product_id, color_id, size_id, price_id, material_id, season_id, status, created_date, updated_date) VALUES (1411, 113, 1, 7, 1411, 6, 1, 'active', '2025-01-01 00:00:00', '2025-01-01 00:00:00');
INSERT INTO prices (id, base_price, sale_price, status, created_date, updated_date) VALUES (1412, 69.95, 34, 'active', '2025-01-01 00:00:00', '2025-01-01 00:00:00');
INSERT INTO product_variants (id, product_id, color_id, size_id, price_id, material_id, season_id, status, created_date, updated_date) VALUES (1412, 113, 1, 3, 1412, 2, 3, 'active', '2025-01-01 00:00:00', '2025-01-01 00:00:00');
INSERT INTO prices (id, base_price, sale_price, status, created_date, updated_date) VALUES (1413, 69.95, 34, 'active', '2025-01-01 00:00:00', '2025-01-01 00:00:00');
INSERT INTO product_variants (id, product_id, color_id, size_id, price_id, material_id, season_id, status, created_date, updated_date) VALUES (1413, 113, 1, 2, 1413, 2, 4, 'active', '2025-01-01 00:00:00', '2025-01-01 00:00:00');
INSERT INTO prices (id, base_price, sale_price, status, created_date, updated_date) VALUES (1414, 69.95, 34, 'active', '2025-01-01 00:00:00', '2025-01-01 00:00:00');
INSERT INTO product_variants (id, product_id, color_id, size_id, price_id, material_id, season_id, status, created_date, updated_date) VALUES (1414, 113, 2, 10, 1414, 7, 4, 'active', '2025-01-01 00:00:00', '2025-01-01 00:00:00');
INSERT INTO prices (id, base_price, sale_price, status, created_date, updated_date) VALUES (1415, 69.95, 34, 'active', '2025-01-01 00:00:00', '2025-01-01 00:00:00');
INSERT INTO product_variants (id, product_id, color_id, size_id, price_id, material_id, season_id, status, created_date, updated_date) VALUES (1415, 113, 2, 6, 1415, 7, 3, 'active', '2025-01-01 00:00:00', '2025-01-01 00:00:00');
INSERT INTO prices (id, base_price, sale_price, status, created_date, updated_date) VALUES (1416, 69.95, 34, 'active', '2025-01-01 00:00:00', '2025-01-01 00:00:00');
INSERT INTO product_variants (id, product_id, color_id, size_id, price_id, material_id, season_id, status, created_date, updated_date) VALUES (1416, 113, 2, 9, 1416, 4, 4, 'active', '2025-01-01 00:00:00', '2025-01-01 00:00:00');
INSERT INTO product (id, name, description, category_id, status, created_date, updated_date, created_by, updated_by) VALUES (114, 'CloseKnit Jersey T-Shirt', 'Description for CloseKnit Jersey T-Shirt', 6, 'active', '2025-01-01 00:00:00', '2025-01-01 00:00:00', 1, 1);
INSERT INTO product_image (id, image_url, display_order, is_primary, product_id, created_date, updated_date) VALUES (706, 'https://www1.assets-gap.com/webcontent/0059/536/366/cn59536366.jpg?q=h&w=1152', 0, 1, 114, '2025-01-01 00:00:00', '2025-01-01 00:00:00');
INSERT INTO product_image (id, image_url, display_order, is_primary, product_id, created_date, updated_date) VALUES (707, 'https://www.gap.com/webcontent/0059/536/349/cn59536349.jpg', 1, 0, 114, '2025-01-01 00:00:00', '2025-01-01 00:00:00');
INSERT INTO product_image (id, image_url, display_order, is_primary, product_id, created_date, updated_date) VALUES (708, 'https://www.gap.com/webcontent/0059/536/360/cn59536360.jpg', 2, 0, 114, '2025-01-01 00:00:00', '2025-01-01 00:00:00');
INSERT INTO product_image (id, image_url, display_order, is_primary, product_id, created_date, updated_date) VALUES (709, 'https://www.gap.com/webcontent/0059/524/899/cn59524899.jpg', 3, 0, 114, '2025-01-01 00:00:00', '2025-01-01 00:00:00');
INSERT INTO product_image (id, image_url, display_order, is_primary, product_id, created_date, updated_date) VALUES (710, 'https://www.gap.com/webcontent/0059/524/903/cn59524903.jpg', 4, 0, 114, '2025-01-01 00:00:00', '2025-01-01 00:00:00');
INSERT INTO product_image (id, image_url, display_order, is_primary, product_id, created_date, updated_date) VALUES (711, 'https://www.gap.com/webcontent/0059/141/737/cn59141737.jpg', 5, 0, 114, '2025-01-01 00:00:00', '2025-01-01 00:00:00');
INSERT INTO prices (id, base_price, sale_price, status, created_date, updated_date) VALUES (1417, 24.95, 19.99, 'active', '2025-01-01 00:00:00', '2025-01-01 00:00:00');
INSERT INTO product_variants (id, product_id, color_id, size_id, price_id, material_id, season_id, status, created_date, updated_date) VALUES (1417, 114, 6, 6, 1417, 2, 2, 'active', '2025-01-01 00:00:00', '2025-01-01 00:00:00');
INSERT INTO prices (id, base_price, sale_price, status, created_date, updated_date) VALUES (1418, 24.95, 19.99, 'active', '2025-01-01 00:00:00', '2025-01-01 00:00:00');
INSERT INTO product_variants (id, product_id, color_id, size_id, price_id, material_id, season_id, status, created_date, updated_date) VALUES (1418, 114, 6, 10, 1418, 2, 4, 'active', '2025-01-01 00:00:00', '2025-01-01 00:00:00');
INSERT INTO prices (id, base_price, sale_price, status, created_date, updated_date) VALUES (1419, 24.95, 19.99, 'active', '2025-01-01 00:00:00', '2025-01-01 00:00:00');
INSERT INTO product_variants (id, product_id, color_id, size_id, price_id, material_id, season_id, status, created_date, updated_date) VALUES (1419, 114, 4, 8, 1419, 1, 2, 'active', '2025-01-01 00:00:00', '2025-01-01 00:00:00');
INSERT INTO prices (id, base_price, sale_price, status, created_date, updated_date) VALUES (1420, 24.95, 19.99, 'active', '2025-01-01 00:00:00', '2025-01-01 00:00:00');
INSERT INTO product_variants (id, product_id, color_id, size_id, price_id, material_id, season_id, status, created_date, updated_date) VALUES (1420, 114, 4, 1, 1420, 4, 3, 'active', '2025-01-01 00:00:00', '2025-01-01 00:00:00');
INSERT INTO prices (id, base_price, sale_price, status, created_date, updated_date) VALUES (1421, 24.95, 19.99, 'active', '2025-01-01 00:00:00', '2025-01-01 00:00:00');
INSERT INTO product_variants (id, product_id, color_id, size_id, price_id, material_id, season_id, status, created_date, updated_date) VALUES (1421, 114, 2, 2, 1421, 7, 4, 'active', '2025-01-01 00:00:00', '2025-01-01 00:00:00');
INSERT INTO prices (id, base_price, sale_price, status, created_date, updated_date) VALUES (1422, 24.95, 19.99, 'active', '2025-01-01 00:00:00', '2025-01-01 00:00:00');
INSERT INTO product_variants (id, product_id, color_id, size_id, price_id, material_id, season_id, status, created_date, updated_date) VALUES (1422, 114, 2, 1, 1422, 6, 3, 'active', '2025-01-01 00:00:00', '2025-01-01 00:00:00');
INSERT INTO prices (id, base_price, sale_price, status, created_date, updated_date) VALUES (1423, 24.95, 19.99, 'active', '2025-01-01 00:00:00', '2025-01-01 00:00:00');
INSERT INTO product_variants (id, product_id, color_id, size_id, price_id, material_id, season_id, status, created_date, updated_date) VALUES (1423, 114, 2, 4, 1423, 5, 3, 'active', '2025-01-01 00:00:00', '2025-01-01 00:00:00');
INSERT INTO prices (id, base_price, sale_price, status, created_date, updated_date) VALUES (1424, 24.95, 19.99, 'active', '2025-01-01 00:00:00', '2025-01-01 00:00:00');
INSERT INTO product_variants (id, product_id, color_id, size_id, price_id, material_id, season_id, status, created_date, updated_date) VALUES (1424, 114, 3, 4, 1424, 4, 3, 'active', '2025-01-01 00:00:00', '2025-01-01 00:00:00');
INSERT INTO prices (id, base_price, sale_price, status, created_date, updated_date) VALUES (1425, 24.95, 19.99, 'active', '2025-01-01 00:00:00', '2025-01-01 00:00:00');
INSERT INTO product_variants (id, product_id, color_id, size_id, price_id, material_id, season_id, status, created_date, updated_date) VALUES (1425, 114, 3, 7, 1425, 1, 2, 'active', '2025-01-01 00:00:00', '2025-01-01 00:00:00');
INSERT INTO prices (id, base_price, sale_price, status, created_date, updated_date) VALUES (1426, 24.95, 19.99, 'active', '2025-01-01 00:00:00', '2025-01-01 00:00:00');
INSERT INTO product_variants (id, product_id, color_id, size_id, price_id, material_id, season_id, status, created_date, updated_date) VALUES (1426, 114, 9, 6, 1426, 5, 1, 'active', '2025-01-01 00:00:00', '2025-01-01 00:00:00');
INSERT INTO prices (id, base_price, sale_price, status, created_date, updated_date) VALUES (1427, 24.95, 19.99, 'active', '2025-01-01 00:00:00', '2025-01-01 00:00:00');
INSERT INTO product_variants (id, product_id, color_id, size_id, price_id, material_id, season_id, status, created_date, updated_date) VALUES (1427, 114, 9, 2, 1427, 2, 2, 'active', '2025-01-01 00:00:00', '2025-01-01 00:00:00');
INSERT INTO prices (id, base_price, sale_price, status, created_date, updated_date) VALUES (1428, 24.95, 19.99, 'active', '2025-01-01 00:00:00', '2025-01-01 00:00:00');
INSERT INTO product_variants (id, product_id, color_id, size_id, price_id, material_id, season_id, status, created_date, updated_date) VALUES (1428, 114, 1, 7, 1428, 6, 3, 'active', '2025-01-01 00:00:00', '2025-01-01 00:00:00');
INSERT INTO prices (id, base_price, sale_price, status, created_date, updated_date) VALUES (1429, 24.95, 19.99, 'active', '2025-01-01 00:00:00', '2025-01-01 00:00:00');
INSERT INTO product_variants (id, product_id, color_id, size_id, price_id, material_id, season_id, status, created_date, updated_date) VALUES (1429, 114, 1, 9, 1429, 1, 4, 'active', '2025-01-01 00:00:00', '2025-01-01 00:00:00');
INSERT INTO prices (id, base_price, sale_price, status, created_date, updated_date) VALUES (1430, 24.95, 19.99, 'active', '2025-01-01 00:00:00', '2025-01-01 00:00:00');
INSERT INTO product_variants (id, product_id, color_id, size_id, price_id, material_id, season_id, status, created_date, updated_date) VALUES (1430, 114, 1, 10, 1430, 3, 1, 'active', '2025-01-01 00:00:00', '2025-01-01 00:00:00');
INSERT INTO product (id, name, description, category_id, status, created_date, updated_date, created_by, updated_by) VALUES (115, 'Modern Boatneck T-Shirt', 'Description for Modern Boatneck T-Shirt', 6, 'active', '2025-01-01 00:00:00', '2025-01-01 00:00:00', 1, 1);
INSERT INTO product_image (id, image_url, display_order, is_primary, product_id, created_date, updated_date) VALUES (712, 'https://www1.assets-gap.com/webcontent/0059/852/790/cn59852790.jpg?q=h&w=1152', 0, 1, 115, '2025-01-01 00:00:00', '2025-01-01 00:00:00');
INSERT INTO product_image (id, image_url, display_order, is_primary, product_id, created_date, updated_date) VALUES (713, 'https://www.gap.com/webcontent/0059/852/779/cn59852779.jpg', 1, 0, 115, '2025-01-01 00:00:00', '2025-01-01 00:00:00');
INSERT INTO product_image (id, image_url, display_order, is_primary, product_id, created_date, updated_date) VALUES (714, 'https://www.gap.com/webcontent/0059/851/127/cn59851127.jpg', 2, 0, 115, '2025-01-01 00:00:00', '2025-01-01 00:00:00');
INSERT INTO product_image (id, image_url, display_order, is_primary, product_id, created_date, updated_date) VALUES (715, 'https://www.gap.com/webcontent/0059/851/148/cn59851148.jpg', 3, 0, 115, '2025-01-01 00:00:00', '2025-01-01 00:00:00');
INSERT INTO product_image (id, image_url, display_order, is_primary, product_id, created_date, updated_date) VALUES (716, 'https://www.gap.com/webcontent/0059/592/218/cn59592218.jpg', 4, 0, 115, '2025-01-01 00:00:00', '2025-01-01 00:00:00');
INSERT INTO product_image (id, image_url, display_order, is_primary, product_id, created_date, updated_date) VALUES (717, 'https://www.gap.com/webcontent/0059/851/156/cn59851156.jpg', 5, 0, 115, '2025-01-01 00:00:00', '2025-01-01 00:00:00');
INSERT INTO prices (id, base_price, sale_price, status, created_date, updated_date) VALUES (1431, 39.95, 23, 'active', '2025-01-01 00:00:00', '2025-01-01 00:00:00');
INSERT INTO product_variants (id, product_id, color_id, size_id, price_id, material_id, season_id, status, created_date, updated_date) VALUES (1431, 115, 4, 8, 1431, 4, 4, 'active', '2025-01-01 00:00:00', '2025-01-01 00:00:00');
INSERT INTO prices (id, base_price, sale_price, status, created_date, updated_date) VALUES (1432, 39.95, 23, 'active', '2025-01-01 00:00:00', '2025-01-01 00:00:00');
INSERT INTO product_variants (id, product_id, color_id, size_id, price_id, material_id, season_id, status, created_date, updated_date) VALUES (1432, 115, 4, 6, 1432, 2, 1, 'active', '2025-01-01 00:00:00', '2025-01-01 00:00:00');
INSERT INTO prices (id, base_price, sale_price, status, created_date, updated_date) VALUES (1433, 39.95, 23, 'active', '2025-01-01 00:00:00', '2025-01-01 00:00:00');
INSERT INTO product_variants (id, product_id, color_id, size_id, price_id, material_id, season_id, status, created_date, updated_date) VALUES (1433, 115, 9, 1, 1433, 4, 3, 'active', '2025-01-01 00:00:00', '2025-01-01 00:00:00');
INSERT INTO prices (id, base_price, sale_price, status, created_date, updated_date) VALUES (1434, 39.95, 23, 'active', '2025-01-01 00:00:00', '2025-01-01 00:00:00');
INSERT INTO product_variants (id, product_id, color_id, size_id, price_id, material_id, season_id, status, created_date, updated_date) VALUES (1434, 115, 9, 8, 1434, 3, 2, 'active', '2025-01-01 00:00:00', '2025-01-01 00:00:00');
INSERT INTO prices (id, base_price, sale_price, status, created_date, updated_date) VALUES (1435, 39.95, 23, 'active', '2025-01-01 00:00:00', '2025-01-01 00:00:00');
INSERT INTO product_variants (id, product_id, color_id, size_id, price_id, material_id, season_id, status, created_date, updated_date) VALUES (1435, 115, 9, 6, 1435, 1, 4, 'active', '2025-01-01 00:00:00', '2025-01-01 00:00:00');
INSERT INTO prices (id, base_price, sale_price, status, created_date, updated_date) VALUES (1436, 39.95, 23, 'active', '2025-01-01 00:00:00', '2025-01-01 00:00:00');
INSERT INTO product_variants (id, product_id, color_id, size_id, price_id, material_id, season_id, status, created_date, updated_date) VALUES (1436, 115, 2, 1, 1436, 5, 2, 'active', '2025-01-01 00:00:00', '2025-01-01 00:00:00');
INSERT INTO prices (id, base_price, sale_price, status, created_date, updated_date) VALUES (1437, 39.95, 23, 'active', '2025-01-01 00:00:00', '2025-01-01 00:00:00');
INSERT INTO product_variants (id, product_id, color_id, size_id, price_id, material_id, season_id, status, created_date, updated_date) VALUES (1437, 115, 1, 7, 1437, 7, 1, 'active', '2025-01-01 00:00:00', '2025-01-01 00:00:00');
INSERT INTO prices (id, base_price, sale_price, status, created_date, updated_date) VALUES (1438, 39.95, 23, 'active', '2025-01-01 00:00:00', '2025-01-01 00:00:00');
INSERT INTO product_variants (id, product_id, color_id, size_id, price_id, material_id, season_id, status, created_date, updated_date) VALUES (1438, 115, 1, 3, 1438, 3, 3, 'active', '2025-01-01 00:00:00', '2025-01-01 00:00:00');
INSERT INTO product (id, name, description, category_id, status, created_date, updated_date, created_by, updated_by) VALUES (116, 'CloseKnit Jersey T-Shirt', 'Description for CloseKnit Jersey T-Shirt', 6, 'active', '2025-01-01 00:00:00', '2025-01-01 00:00:00', 1, 1);
INSERT INTO product_image (id, image_url, display_order, is_primary, product_id, created_date, updated_date) VALUES (718, 'https://www1.assets-gap.com/webcontent/0057/391/905/cn57391905.jpg?q=h&w=1152', 0, 1, 116, '2025-01-01 00:00:00', '2025-01-01 00:00:00');
INSERT INTO product_image (id, image_url, display_order, is_primary, product_id, created_date, updated_date) VALUES (719, 'https://www.gap.com/webcontent/0057/391/892/cn57391892.jpg', 1, 0, 116, '2025-01-01 00:00:00', '2025-01-01 00:00:00');
INSERT INTO product_image (id, image_url, display_order, is_primary, product_id, created_date, updated_date) VALUES (720, 'https://www.gap.com/webcontent/0057/827/816/cn57827816.jpg', 2, 0, 116, '2025-01-01 00:00:00', '2025-01-01 00:00:00');
INSERT INTO product_image (id, image_url, display_order, is_primary, product_id, created_date, updated_date) VALUES (721, 'https://www.gap.com/webcontent/0057/827/809/cn57827809.jpg', 3, 0, 116, '2025-01-01 00:00:00', '2025-01-01 00:00:00');
INSERT INTO product_image (id, image_url, display_order, is_primary, product_id, created_date, updated_date) VALUES (722, 'https://www.gap.com/webcontent/0059/335/406/cn59335406.jpg', 4, 0, 116, '2025-01-01 00:00:00', '2025-01-01 00:00:00');
INSERT INTO prices (id, base_price, sale_price, status, created_date, updated_date) VALUES (1439, 24.95, 14, 'active', '2025-01-01 00:00:00', '2025-01-01 00:00:00');
INSERT INTO product_variants (id, product_id, color_id, size_id, price_id, material_id, season_id, status, created_date, updated_date) VALUES (1439, 116, 6, 4, 1439, 4, 3, 'active', '2025-01-01 00:00:00', '2025-01-01 00:00:00');
INSERT INTO prices (id, base_price, sale_price, status, created_date, updated_date) VALUES (1440, 24.95, 14, 'active', '2025-01-01 00:00:00', '2025-01-01 00:00:00');
INSERT INTO product_variants (id, product_id, color_id, size_id, price_id, material_id, season_id, status, created_date, updated_date) VALUES (1440, 116, 6, 6, 1440, 2, 2, 'active', '2025-01-01 00:00:00', '2025-01-01 00:00:00');
INSERT INTO prices (id, base_price, sale_price, status, created_date, updated_date) VALUES (1441, 24.95, 14, 'active', '2025-01-01 00:00:00', '2025-01-01 00:00:00');
INSERT INTO product_variants (id, product_id, color_id, size_id, price_id, material_id, season_id, status, created_date, updated_date) VALUES (1441, 116, 6, 2, 1441, 2, 1, 'active', '2025-01-01 00:00:00', '2025-01-01 00:00:00');
INSERT INTO prices (id, base_price, sale_price, status, created_date, updated_date) VALUES (1442, 24.95, 14, 'active', '2025-01-01 00:00:00', '2025-01-01 00:00:00');
INSERT INTO product_variants (id, product_id, color_id, size_id, price_id, material_id, season_id, status, created_date, updated_date) VALUES (1442, 116, 4, 9, 1442, 5, 4, 'active', '2025-01-01 00:00:00', '2025-01-01 00:00:00');
INSERT INTO prices (id, base_price, sale_price, status, created_date, updated_date) VALUES (1443, 24.95, 14, 'active', '2025-01-01 00:00:00', '2025-01-01 00:00:00');
INSERT INTO product_variants (id, product_id, color_id, size_id, price_id, material_id, season_id, status, created_date, updated_date) VALUES (1443, 116, 2, 1, 1443, 6, 4, 'active', '2025-01-01 00:00:00', '2025-01-01 00:00:00');
INSERT INTO prices (id, base_price, sale_price, status, created_date, updated_date) VALUES (1444, 24.95, 14, 'active', '2025-01-01 00:00:00', '2025-01-01 00:00:00');
INSERT INTO product_variants (id, product_id, color_id, size_id, price_id, material_id, season_id, status, created_date, updated_date) VALUES (1444, 116, 2, 6, 1444, 5, 2, 'active', '2025-01-01 00:00:00', '2025-01-01 00:00:00');
INSERT INTO prices (id, base_price, sale_price, status, created_date, updated_date) VALUES (1445, 24.95, 14, 'active', '2025-01-01 00:00:00', '2025-01-01 00:00:00');
INSERT INTO product_variants (id, product_id, color_id, size_id, price_id, material_id, season_id, status, created_date, updated_date) VALUES (1445, 116, 3, 3, 1445, 4, 1, 'active', '2025-01-01 00:00:00', '2025-01-01 00:00:00');
INSERT INTO prices (id, base_price, sale_price, status, created_date, updated_date) VALUES (1446, 24.95, 14, 'active', '2025-01-01 00:00:00', '2025-01-01 00:00:00');
INSERT INTO product_variants (id, product_id, color_id, size_id, price_id, material_id, season_id, status, created_date, updated_date) VALUES (1446, 116, 3, 1, 1446, 1, 2, 'active', '2025-01-01 00:00:00', '2025-01-01 00:00:00');
INSERT INTO prices (id, base_price, sale_price, status, created_date, updated_date) VALUES (1447, 24.95, 14, 'active', '2025-01-01 00:00:00', '2025-01-01 00:00:00');
INSERT INTO product_variants (id, product_id, color_id, size_id, price_id, material_id, season_id, status, created_date, updated_date) VALUES (1447, 116, 3, 8, 1447, 4, 4, 'active', '2025-01-01 00:00:00', '2025-01-01 00:00:00');
INSERT INTO prices (id, base_price, sale_price, status, created_date, updated_date) VALUES (1448, 24.95, 14, 'active', '2025-01-01 00:00:00', '2025-01-01 00:00:00');
INSERT INTO product_variants (id, product_id, color_id, size_id, price_id, material_id, season_id, status, created_date, updated_date) VALUES (1448, 116, 9, 3, 1448, 5, 2, 'active', '2025-01-01 00:00:00', '2025-01-01 00:00:00');
INSERT INTO prices (id, base_price, sale_price, status, created_date, updated_date) VALUES (1449, 24.95, 14, 'active', '2025-01-01 00:00:00', '2025-01-01 00:00:00');
INSERT INTO product_variants (id, product_id, color_id, size_id, price_id, material_id, season_id, status, created_date, updated_date) VALUES (1449, 116, 9, 10, 1449, 6, 3, 'active', '2025-01-01 00:00:00', '2025-01-01 00:00:00');
INSERT INTO prices (id, base_price, sale_price, status, created_date, updated_date) VALUES (1450, 24.95, 14, 'active', '2025-01-01 00:00:00', '2025-01-01 00:00:00');
INSERT INTO product_variants (id, product_id, color_id, size_id, price_id, material_id, season_id, status, created_date, updated_date) VALUES (1450, 116, 1, 2, 1450, 1, 2, 'active', '2025-01-01 00:00:00', '2025-01-01 00:00:00');
INSERT INTO prices (id, base_price, sale_price, status, created_date, updated_date) VALUES (1451, 24.95, 14, 'active', '2025-01-01 00:00:00', '2025-01-01 00:00:00');
INSERT INTO product_variants (id, product_id, color_id, size_id, price_id, material_id, season_id, status, created_date, updated_date) VALUES (1451, 116, 1, 6, 1451, 3, 2, 'active', '2025-01-01 00:00:00', '2025-01-01 00:00:00');
INSERT INTO prices (id, base_price, sale_price, status, created_date, updated_date) VALUES (1452, 24.95, 14, 'active', '2025-01-01 00:00:00', '2025-01-01 00:00:00');
INSERT INTO product_variants (id, product_id, color_id, size_id, price_id, material_id, season_id, status, created_date, updated_date) VALUES (1452, 116, 1, 5, 1452, 6, 4, 'active', '2025-01-01 00:00:00', '2025-01-01 00:00:00');
INSERT INTO product (id, name, description, category_id, status, created_date, updated_date, created_by, updated_by) VALUES (117, 'Organic Cotton VintageSoft T-Shirt', 'Description for Organic Cotton VintageSoft T-Shirt', 6, 'active', '2025-01-01 00:00:00', '2025-01-01 00:00:00', 1, 1);
INSERT INTO product_image (id, image_url, display_order, is_primary, product_id, created_date, updated_date) VALUES (723, 'https://www1.assets-gap.com/webcontent/0057/220/031/cn57220031.jpg?q=h&w=1152', 0, 1, 117, '2025-01-01 00:00:00', '2025-01-01 00:00:00');
INSERT INTO product_image (id, image_url, display_order, is_primary, product_id, created_date, updated_date) VALUES (724, 'https://www.gap.com/webcontent/0057/219/992/cn57219992.jpg', 1, 0, 117, '2025-01-01 00:00:00', '2025-01-01 00:00:00');
INSERT INTO product_image (id, image_url, display_order, is_primary, product_id, created_date, updated_date) VALUES (725, 'https://www.gap.com/webcontent/0057/830/072/cn57830072.jpg', 2, 0, 117, '2025-01-01 00:00:00', '2025-01-01 00:00:00');
INSERT INTO product_image (id, image_url, display_order, is_primary, product_id, created_date, updated_date) VALUES (726, 'https://www.gap.com/webcontent/0057/830/065/cn57830065.jpg', 3, 0, 117, '2025-01-01 00:00:00', '2025-01-01 00:00:00');
INSERT INTO product_image (id, image_url, display_order, is_primary, product_id, created_date, updated_date) VALUES (727, 'https://www.gap.com/webcontent/0057/179/443/cn57179443.jpg', 4, 0, 117, '2025-01-01 00:00:00', '2025-01-01 00:00:00');
INSERT INTO product_image (id, image_url, display_order, is_primary, product_id, created_date, updated_date) VALUES (728, 'https://www.gap.com/webcontent/0057/184/016/cn57184016.jpg', 5, 0, 117, '2025-01-01 00:00:00', '2025-01-01 00:00:00');
INSERT INTO prices (id, base_price, sale_price, status, created_date, updated_date) VALUES (1453, 29.95, 24.99, 'active', '2025-01-01 00:00:00', '2025-01-01 00:00:00');
INSERT INTO product_variants (id, product_id, color_id, size_id, price_id, material_id, season_id, status, created_date, updated_date) VALUES (1453, 117, 1, 1, 1453, 2, 1, 'active', '2025-01-01 00:00:00', '2025-01-01 00:00:00');
INSERT INTO prices (id, base_price, sale_price, status, created_date, updated_date) VALUES (1454, 29.95, 24.99, 'active', '2025-01-01 00:00:00', '2025-01-01 00:00:00');
INSERT INTO product_variants (id, product_id, color_id, size_id, price_id, material_id, season_id, status, created_date, updated_date) VALUES (1454, 117, 1, 8, 1454, 3, 1, 'active', '2025-01-01 00:00:00', '2025-01-01 00:00:00');
INSERT INTO prices (id, base_price, sale_price, status, created_date, updated_date) VALUES (1455, 29.95, 24.99, 'active', '2025-01-01 00:00:00', '2025-01-01 00:00:00');
INSERT INTO product_variants (id, product_id, color_id, size_id, price_id, material_id, season_id, status, created_date, updated_date) VALUES (1455, 117, 4, 3, 1455, 4, 2, 'active', '2025-01-01 00:00:00', '2025-01-01 00:00:00');
INSERT INTO prices (id, base_price, sale_price, status, created_date, updated_date) VALUES (1456, 29.95, 24.99, 'active', '2025-01-01 00:00:00', '2025-01-01 00:00:00');
INSERT INTO product_variants (id, product_id, color_id, size_id, price_id, material_id, season_id, status, created_date, updated_date) VALUES (1456, 117, 4, 2, 1456, 2, 4, 'active', '2025-01-01 00:00:00', '2025-01-01 00:00:00');
INSERT INTO prices (id, base_price, sale_price, status, created_date, updated_date) VALUES (1457, 29.95, 24.99, 'active', '2025-01-01 00:00:00', '2025-01-01 00:00:00');
INSERT INTO product_variants (id, product_id, color_id, size_id, price_id, material_id, season_id, status, created_date, updated_date) VALUES (1457, 117, 11, 2, 1457, 3, 2, 'active', '2025-01-01 00:00:00', '2025-01-01 00:00:00');
INSERT INTO prices (id, base_price, sale_price, status, created_date, updated_date) VALUES (1458, 29.95, 24.99, 'active', '2025-01-01 00:00:00', '2025-01-01 00:00:00');
INSERT INTO product_variants (id, product_id, color_id, size_id, price_id, material_id, season_id, status, created_date, updated_date) VALUES (1458, 117, 11, 7, 1458, 2, 1, 'active', '2025-01-01 00:00:00', '2025-01-01 00:00:00');
INSERT INTO prices (id, base_price, sale_price, status, created_date, updated_date) VALUES (1459, 29.95, 24.99, 'active', '2025-01-01 00:00:00', '2025-01-01 00:00:00');
INSERT INTO product_variants (id, product_id, color_id, size_id, price_id, material_id, season_id, status, created_date, updated_date) VALUES (1459, 117, 1, 9, 1459, 3, 3, 'active', '2025-01-01 00:00:00', '2025-01-01 00:00:00');
INSERT INTO prices (id, base_price, sale_price, status, created_date, updated_date) VALUES (1460, 29.95, 24.99, 'active', '2025-01-01 00:00:00', '2025-01-01 00:00:00');
INSERT INTO product_variants (id, product_id, color_id, size_id, price_id, material_id, season_id, status, created_date, updated_date) VALUES (1460, 117, 1, 2, 1460, 5, 4, 'active', '2025-01-01 00:00:00', '2025-01-01 00:00:00');
INSERT INTO prices (id, base_price, sale_price, status, created_date, updated_date) VALUES (1461, 29.95, 24.99, 'active', '2025-01-01 00:00:00', '2025-01-01 00:00:00');
INSERT INTO product_variants (id, product_id, color_id, size_id, price_id, material_id, season_id, status, created_date, updated_date) VALUES (1461, 117, 1, 3, 1461, 1, 3, 'active', '2025-01-01 00:00:00', '2025-01-01 00:00:00');
INSERT INTO prices (id, base_price, sale_price, status, created_date, updated_date) VALUES (1462, 29.95, 24.99, 'active', '2025-01-01 00:00:00', '2025-01-01 00:00:00');
INSERT INTO product_variants (id, product_id, color_id, size_id, price_id, material_id, season_id, status, created_date, updated_date) VALUES (1462, 117, 3, 1, 1462, 4, 3, 'active', '2025-01-01 00:00:00', '2025-01-01 00:00:00');
INSERT INTO prices (id, base_price, sale_price, status, created_date, updated_date) VALUES (1463, 29.95, 24.99, 'active', '2025-01-01 00:00:00', '2025-01-01 00:00:00');
INSERT INTO product_variants (id, product_id, color_id, size_id, price_id, material_id, season_id, status, created_date, updated_date) VALUES (1463, 117, 3, 7, 1463, 5, 2, 'active', '2025-01-01 00:00:00', '2025-01-01 00:00:00');
INSERT INTO prices (id, base_price, sale_price, status, created_date, updated_date) VALUES (1464, 29.95, 24.99, 'active', '2025-01-01 00:00:00', '2025-01-01 00:00:00');
INSERT INTO product_variants (id, product_id, color_id, size_id, price_id, material_id, season_id, status, created_date, updated_date) VALUES (1464, 117, 9, 5, 1464, 2, 1, 'active', '2025-01-01 00:00:00', '2025-01-01 00:00:00');
INSERT INTO prices (id, base_price, sale_price, status, created_date, updated_date) VALUES (1465, 29.95, 24.99, 'active', '2025-01-01 00:00:00', '2025-01-01 00:00:00');
INSERT INTO product_variants (id, product_id, color_id, size_id, price_id, material_id, season_id, status, created_date, updated_date) VALUES (1465, 117, 9, 7, 1465, 3, 3, 'active', '2025-01-01 00:00:00', '2025-01-01 00:00:00');
INSERT INTO prices (id, base_price, sale_price, status, created_date, updated_date) VALUES (1466, 29.95, 24.99, 'active', '2025-01-01 00:00:00', '2025-01-01 00:00:00');
INSERT INTO product_variants (id, product_id, color_id, size_id, price_id, material_id, season_id, status, created_date, updated_date) VALUES (1466, 117, 2, 8, 1466, 7, 3, 'active', '2025-01-01 00:00:00', '2025-01-01 00:00:00');
INSERT INTO prices (id, base_price, sale_price, status, created_date, updated_date) VALUES (1467, 29.95, 24.99, 'active', '2025-01-01 00:00:00', '2025-01-01 00:00:00');
INSERT INTO product_variants (id, product_id, color_id, size_id, price_id, material_id, season_id, status, created_date, updated_date) VALUES (1467, 117, 2, 9, 1467, 2, 2, 'active', '2025-01-01 00:00:00', '2025-01-01 00:00:00');
INSERT INTO prices (id, base_price, sale_price, status, created_date, updated_date) VALUES (1468, 29.95, 24.99, 'active', '2025-01-01 00:00:00', '2025-01-01 00:00:00');
INSERT INTO product_variants (id, product_id, color_id, size_id, price_id, material_id, season_id, status, created_date, updated_date) VALUES (1468, 117, 11, 3, 1468, 7, 4, 'active', '2025-01-01 00:00:00', '2025-01-01 00:00:00');
INSERT INTO prices (id, base_price, sale_price, status, created_date, updated_date) VALUES (1469, 29.95, 24.99, 'active', '2025-01-01 00:00:00', '2025-01-01 00:00:00');
INSERT INTO product_variants (id, product_id, color_id, size_id, price_id, material_id, season_id, status, created_date, updated_date) VALUES (1469, 117, 11, 9, 1469, 3, 1, 'active', '2025-01-01 00:00:00', '2025-01-01 00:00:00');
INSERT INTO prices (id, base_price, sale_price, status, created_date, updated_date) VALUES (1470, 29.95, 24.99, 'active', '2025-01-01 00:00:00', '2025-01-01 00:00:00');
INSERT INTO product_variants (id, product_id, color_id, size_id, price_id, material_id, season_id, status, created_date, updated_date) VALUES (1470, 117, 11, 6, 1470, 5, 2, 'active', '2025-01-01 00:00:00', '2025-01-01 00:00:00');
INSERT INTO prices (id, base_price, sale_price, status, created_date, updated_date) VALUES (1471, 29.95, 24.99, 'active', '2025-01-01 00:00:00', '2025-01-01 00:00:00');
INSERT INTO product_variants (id, product_id, color_id, size_id, price_id, material_id, season_id, status, created_date, updated_date) VALUES (1471, 117, 6, 5, 1471, 7, 1, 'active', '2025-01-01 00:00:00', '2025-01-01 00:00:00');
INSERT INTO product (id, name, description, category_id, status, created_date, updated_date, created_by, updated_by) VALUES (118, 'Organic Cotton T-Shirt', 'Description for Organic Cotton T-Shirt', 6, 'active', '2025-01-01 00:00:00', '2025-01-01 00:00:00', 1, 1);
INSERT INTO product_image (id, image_url, display_order, is_primary, product_id, created_date, updated_date) VALUES (729, 'https://www1.assets-gap.com/webcontent/0060/939/683/cn60939683.jpg?q=h&w=1152', 0, 1, 118, '2025-01-01 00:00:00', '2025-01-01 00:00:00');
INSERT INTO product_image (id, image_url, display_order, is_primary, product_id, created_date, updated_date) VALUES (730, 'https://www.gap.com/webcontent/0060/939/649/cn60939649.jpg', 1, 0, 118, '2025-01-01 00:00:00', '2025-01-01 00:00:00');
INSERT INTO product_image (id, image_url, display_order, is_primary, product_id, created_date, updated_date) VALUES (731, 'https://www.gap.com/webcontent/0060/943/043/cn60943043.jpg', 2, 0, 118, '2025-01-01 00:00:00', '2025-01-01 00:00:00');
INSERT INTO product_image (id, image_url, display_order, is_primary, product_id, created_date, updated_date) VALUES (732, 'https://www.gap.com/webcontent/0060/939/209/cn60939209.jpg', 3, 0, 118, '2025-01-01 00:00:00', '2025-01-01 00:00:00');
INSERT INTO prices (id, base_price, sale_price, status, created_date, updated_date) VALUES (1472, 34.95, 17, 'active', '2025-01-01 00:00:00', '2025-01-01 00:00:00');
INSERT INTO product_variants (id, product_id, color_id, size_id, price_id, material_id, season_id, status, created_date, updated_date) VALUES (1472, 118, 14, 5, 1472, 2, 3, 'active', '2025-01-01 00:00:00', '2025-01-01 00:00:00');
INSERT INTO prices (id, base_price, sale_price, status, created_date, updated_date) VALUES (1473, 34.95, 17, 'active', '2025-01-01 00:00:00', '2025-01-01 00:00:00');
INSERT INTO product_variants (id, product_id, color_id, size_id, price_id, material_id, season_id, status, created_date, updated_date) VALUES (1473, 118, 14, 6, 1473, 2, 1, 'active', '2025-01-01 00:00:00', '2025-01-01 00:00:00');
INSERT INTO prices (id, base_price, sale_price, status, created_date, updated_date) VALUES (1474, 34.95, 17, 'active', '2025-01-01 00:00:00', '2025-01-01 00:00:00');
INSERT INTO product_variants (id, product_id, color_id, size_id, price_id, material_id, season_id, status, created_date, updated_date) VALUES (1474, 118, 18, 3, 1474, 2, 3, 'active', '2025-01-01 00:00:00', '2025-01-01 00:00:00');
INSERT INTO prices (id, base_price, sale_price, status, created_date, updated_date) VALUES (1475, 34.95, 17, 'active', '2025-01-01 00:00:00', '2025-01-01 00:00:00');
INSERT INTO product_variants (id, product_id, color_id, size_id, price_id, material_id, season_id, status, created_date, updated_date) VALUES (1475, 118, 18, 10, 1475, 2, 4, 'active', '2025-01-01 00:00:00', '2025-01-01 00:00:00');
INSERT INTO prices (id, base_price, sale_price, status, created_date, updated_date) VALUES (1476, 34.95, 17, 'active', '2025-01-01 00:00:00', '2025-01-01 00:00:00');
INSERT INTO product_variants (id, product_id, color_id, size_id, price_id, material_id, season_id, status, created_date, updated_date) VALUES (1476, 118, 10, 7, 1476, 7, 3, 'active', '2025-01-01 00:00:00', '2025-01-01 00:00:00');
INSERT INTO prices (id, base_price, sale_price, status, created_date, updated_date) VALUES (1477, 34.95, 17, 'active', '2025-01-01 00:00:00', '2025-01-01 00:00:00');
INSERT INTO product_variants (id, product_id, color_id, size_id, price_id, material_id, season_id, status, created_date, updated_date) VALUES (1477, 118, 10, 4, 1477, 4, 4, 'active', '2025-01-01 00:00:00', '2025-01-01 00:00:00');
INSERT INTO prices (id, base_price, sale_price, status, created_date, updated_date) VALUES (1478, 34.95, 17, 'active', '2025-01-01 00:00:00', '2025-01-01 00:00:00');
INSERT INTO product_variants (id, product_id, color_id, size_id, price_id, material_id, season_id, status, created_date, updated_date) VALUES (1478, 118, 2, 3, 1478, 7, 2, 'active', '2025-01-01 00:00:00', '2025-01-01 00:00:00');
INSERT INTO prices (id, base_price, sale_price, status, created_date, updated_date) VALUES (1479, 34.95, 17, 'active', '2025-01-01 00:00:00', '2025-01-01 00:00:00');
INSERT INTO product_variants (id, product_id, color_id, size_id, price_id, material_id, season_id, status, created_date, updated_date) VALUES (1479, 118, 2, 10, 1479, 2, 3, 'active', '2025-01-01 00:00:00', '2025-01-01 00:00:00');
INSERT INTO prices (id, base_price, sale_price, status, created_date, updated_date) VALUES (1480, 34.95, 17, 'active', '2025-01-01 00:00:00', '2025-01-01 00:00:00');
INSERT INTO product_variants (id, product_id, color_id, size_id, price_id, material_id, season_id, status, created_date, updated_date) VALUES (1480, 118, 1, 9, 1480, 7, 2, 'active', '2025-01-01 00:00:00', '2025-01-01 00:00:00');
INSERT INTO prices (id, base_price, sale_price, status, created_date, updated_date) VALUES (1481, 34.95, 17, 'active', '2025-01-01 00:00:00', '2025-01-01 00:00:00');
INSERT INTO product_variants (id, product_id, color_id, size_id, price_id, material_id, season_id, status, created_date, updated_date) VALUES (1481, 118, 1, 6, 1481, 2, 1, 'active', '2025-01-01 00:00:00', '2025-01-01 00:00:00');
INSERT INTO prices (id, base_price, sale_price, status, created_date, updated_date) VALUES (1482, 34.95, 17, 'active', '2025-01-01 00:00:00', '2025-01-01 00:00:00');
INSERT INTO product_variants (id, product_id, color_id, size_id, price_id, material_id, season_id, status, created_date, updated_date) VALUES (1482, 118, 9, 6, 1482, 6, 1, 'active', '2025-01-01 00:00:00', '2025-01-01 00:00:00');
INSERT INTO prices (id, base_price, sale_price, status, created_date, updated_date) VALUES (1483, 34.95, 17, 'active', '2025-01-01 00:00:00', '2025-01-01 00:00:00');
INSERT INTO product_variants (id, product_id, color_id, size_id, price_id, material_id, season_id, status, created_date, updated_date) VALUES (1483, 118, 9, 1, 1483, 6, 1, 'active', '2025-01-01 00:00:00', '2025-01-01 00:00:00');
INSERT INTO prices (id, base_price, sale_price, status, created_date, updated_date) VALUES (1484, 34.95, 17, 'active', '2025-01-01 00:00:00', '2025-01-01 00:00:00');
INSERT INTO product_variants (id, product_id, color_id, size_id, price_id, material_id, season_id, status, created_date, updated_date) VALUES (1484, 118, 9, 4, 1484, 3, 2, 'active', '2025-01-01 00:00:00', '2025-01-01 00:00:00');
INSERT INTO product (id, name, description, category_id, status, created_date, updated_date, created_by, updated_by) VALUES (119, 'Modern Boatneck T-Shirt', 'Description for Modern Boatneck T-Shirt', 6, 'active', '2025-01-01 00:00:00', '2025-01-01 00:00:00', 1, 1);
INSERT INTO product_image (id, image_url, display_order, is_primary, product_id, created_date, updated_date) VALUES (733, 'https://www1.assets-gap.com/webcontent/0060/077/258/cn60077258.jpg?q=h&w=1152', 0, 1, 119, '2025-01-01 00:00:00', '2025-01-01 00:00:00');
INSERT INTO product_image (id, image_url, display_order, is_primary, product_id, created_date, updated_date) VALUES (734, 'https://www.gap.com/webcontent/0060/077/244/cn60077244.jpg', 1, 0, 119, '2025-01-01 00:00:00', '2025-01-01 00:00:00');
INSERT INTO product_image (id, image_url, display_order, is_primary, product_id, created_date, updated_date) VALUES (735, 'https://www.gap.com/webcontent/0060/077/256/cn60077256.jpg', 2, 0, 119, '2025-01-01 00:00:00', '2025-01-01 00:00:00');
INSERT INTO product_image (id, image_url, display_order, is_primary, product_id, created_date, updated_date) VALUES (736, 'https://www.gap.com/webcontent/0060/077/270/cn60077270.jpg', 3, 0, 119, '2025-01-01 00:00:00', '2025-01-01 00:00:00');
INSERT INTO product_image (id, image_url, display_order, is_primary, product_id, created_date, updated_date) VALUES (737, 'https://www.gap.com/webcontent/0060/077/279/cn60077279.jpg', 4, 0, 119, '2025-01-01 00:00:00', '2025-01-01 00:00:00');
INSERT INTO product_image (id, image_url, display_order, is_primary, product_id, created_date, updated_date) VALUES (738, 'https://www.gap.com/webcontent/0060/077/274/cn60077274.jpg', 5, 0, 119, '2025-01-01 00:00:00', '2025-01-01 00:00:00');
INSERT INTO prices (id, base_price, sale_price, status, created_date, updated_date) VALUES (1485, 39.95, 23, 'active', '2025-01-01 00:00:00', '2025-01-01 00:00:00');
INSERT INTO product_variants (id, product_id, color_id, size_id, price_id, material_id, season_id, status, created_date, updated_date) VALUES (1485, 119, 4, 10, 1485, 6, 2, 'active', '2025-01-01 00:00:00', '2025-01-01 00:00:00');
INSERT INTO prices (id, base_price, sale_price, status, created_date, updated_date) VALUES (1486, 39.95, 23, 'active', '2025-01-01 00:00:00', '2025-01-01 00:00:00');
INSERT INTO product_variants (id, product_id, color_id, size_id, price_id, material_id, season_id, status, created_date, updated_date) VALUES (1486, 119, 4, 6, 1486, 1, 4, 'active', '2025-01-01 00:00:00', '2025-01-01 00:00:00');
INSERT INTO prices (id, base_price, sale_price, status, created_date, updated_date) VALUES (1487, 39.95, 23, 'active', '2025-01-01 00:00:00', '2025-01-01 00:00:00');
INSERT INTO product_variants (id, product_id, color_id, size_id, price_id, material_id, season_id, status, created_date, updated_date) VALUES (1487, 119, 4, 2, 1487, 7, 2, 'active', '2025-01-01 00:00:00', '2025-01-01 00:00:00');
INSERT INTO prices (id, base_price, sale_price, status, created_date, updated_date) VALUES (1488, 39.95, 23, 'active', '2025-01-01 00:00:00', '2025-01-01 00:00:00');
INSERT INTO product_variants (id, product_id, color_id, size_id, price_id, material_id, season_id, status, created_date, updated_date) VALUES (1488, 119, 9, 1, 1488, 1, 3, 'active', '2025-01-01 00:00:00', '2025-01-01 00:00:00');
INSERT INTO prices (id, base_price, sale_price, status, created_date, updated_date) VALUES (1489, 39.95, 23, 'active', '2025-01-01 00:00:00', '2025-01-01 00:00:00');
INSERT INTO product_variants (id, product_id, color_id, size_id, price_id, material_id, season_id, status, created_date, updated_date) VALUES (1489, 119, 9, 8, 1489, 2, 3, 'active', '2025-01-01 00:00:00', '2025-01-01 00:00:00');
INSERT INTO prices (id, base_price, sale_price, status, created_date, updated_date) VALUES (1490, 39.95, 23, 'active', '2025-01-01 00:00:00', '2025-01-01 00:00:00');
INSERT INTO product_variants (id, product_id, color_id, size_id, price_id, material_id, season_id, status, created_date, updated_date) VALUES (1490, 119, 2, 3, 1490, 5, 2, 'active', '2025-01-01 00:00:00', '2025-01-01 00:00:00');
INSERT INTO prices (id, base_price, sale_price, status, created_date, updated_date) VALUES (1491, 39.95, 23, 'active', '2025-01-01 00:00:00', '2025-01-01 00:00:00');
INSERT INTO product_variants (id, product_id, color_id, size_id, price_id, material_id, season_id, status, created_date, updated_date) VALUES (1491, 119, 2, 6, 1491, 3, 2, 'active', '2025-01-01 00:00:00', '2025-01-01 00:00:00');
INSERT INTO prices (id, base_price, sale_price, status, created_date, updated_date) VALUES (1492, 39.95, 23, 'active', '2025-01-01 00:00:00', '2025-01-01 00:00:00');
INSERT INTO product_variants (id, product_id, color_id, size_id, price_id, material_id, season_id, status, created_date, updated_date) VALUES (1492, 119, 2, 10, 1492, 6, 3, 'active', '2025-01-01 00:00:00', '2025-01-01 00:00:00');
INSERT INTO prices (id, base_price, sale_price, status, created_date, updated_date) VALUES (1493, 39.95, 23, 'active', '2025-01-01 00:00:00', '2025-01-01 00:00:00');
INSERT INTO product_variants (id, product_id, color_id, size_id, price_id, material_id, season_id, status, created_date, updated_date) VALUES (1493, 119, 1, 5, 1493, 6, 1, 'active', '2025-01-01 00:00:00', '2025-01-01 00:00:00');
INSERT INTO prices (id, base_price, sale_price, status, created_date, updated_date) VALUES (1494, 39.95, 23, 'active', '2025-01-01 00:00:00', '2025-01-01 00:00:00');
INSERT INTO product_variants (id, product_id, color_id, size_id, price_id, material_id, season_id, status, created_date, updated_date) VALUES (1494, 119, 1, 1, 1494, 1, 2, 'active', '2025-01-01 00:00:00', '2025-01-01 00:00:00');
INSERT INTO prices (id, base_price, sale_price, status, created_date, updated_date) VALUES (1495, 39.95, 23, 'active', '2025-01-01 00:00:00', '2025-01-01 00:00:00');
INSERT INTO product_variants (id, product_id, color_id, size_id, price_id, material_id, season_id, status, created_date, updated_date) VALUES (1495, 119, 1, 4, 1495, 3, 1, 'active', '2025-01-01 00:00:00', '2025-01-01 00:00:00');
INSERT INTO product (id, name, description, category_id, status, created_date, updated_date, created_by, updated_by) VALUES (120, 'Organic Cotton Fitted Crop Shirt', 'Description for Organic Cotton Fitted Crop Shirt', 6, 'active', '2025-01-01 00:00:00', '2025-01-01 00:00:00', 1, 1);
INSERT INTO product_image (id, image_url, display_order, is_primary, product_id, created_date, updated_date) VALUES (739, 'https://www1.assets-gap.com/webcontent/0060/486/094/cn60486094.jpg?q=h&w=1152', 0, 1, 120, '2025-01-01 00:00:00', '2025-01-01 00:00:00');
INSERT INTO product_image (id, image_url, display_order, is_primary, product_id, created_date, updated_date) VALUES (740, 'https://www.gap.com/webcontent/0060/486/075/cn60486075.jpg', 1, 0, 120, '2025-01-01 00:00:00', '2025-01-01 00:00:00');
INSERT INTO product_image (id, image_url, display_order, is_primary, product_id, created_date, updated_date) VALUES (741, 'https://www.gap.com/webcontent/0060/486/095/cn60486095.jpg', 2, 0, 120, '2025-01-01 00:00:00', '2025-01-01 00:00:00');
INSERT INTO product_image (id, image_url, display_order, is_primary, product_id, created_date, updated_date) VALUES (742, 'https://www.gap.com/webcontent/0060/484/647/cn60484647.jpg', 3, 0, 120, '2025-01-01 00:00:00', '2025-01-01 00:00:00');
INSERT INTO product_image (id, image_url, display_order, is_primary, product_id, created_date, updated_date) VALUES (743, 'https://www.gap.com/webcontent/0060/442/994/cn60442994.jpg', 4, 0, 120, '2025-01-01 00:00:00', '2025-01-01 00:00:00');
INSERT INTO product_image (id, image_url, display_order, is_primary, product_id, created_date, updated_date) VALUES (744, 'https://www.gap.com/webcontent/0060/442/992/cn60442992.jpg', 5, 0, 120, '2025-01-01 00:00:00', '2025-01-01 00:00:00');
INSERT INTO prices (id, base_price, sale_price, status, created_date, updated_date) VALUES (1496, 69.95, 34, 'active', '2025-01-01 00:00:00', '2025-01-01 00:00:00');
INSERT INTO product_variants (id, product_id, color_id, size_id, price_id, material_id, season_id, status, created_date, updated_date) VALUES (1496, 120, 1, 9, 1496, 4, 4, 'active', '2025-01-01 00:00:00', '2025-01-01 00:00:00');
INSERT INTO prices (id, base_price, sale_price, status, created_date, updated_date) VALUES (1497, 69.95, 34, 'active', '2025-01-01 00:00:00', '2025-01-01 00:00:00');
INSERT INTO product_variants (id, product_id, color_id, size_id, price_id, material_id, season_id, status, created_date, updated_date) VALUES (1497, 120, 1, 6, 1497, 5, 4, 'active', '2025-01-01 00:00:00', '2025-01-01 00:00:00');
INSERT INTO prices (id, base_price, sale_price, status, created_date, updated_date) VALUES (1498, 69.95, 34, 'active', '2025-01-01 00:00:00', '2025-01-01 00:00:00');
INSERT INTO product_variants (id, product_id, color_id, size_id, price_id, material_id, season_id, status, created_date, updated_date) VALUES (1498, 120, 1, 3, 1498, 1, 2, 'active', '2025-01-01 00:00:00', '2025-01-01 00:00:00');
INSERT INTO prices (id, base_price, sale_price, status, created_date, updated_date) VALUES (1499, 69.95, 34, 'active', '2025-01-01 00:00:00', '2025-01-01 00:00:00');
INSERT INTO product_variants (id, product_id, color_id, size_id, price_id, material_id, season_id, status, created_date, updated_date) VALUES (1499, 120, 1, 1, 1499, 7, 4, 'active', '2025-01-01 00:00:00', '2025-01-01 00:00:00');
INSERT INTO prices (id, base_price, sale_price, status, created_date, updated_date) VALUES (1500, 69.95, 34, 'active', '2025-01-01 00:00:00', '2025-01-01 00:00:00');
INSERT INTO product_variants (id, product_id, color_id, size_id, price_id, material_id, season_id, status, created_date, updated_date) VALUES (1500, 120, 1, 3, 1500, 7, 3, 'active', '2025-01-01 00:00:00', '2025-01-01 00:00:00');
INSERT INTO prices (id, base_price, sale_price, status, created_date, updated_date) VALUES (1501, 69.95, 34, 'active', '2025-01-01 00:00:00', '2025-01-01 00:00:00');
INSERT INTO product_variants (id, product_id, color_id, size_id, price_id, material_id, season_id, status, created_date, updated_date) VALUES (1501, 120, 5, 4, 1501, 6, 1, 'active', '2025-01-01 00:00:00', '2025-01-01 00:00:00');
INSERT INTO prices (id, base_price, sale_price, status, created_date, updated_date) VALUES (1502, 69.95, 34, 'active', '2025-01-01 00:00:00', '2025-01-01 00:00:00');
INSERT INTO product_variants (id, product_id, color_id, size_id, price_id, material_id, season_id, status, created_date, updated_date) VALUES (1502, 120, 5, 3, 1502, 6, 2, 'active', '2025-01-01 00:00:00', '2025-01-01 00:00:00');
INSERT INTO prices (id, base_price, sale_price, status, created_date, updated_date) VALUES (1503, 69.95, 34, 'active', '2025-01-01 00:00:00', '2025-01-01 00:00:00');
INSERT INTO product_variants (id, product_id, color_id, size_id, price_id, material_id, season_id, status, created_date, updated_date) VALUES (1503, 120, 1, 6, 1503, 1, 3, 'active', '2025-01-01 00:00:00', '2025-01-01 00:00:00');
INSERT INTO prices (id, base_price, sale_price, status, created_date, updated_date) VALUES (1504, 69.95, 34, 'active', '2025-01-01 00:00:00', '2025-01-01 00:00:00');
INSERT INTO product_variants (id, product_id, color_id, size_id, price_id, material_id, season_id, status, created_date, updated_date) VALUES (1504, 120, 1, 1, 1504, 4, 1, 'active', '2025-01-01 00:00:00', '2025-01-01 00:00:00');
INSERT INTO prices (id, base_price, sale_price, status, created_date, updated_date) VALUES (1505, 69.95, 34, 'active', '2025-01-01 00:00:00', '2025-01-01 00:00:00');
INSERT INTO product_variants (id, product_id, color_id, size_id, price_id, material_id, season_id, status, created_date, updated_date) VALUES (1505, 120, 1, 5, 1505, 5, 1, 'active', '2025-01-01 00:00:00', '2025-01-01 00:00:00');
INSERT INTO prices (id, base_price, sale_price, status, created_date, updated_date) VALUES (1506, 69.95, 34, 'active', '2025-01-01 00:00:00', '2025-01-01 00:00:00');
INSERT INTO product_variants (id, product_id, color_id, size_id, price_id, material_id, season_id, status, created_date, updated_date) VALUES (1506, 120, 1, 3, 1506, 6, 2, 'active', '2025-01-01 00:00:00', '2025-01-01 00:00:00');
INSERT INTO prices (id, base_price, sale_price, status, created_date, updated_date) VALUES (1507, 69.95, 34, 'active', '2025-01-01 00:00:00', '2025-01-01 00:00:00');
INSERT INTO product_variants (id, product_id, color_id, size_id, price_id, material_id, season_id, status, created_date, updated_date) VALUES (1507, 120, 1, 5, 1507, 2, 1, 'active', '2025-01-01 00:00:00', '2025-01-01 00:00:00');
INSERT INTO prices (id, base_price, sale_price, status, created_date, updated_date) VALUES (1508, 69.95, 34, 'active', '2025-01-01 00:00:00', '2025-01-01 00:00:00');
INSERT INTO product_variants (id, product_id, color_id, size_id, price_id, material_id, season_id, status, created_date, updated_date) VALUES (1508, 120, 6, 4, 1508, 4, 1, 'active', '2025-01-01 00:00:00', '2025-01-01 00:00:00');
INSERT INTO prices (id, base_price, sale_price, status, created_date, updated_date) VALUES (1509, 69.95, 34, 'active', '2025-01-01 00:00:00', '2025-01-01 00:00:00');
INSERT INTO product_variants (id, product_id, color_id, size_id, price_id, material_id, season_id, status, created_date, updated_date) VALUES (1509, 120, 6, 3, 1509, 6, 4, 'active', '2025-01-01 00:00:00', '2025-01-01 00:00:00');
INSERT INTO prices (id, base_price, sale_price, status, created_date, updated_date) VALUES (1510, 69.95, 34, 'active', '2025-01-01 00:00:00', '2025-01-01 00:00:00');
INSERT INTO product_variants (id, product_id, color_id, size_id, price_id, material_id, season_id, status, created_date, updated_date) VALUES (1510, 120, 1, 6, 1510, 7, 1, 'active', '2025-01-01 00:00:00', '2025-01-01 00:00:00');
INSERT INTO prices (id, base_price, sale_price, status, created_date, updated_date) VALUES (1511, 69.95, 34, 'active', '2025-01-01 00:00:00', '2025-01-01 00:00:00');
INSERT INTO product_variants (id, product_id, color_id, size_id, price_id, material_id, season_id, status, created_date, updated_date) VALUES (1511, 120, 1, 10, 1511, 6, 4, 'active', '2025-01-01 00:00:00', '2025-01-01 00:00:00');
INSERT INTO prices (id, base_price, sale_price, status, created_date, updated_date) VALUES (1512, 69.95, 34, 'active', '2025-01-01 00:00:00', '2025-01-01 00:00:00');
INSERT INTO product_variants (id, product_id, color_id, size_id, price_id, material_id, season_id, status, created_date, updated_date) VALUES (1512, 120, 2, 4, 1512, 7, 1, 'active', '2025-01-01 00:00:00', '2025-01-01 00:00:00');
INSERT INTO prices (id, base_price, sale_price, status, created_date, updated_date) VALUES (1513, 69.95, 34, 'active', '2025-01-01 00:00:00', '2025-01-01 00:00:00');
INSERT INTO product_variants (id, product_id, color_id, size_id, price_id, material_id, season_id, status, created_date, updated_date) VALUES (1513, 120, 2, 2, 1513, 5, 4, 'active', '2025-01-01 00:00:00', '2025-01-01 00:00:00');
INSERT INTO product (id, name, description, category_id, status, created_date, updated_date, created_by, updated_by) VALUES (121, 'Organic Cotton VintageSoft T-Shirt', 'Description for Organic Cotton VintageSoft T-Shirt', 6, 'active', '2025-01-01 00:00:00', '2025-01-01 00:00:00', 1, 1);
INSERT INTO product_image (id, image_url, display_order, is_primary, product_id, created_date, updated_date) VALUES (745, 'https://www1.assets-gap.com/webcontent/0056/248/013/cn56248013.jpg?q=h&w=1152', 0, 1, 121, '2025-01-01 00:00:00', '2025-01-01 00:00:00');
INSERT INTO product_image (id, image_url, display_order, is_primary, product_id, created_date, updated_date) VALUES (746, 'https://www.gap.com/webcontent/0056/248/003/cn56248003.jpg', 1, 0, 121, '2025-01-01 00:00:00', '2025-01-01 00:00:00');
INSERT INTO product_image (id, image_url, display_order, is_primary, product_id, created_date, updated_date) VALUES (747, 'https://www.gap.com/webcontent/0056/248/054/cn56248054.jpg', 2, 0, 121, '2025-01-01 00:00:00', '2025-01-01 00:00:00');
INSERT INTO product_image (id, image_url, display_order, is_primary, product_id, created_date, updated_date) VALUES (748, 'https://www.gap.com/webcontent/0056/248/055/cn56248055.jpg', 3, 0, 121, '2025-01-01 00:00:00', '2025-01-01 00:00:00');
INSERT INTO product_image (id, image_url, display_order, is_primary, product_id, created_date, updated_date) VALUES (749, 'https://www.gap.com/webcontent/0056/132/214/cn56132214.jpg', 4, 0, 121, '2025-01-01 00:00:00', '2025-01-01 00:00:00');
INSERT INTO prices (id, base_price, sale_price, status, created_date, updated_date) VALUES (1514, 24.95, 22, 'active', '2025-01-01 00:00:00', '2025-01-01 00:00:00');
INSERT INTO product_variants (id, product_id, color_id, size_id, price_id, material_id, season_id, status, created_date, updated_date) VALUES (1514, 121, 1, 5, 1514, 7, 2, 'active', '2025-01-01 00:00:00', '2025-01-01 00:00:00');
INSERT INTO prices (id, base_price, sale_price, status, created_date, updated_date) VALUES (1515, 24.95, 22, 'active', '2025-01-01 00:00:00', '2025-01-01 00:00:00');
INSERT INTO product_variants (id, product_id, color_id, size_id, price_id, material_id, season_id, status, created_date, updated_date) VALUES (1515, 121, 1, 8, 1515, 5, 3, 'active', '2025-01-01 00:00:00', '2025-01-01 00:00:00');
INSERT INTO prices (id, base_price, sale_price, status, created_date, updated_date) VALUES (1516, 24.95, 22, 'active', '2025-01-01 00:00:00', '2025-01-01 00:00:00');
INSERT INTO product_variants (id, product_id, color_id, size_id, price_id, material_id, season_id, status, created_date, updated_date) VALUES (1516, 121, 1, 10, 1516, 2, 1, 'active', '2025-01-01 00:00:00', '2025-01-01 00:00:00');
INSERT INTO prices (id, base_price, sale_price, status, created_date, updated_date) VALUES (1517, 24.95, 22, 'active', '2025-01-01 00:00:00', '2025-01-01 00:00:00');
INSERT INTO product_variants (id, product_id, color_id, size_id, price_id, material_id, season_id, status, created_date, updated_date) VALUES (1517, 121, 4, 5, 1517, 1, 4, 'active', '2025-01-01 00:00:00', '2025-01-01 00:00:00');
INSERT INTO prices (id, base_price, sale_price, status, created_date, updated_date) VALUES (1518, 24.95, 22, 'active', '2025-01-01 00:00:00', '2025-01-01 00:00:00');
INSERT INTO product_variants (id, product_id, color_id, size_id, price_id, material_id, season_id, status, created_date, updated_date) VALUES (1518, 121, 4, 2, 1518, 7, 1, 'active', '2025-01-01 00:00:00', '2025-01-01 00:00:00');
INSERT INTO prices (id, base_price, sale_price, status, created_date, updated_date) VALUES (1519, 24.95, 22, 'active', '2025-01-01 00:00:00', '2025-01-01 00:00:00');
INSERT INTO product_variants (id, product_id, color_id, size_id, price_id, material_id, season_id, status, created_date, updated_date) VALUES (1519, 121, 4, 10, 1519, 6, 2, 'active', '2025-01-01 00:00:00', '2025-01-01 00:00:00');
INSERT INTO prices (id, base_price, sale_price, status, created_date, updated_date) VALUES (1520, 24.95, 22, 'active', '2025-01-01 00:00:00', '2025-01-01 00:00:00');
INSERT INTO product_variants (id, product_id, color_id, size_id, price_id, material_id, season_id, status, created_date, updated_date) VALUES (1520, 121, 11, 4, 1520, 6, 3, 'active', '2025-01-01 00:00:00', '2025-01-01 00:00:00');
INSERT INTO prices (id, base_price, sale_price, status, created_date, updated_date) VALUES (1521, 24.95, 22, 'active', '2025-01-01 00:00:00', '2025-01-01 00:00:00');
INSERT INTO product_variants (id, product_id, color_id, size_id, price_id, material_id, season_id, status, created_date, updated_date) VALUES (1521, 121, 11, 3, 1521, 3, 4, 'active', '2025-01-01 00:00:00', '2025-01-01 00:00:00');
INSERT INTO prices (id, base_price, sale_price, status, created_date, updated_date) VALUES (1522, 24.95, 22, 'active', '2025-01-01 00:00:00', '2025-01-01 00:00:00');
INSERT INTO product_variants (id, product_id, color_id, size_id, price_id, material_id, season_id, status, created_date, updated_date) VALUES (1522, 121, 1, 8, 1522, 2, 2, 'active', '2025-01-01 00:00:00', '2025-01-01 00:00:00');
INSERT INTO prices (id, base_price, sale_price, status, created_date, updated_date) VALUES (1523, 24.95, 22, 'active', '2025-01-01 00:00:00', '2025-01-01 00:00:00');
INSERT INTO product_variants (id, product_id, color_id, size_id, price_id, material_id, season_id, status, created_date, updated_date) VALUES (1523, 121, 1, 3, 1523, 6, 2, 'active', '2025-01-01 00:00:00', '2025-01-01 00:00:00');
INSERT INTO prices (id, base_price, sale_price, status, created_date, updated_date) VALUES (1524, 24.95, 22, 'active', '2025-01-01 00:00:00', '2025-01-01 00:00:00');
INSERT INTO product_variants (id, product_id, color_id, size_id, price_id, material_id, season_id, status, created_date, updated_date) VALUES (1524, 121, 3, 1, 1524, 3, 2, 'active', '2025-01-01 00:00:00', '2025-01-01 00:00:00');
INSERT INTO prices (id, base_price, sale_price, status, created_date, updated_date) VALUES (1525, 24.95, 22, 'active', '2025-01-01 00:00:00', '2025-01-01 00:00:00');
INSERT INTO product_variants (id, product_id, color_id, size_id, price_id, material_id, season_id, status, created_date, updated_date) VALUES (1525, 121, 3, 4, 1525, 4, 2, 'active', '2025-01-01 00:00:00', '2025-01-01 00:00:00');
INSERT INTO prices (id, base_price, sale_price, status, created_date, updated_date) VALUES (1526, 24.95, 22, 'active', '2025-01-01 00:00:00', '2025-01-01 00:00:00');
INSERT INTO product_variants (id, product_id, color_id, size_id, price_id, material_id, season_id, status, created_date, updated_date) VALUES (1526, 121, 9, 6, 1526, 4, 4, 'active', '2025-01-01 00:00:00', '2025-01-01 00:00:00');
INSERT INTO prices (id, base_price, sale_price, status, created_date, updated_date) VALUES (1527, 24.95, 22, 'active', '2025-01-01 00:00:00', '2025-01-01 00:00:00');
INSERT INTO product_variants (id, product_id, color_id, size_id, price_id, material_id, season_id, status, created_date, updated_date) VALUES (1527, 121, 9, 8, 1527, 1, 3, 'active', '2025-01-01 00:00:00', '2025-01-01 00:00:00');
INSERT INTO prices (id, base_price, sale_price, status, created_date, updated_date) VALUES (1528, 24.95, 22, 'active', '2025-01-01 00:00:00', '2025-01-01 00:00:00');
INSERT INTO product_variants (id, product_id, color_id, size_id, price_id, material_id, season_id, status, created_date, updated_date) VALUES (1528, 121, 9, 9, 1528, 2, 1, 'active', '2025-01-01 00:00:00', '2025-01-01 00:00:00');
INSERT INTO prices (id, base_price, sale_price, status, created_date, updated_date) VALUES (1529, 24.95, 22, 'active', '2025-01-01 00:00:00', '2025-01-01 00:00:00');
INSERT INTO product_variants (id, product_id, color_id, size_id, price_id, material_id, season_id, status, created_date, updated_date) VALUES (1529, 121, 2, 9, 1529, 2, 4, 'active', '2025-01-01 00:00:00', '2025-01-01 00:00:00');
INSERT INTO prices (id, base_price, sale_price, status, created_date, updated_date) VALUES (1530, 24.95, 22, 'active', '2025-01-01 00:00:00', '2025-01-01 00:00:00');
INSERT INTO product_variants (id, product_id, color_id, size_id, price_id, material_id, season_id, status, created_date, updated_date) VALUES (1530, 121, 2, 8, 1530, 2, 3, 'active', '2025-01-01 00:00:00', '2025-01-01 00:00:00');
INSERT INTO prices (id, base_price, sale_price, status, created_date, updated_date) VALUES (1531, 24.95, 22, 'active', '2025-01-01 00:00:00', '2025-01-01 00:00:00');
INSERT INTO product_variants (id, product_id, color_id, size_id, price_id, material_id, season_id, status, created_date, updated_date) VALUES (1531, 121, 2, 3, 1531, 2, 1, 'active', '2025-01-01 00:00:00', '2025-01-01 00:00:00');
INSERT INTO prices (id, base_price, sale_price, status, created_date, updated_date) VALUES (1532, 24.95, 22, 'active', '2025-01-01 00:00:00', '2025-01-01 00:00:00');
INSERT INTO product_variants (id, product_id, color_id, size_id, price_id, material_id, season_id, status, created_date, updated_date) VALUES (1532, 121, 11, 7, 1532, 1, 2, 'active', '2025-01-01 00:00:00', '2025-01-01 00:00:00');
INSERT INTO prices (id, base_price, sale_price, status, created_date, updated_date) VALUES (1533, 24.95, 22, 'active', '2025-01-01 00:00:00', '2025-01-01 00:00:00');
INSERT INTO product_variants (id, product_id, color_id, size_id, price_id, material_id, season_id, status, created_date, updated_date) VALUES (1533, 121, 11, 8, 1533, 2, 4, 'active', '2025-01-01 00:00:00', '2025-01-01 00:00:00');
INSERT INTO prices (id, base_price, sale_price, status, created_date, updated_date) VALUES (1534, 24.95, 22, 'active', '2025-01-01 00:00:00', '2025-01-01 00:00:00');
INSERT INTO product_variants (id, product_id, color_id, size_id, price_id, material_id, season_id, status, created_date, updated_date) VALUES (1534, 121, 6, 8, 1534, 7, 2, 'active', '2025-01-01 00:00:00', '2025-01-01 00:00:00');
INSERT INTO prices (id, base_price, sale_price, status, created_date, updated_date) VALUES (1535, 24.95, 22, 'active', '2025-01-01 00:00:00', '2025-01-01 00:00:00');
INSERT INTO product_variants (id, product_id, color_id, size_id, price_id, material_id, season_id, status, created_date, updated_date) VALUES (1535, 121, 6, 9, 1535, 7, 2, 'active', '2025-01-01 00:00:00', '2025-01-01 00:00:00');
INSERT INTO prices (id, base_price, sale_price, status, created_date, updated_date) VALUES (1536, 24.95, 22, 'active', '2025-01-01 00:00:00', '2025-01-01 00:00:00');
INSERT INTO product_variants (id, product_id, color_id, size_id, price_id, material_id, season_id, status, created_date, updated_date) VALUES (1536, 121, 6, 5, 1536, 7, 2, 'active', '2025-01-01 00:00:00', '2025-01-01 00:00:00');
INSERT INTO product (id, name, description, category_id, status, created_date, updated_date, created_by, updated_by) VALUES (122, 'Organic Cotton Fitted Crop Shirt', 'Description for Organic Cotton Fitted Crop Shirt', 6, 'active', '2025-01-01 00:00:00', '2025-01-01 00:00:00', 1, 1);
INSERT INTO product_image (id, image_url, display_order, is_primary, product_id, created_date, updated_date) VALUES (750, 'https://www1.assets-gap.com/webcontent/0059/763/241/cn59763241.jpg?q=h&w=1152', 0, 1, 122, '2025-01-01 00:00:00', '2025-01-01 00:00:00');
INSERT INTO product_image (id, image_url, display_order, is_primary, product_id, created_date, updated_date) VALUES (751, 'https://www.gap.com/webcontent/0059/763/206/cn59763206.jpg', 1, 0, 122, '2025-01-01 00:00:00', '2025-01-01 00:00:00');
INSERT INTO product_image (id, image_url, display_order, is_primary, product_id, created_date, updated_date) VALUES (752, 'https://www.gap.com/webcontent/0059/763/219/cn59763219.jpg', 2, 0, 122, '2025-01-01 00:00:00', '2025-01-01 00:00:00');
INSERT INTO product_image (id, image_url, display_order, is_primary, product_id, created_date, updated_date) VALUES (753, 'https://www.gap.com/webcontent/0059/763/019/cn59763019.jpg', 3, 0, 122, '2025-01-01 00:00:00', '2025-01-01 00:00:00');
INSERT INTO product_image (id, image_url, display_order, is_primary, product_id, created_date, updated_date) VALUES (754, 'https://www.gap.com/webcontent/0059/783/375/cn59783375.jpg', 4, 0, 122, '2025-01-01 00:00:00', '2025-01-01 00:00:00');
INSERT INTO prices (id, base_price, sale_price, status, created_date, updated_date) VALUES (1537, 69.95, 34, 'active', '2025-01-01 00:00:00', '2025-01-01 00:00:00');
INSERT INTO product_variants (id, product_id, color_id, size_id, price_id, material_id, season_id, status, created_date, updated_date) VALUES (1537, 122, 1, 7, 1537, 4, 2, 'active', '2025-01-01 00:00:00', '2025-01-01 00:00:00');
INSERT INTO prices (id, base_price, sale_price, status, created_date, updated_date) VALUES (1538, 69.95, 34, 'active', '2025-01-01 00:00:00', '2025-01-01 00:00:00');
INSERT INTO product_variants (id, product_id, color_id, size_id, price_id, material_id, season_id, status, created_date, updated_date) VALUES (1538, 122, 1, 10, 1538, 2, 1, 'active', '2025-01-01 00:00:00', '2025-01-01 00:00:00');
INSERT INTO prices (id, base_price, sale_price, status, created_date, updated_date) VALUES (1539, 69.95, 34, 'active', '2025-01-01 00:00:00', '2025-01-01 00:00:00');
INSERT INTO product_variants (id, product_id, color_id, size_id, price_id, material_id, season_id, status, created_date, updated_date) VALUES (1539, 122, 1, 8, 1539, 6, 2, 'active', '2025-01-01 00:00:00', '2025-01-01 00:00:00');
INSERT INTO prices (id, base_price, sale_price, status, created_date, updated_date) VALUES (1540, 69.95, 34, 'active', '2025-01-01 00:00:00', '2025-01-01 00:00:00');
INSERT INTO product_variants (id, product_id, color_id, size_id, price_id, material_id, season_id, status, created_date, updated_date) VALUES (1540, 122, 1, 9, 1540, 6, 3, 'active', '2025-01-01 00:00:00', '2025-01-01 00:00:00');
INSERT INTO prices (id, base_price, sale_price, status, created_date, updated_date) VALUES (1541, 69.95, 34, 'active', '2025-01-01 00:00:00', '2025-01-01 00:00:00');
INSERT INTO product_variants (id, product_id, color_id, size_id, price_id, material_id, season_id, status, created_date, updated_date) VALUES (1541, 122, 1, 7, 1541, 2, 3, 'active', '2025-01-01 00:00:00', '2025-01-01 00:00:00');
INSERT INTO prices (id, base_price, sale_price, status, created_date, updated_date) VALUES (1542, 69.95, 34, 'active', '2025-01-01 00:00:00', '2025-01-01 00:00:00');
INSERT INTO product_variants (id, product_id, color_id, size_id, price_id, material_id, season_id, status, created_date, updated_date) VALUES (1542, 122, 5, 7, 1542, 3, 4, 'active', '2025-01-01 00:00:00', '2025-01-01 00:00:00');
INSERT INTO prices (id, base_price, sale_price, status, created_date, updated_date) VALUES (1543, 69.95, 34, 'active', '2025-01-01 00:00:00', '2025-01-01 00:00:00');
INSERT INTO product_variants (id, product_id, color_id, size_id, price_id, material_id, season_id, status, created_date, updated_date) VALUES (1543, 122, 5, 2, 1543, 6, 4, 'active', '2025-01-01 00:00:00', '2025-01-01 00:00:00');
INSERT INTO prices (id, base_price, sale_price, status, created_date, updated_date) VALUES (1544, 69.95, 34, 'active', '2025-01-01 00:00:00', '2025-01-01 00:00:00');
INSERT INTO product_variants (id, product_id, color_id, size_id, price_id, material_id, season_id, status, created_date, updated_date) VALUES (1544, 122, 1, 8, 1544, 7, 1, 'active', '2025-01-01 00:00:00', '2025-01-01 00:00:00');
INSERT INTO prices (id, base_price, sale_price, status, created_date, updated_date) VALUES (1545, 69.95, 34, 'active', '2025-01-01 00:00:00', '2025-01-01 00:00:00');
INSERT INTO product_variants (id, product_id, color_id, size_id, price_id, material_id, season_id, status, created_date, updated_date) VALUES (1545, 122, 1, 7, 1545, 3, 4, 'active', '2025-01-01 00:00:00', '2025-01-01 00:00:00');
INSERT INTO prices (id, base_price, sale_price, status, created_date, updated_date) VALUES (1546, 69.95, 34, 'active', '2025-01-01 00:00:00', '2025-01-01 00:00:00');
INSERT INTO product_variants (id, product_id, color_id, size_id, price_id, material_id, season_id, status, created_date, updated_date) VALUES (1546, 122, 1, 9, 1546, 6, 3, 'active', '2025-01-01 00:00:00', '2025-01-01 00:00:00');
INSERT INTO prices (id, base_price, sale_price, status, created_date, updated_date) VALUES (1547, 69.95, 34, 'active', '2025-01-01 00:00:00', '2025-01-01 00:00:00');
INSERT INTO product_variants (id, product_id, color_id, size_id, price_id, material_id, season_id, status, created_date, updated_date) VALUES (1547, 122, 1, 8, 1547, 7, 2, 'active', '2025-01-01 00:00:00', '2025-01-01 00:00:00');
INSERT INTO prices (id, base_price, sale_price, status, created_date, updated_date) VALUES (1548, 69.95, 34, 'active', '2025-01-01 00:00:00', '2025-01-01 00:00:00');
INSERT INTO product_variants (id, product_id, color_id, size_id, price_id, material_id, season_id, status, created_date, updated_date) VALUES (1548, 122, 1, 1, 1548, 1, 1, 'active', '2025-01-01 00:00:00', '2025-01-01 00:00:00');
INSERT INTO prices (id, base_price, sale_price, status, created_date, updated_date) VALUES (1549, 69.95, 34, 'active', '2025-01-01 00:00:00', '2025-01-01 00:00:00');
INSERT INTO product_variants (id, product_id, color_id, size_id, price_id, material_id, season_id, status, created_date, updated_date) VALUES (1549, 122, 6, 6, 1549, 5, 4, 'active', '2025-01-01 00:00:00', '2025-01-01 00:00:00');
INSERT INTO prices (id, base_price, sale_price, status, created_date, updated_date) VALUES (1550, 69.95, 34, 'active', '2025-01-01 00:00:00', '2025-01-01 00:00:00');
INSERT INTO product_variants (id, product_id, color_id, size_id, price_id, material_id, season_id, status, created_date, updated_date) VALUES (1550, 122, 6, 2, 1550, 1, 3, 'active', '2025-01-01 00:00:00', '2025-01-01 00:00:00');
INSERT INTO prices (id, base_price, sale_price, status, created_date, updated_date) VALUES (1551, 69.95, 34, 'active', '2025-01-01 00:00:00', '2025-01-01 00:00:00');
INSERT INTO product_variants (id, product_id, color_id, size_id, price_id, material_id, season_id, status, created_date, updated_date) VALUES (1551, 122, 1, 5, 1551, 6, 3, 'active', '2025-01-01 00:00:00', '2025-01-01 00:00:00');
INSERT INTO prices (id, base_price, sale_price, status, created_date, updated_date) VALUES (1552, 69.95, 34, 'active', '2025-01-01 00:00:00', '2025-01-01 00:00:00');
INSERT INTO product_variants (id, product_id, color_id, size_id, price_id, material_id, season_id, status, created_date, updated_date) VALUES (1552, 122, 1, 1, 1552, 1, 3, 'active', '2025-01-01 00:00:00', '2025-01-01 00:00:00');
INSERT INTO prices (id, base_price, sale_price, status, created_date, updated_date) VALUES (1553, 69.95, 34, 'active', '2025-01-01 00:00:00', '2025-01-01 00:00:00');
INSERT INTO product_variants (id, product_id, color_id, size_id, price_id, material_id, season_id, status, created_date, updated_date) VALUES (1553, 122, 2, 1, 1553, 1, 3, 'active', '2025-01-01 00:00:00', '2025-01-01 00:00:00');
INSERT INTO prices (id, base_price, sale_price, status, created_date, updated_date) VALUES (1554, 69.95, 34, 'active', '2025-01-01 00:00:00', '2025-01-01 00:00:00');
INSERT INTO product_variants (id, product_id, color_id, size_id, price_id, material_id, season_id, status, created_date, updated_date) VALUES (1554, 122, 2, 5, 1554, 7, 2, 'active', '2025-01-01 00:00:00', '2025-01-01 00:00:00');
INSERT INTO product (id, name, description, category_id, status, created_date, updated_date, created_by, updated_by) VALUES (123, 'Organic Cotton Poplin Classic Shirt', 'Description for Organic Cotton Poplin Classic Shirt', 6, 'active', '2025-01-01 00:00:00', '2025-01-01 00:00:00', 1, 1);
INSERT INTO product_image (id, image_url, display_order, is_primary, product_id, created_date, updated_date) VALUES (755, 'https://www1.assets-gap.com/webcontent/0059/577/691/cn59577691.jpg?q=h&w=1152', 0, 1, 123, '2025-01-01 00:00:00', '2025-01-01 00:00:00');
INSERT INTO product_image (id, image_url, display_order, is_primary, product_id, created_date, updated_date) VALUES (756, 'https://www.gap.com/webcontent/0059/577/674/cn59577674.jpg', 1, 0, 123, '2025-01-01 00:00:00', '2025-01-01 00:00:00');
INSERT INTO product_image (id, image_url, display_order, is_primary, product_id, created_date, updated_date) VALUES (757, 'https://www.gap.com/webcontent/0059/577/689/cn59577689.jpg', 2, 0, 123, '2025-01-01 00:00:00', '2025-01-01 00:00:00');
INSERT INTO product_image (id, image_url, display_order, is_primary, product_id, created_date, updated_date) VALUES (758, 'https://www.gap.com/webcontent/0059/577/683/cn59577683.jpg', 3, 0, 123, '2025-01-01 00:00:00', '2025-01-01 00:00:00');
INSERT INTO product_image (id, image_url, display_order, is_primary, product_id, created_date, updated_date) VALUES (759, 'https://www.gap.com/webcontent/0058/006/974/cn58006974.jpg', 4, 0, 123, '2025-01-01 00:00:00', '2025-01-01 00:00:00');
INSERT INTO product_image (id, image_url, display_order, is_primary, product_id, created_date, updated_date) VALUES (760, 'https://www.gap.com/webcontent/0058/072/345/cn58072345.jpg', 5, 0, 123, '2025-01-01 00:00:00', '2025-01-01 00:00:00');
INSERT INTO prices (id, base_price, sale_price, status, created_date, updated_date) VALUES (1555, 59.95, 35, 'active', '2025-01-01 00:00:00', '2025-01-01 00:00:00');
INSERT INTO product_variants (id, product_id, color_id, size_id, price_id, material_id, season_id, status, created_date, updated_date) VALUES (1555, 123, 10, 10, 1555, 5, 2, 'active', '2025-01-01 00:00:00', '2025-01-01 00:00:00');
INSERT INTO prices (id, base_price, sale_price, status, created_date, updated_date) VALUES (1556, 59.95, 35, 'active', '2025-01-01 00:00:00', '2025-01-01 00:00:00');
INSERT INTO product_variants (id, product_id, color_id, size_id, price_id, material_id, season_id, status, created_date, updated_date) VALUES (1556, 123, 10, 6, 1556, 6, 2, 'active', '2025-01-01 00:00:00', '2025-01-01 00:00:00');
INSERT INTO prices (id, base_price, sale_price, status, created_date, updated_date) VALUES (1557, 59.95, 35, 'active', '2025-01-01 00:00:00', '2025-01-01 00:00:00');
INSERT INTO product_variants (id, product_id, color_id, size_id, price_id, material_id, season_id, status, created_date, updated_date) VALUES (1557, 123, 10, 7, 1557, 7, 3, 'active', '2025-01-01 00:00:00', '2025-01-01 00:00:00');
INSERT INTO prices (id, base_price, sale_price, status, created_date, updated_date) VALUES (1558, 59.95, 35, 'active', '2025-01-01 00:00:00', '2025-01-01 00:00:00');
INSERT INTO product_variants (id, product_id, color_id, size_id, price_id, material_id, season_id, status, created_date, updated_date) VALUES (1558, 123, 2, 3, 1558, 1, 2, 'active', '2025-01-01 00:00:00', '2025-01-01 00:00:00');
INSERT INTO prices (id, base_price, sale_price, status, created_date, updated_date) VALUES (1559, 59.95, 35, 'active', '2025-01-01 00:00:00', '2025-01-01 00:00:00');
INSERT INTO product_variants (id, product_id, color_id, size_id, price_id, material_id, season_id, status, created_date, updated_date) VALUES (1559, 123, 2, 4, 1559, 6, 1, 'active', '2025-01-01 00:00:00', '2025-01-01 00:00:00');
INSERT INTO prices (id, base_price, sale_price, status, created_date, updated_date) VALUES (1560, 59.95, 35, 'active', '2025-01-01 00:00:00', '2025-01-01 00:00:00');
INSERT INTO product_variants (id, product_id, color_id, size_id, price_id, material_id, season_id, status, created_date, updated_date) VALUES (1560, 123, 2, 9, 1560, 3, 2, 'active', '2025-01-01 00:00:00', '2025-01-01 00:00:00');
INSERT INTO prices (id, base_price, sale_price, status, created_date, updated_date) VALUES (1561, 59.95, 35, 'active', '2025-01-01 00:00:00', '2025-01-01 00:00:00');
INSERT INTO product_variants (id, product_id, color_id, size_id, price_id, material_id, season_id, status, created_date, updated_date) VALUES (1561, 123, 13, 9, 1561, 3, 1, 'active', '2025-01-01 00:00:00', '2025-01-01 00:00:00');
INSERT INTO prices (id, base_price, sale_price, status, created_date, updated_date) VALUES (1562, 59.95, 35, 'active', '2025-01-01 00:00:00', '2025-01-01 00:00:00');
INSERT INTO product_variants (id, product_id, color_id, size_id, price_id, material_id, season_id, status, created_date, updated_date) VALUES (1562, 123, 13, 2, 1562, 4, 3, 'active', '2025-01-01 00:00:00', '2025-01-01 00:00:00');
INSERT INTO prices (id, base_price, sale_price, status, created_date, updated_date) VALUES (1563, 59.95, 35, 'active', '2025-01-01 00:00:00', '2025-01-01 00:00:00');
INSERT INTO product_variants (id, product_id, color_id, size_id, price_id, material_id, season_id, status, created_date, updated_date) VALUES (1563, 123, 10, 8, 1563, 1, 4, 'active', '2025-01-01 00:00:00', '2025-01-01 00:00:00');
INSERT INTO prices (id, base_price, sale_price, status, created_date, updated_date) VALUES (1564, 59.95, 35, 'active', '2025-01-01 00:00:00', '2025-01-01 00:00:00');
INSERT INTO product_variants (id, product_id, color_id, size_id, price_id, material_id, season_id, status, created_date, updated_date) VALUES (1564, 123, 10, 9, 1564, 3, 3, 'active', '2025-01-01 00:00:00', '2025-01-01 00:00:00');
INSERT INTO prices (id, base_price, sale_price, status, created_date, updated_date) VALUES (1565, 59.95, 35, 'active', '2025-01-01 00:00:00', '2025-01-01 00:00:00');
INSERT INTO product_variants (id, product_id, color_id, size_id, price_id, material_id, season_id, status, created_date, updated_date) VALUES (1565, 123, 3, 7, 1565, 6, 3, 'active', '2025-01-01 00:00:00', '2025-01-01 00:00:00');
INSERT INTO prices (id, base_price, sale_price, status, created_date, updated_date) VALUES (1566, 59.95, 35, 'active', '2025-01-01 00:00:00', '2025-01-01 00:00:00');
INSERT INTO product_variants (id, product_id, color_id, size_id, price_id, material_id, season_id, status, created_date, updated_date) VALUES (1566, 123, 3, 3, 1566, 5, 2, 'active', '2025-01-01 00:00:00', '2025-01-01 00:00:00');
INSERT INTO prices (id, base_price, sale_price, status, created_date, updated_date) VALUES (1567, 59.95, 35, 'active', '2025-01-01 00:00:00', '2025-01-01 00:00:00');
INSERT INTO product_variants (id, product_id, color_id, size_id, price_id, material_id, season_id, status, created_date, updated_date) VALUES (1567, 123, 1, 3, 1567, 6, 4, 'active', '2025-01-01 00:00:00', '2025-01-01 00:00:00');
INSERT INTO prices (id, base_price, sale_price, status, created_date, updated_date) VALUES (1568, 59.95, 35, 'active', '2025-01-01 00:00:00', '2025-01-01 00:00:00');
INSERT INTO product_variants (id, product_id, color_id, size_id, price_id, material_id, season_id, status, created_date, updated_date) VALUES (1568, 123, 1, 4, 1568, 6, 1, 'active', '2025-01-01 00:00:00', '2025-01-01 00:00:00');
INSERT INTO prices (id, base_price, sale_price, status, created_date, updated_date) VALUES (1569, 59.95, 35, 'active', '2025-01-01 00:00:00', '2025-01-01 00:00:00');
INSERT INTO product_variants (id, product_id, color_id, size_id, price_id, material_id, season_id, status, created_date, updated_date) VALUES (1569, 123, 1, 8, 1569, 5, 1, 'active', '2025-01-01 00:00:00', '2025-01-01 00:00:00');
INSERT INTO prices (id, base_price, sale_price, status, created_date, updated_date) VALUES (1570, 59.95, 35, 'active', '2025-01-01 00:00:00', '2025-01-01 00:00:00');
INSERT INTO product_variants (id, product_id, color_id, size_id, price_id, material_id, season_id, status, created_date, updated_date) VALUES (1570, 123, 3, 3, 1570, 6, 4, 'active', '2025-01-01 00:00:00', '2025-01-01 00:00:00');
INSERT INTO prices (id, base_price, sale_price, status, created_date, updated_date) VALUES (1571, 59.95, 35, 'active', '2025-01-01 00:00:00', '2025-01-01 00:00:00');
INSERT INTO product_variants (id, product_id, color_id, size_id, price_id, material_id, season_id, status, created_date, updated_date) VALUES (1571, 123, 3, 9, 1571, 4, 1, 'active', '2025-01-01 00:00:00', '2025-01-01 00:00:00');
INSERT INTO prices (id, base_price, sale_price, status, created_date, updated_date) VALUES (1572, 59.95, 35, 'active', '2025-01-01 00:00:00', '2025-01-01 00:00:00');
INSERT INTO product_variants (id, product_id, color_id, size_id, price_id, material_id, season_id, status, created_date, updated_date) VALUES (1572, 123, 3, 7, 1572, 5, 4, 'active', '2025-01-01 00:00:00', '2025-01-01 00:00:00');
INSERT INTO prices (id, base_price, sale_price, status, created_date, updated_date) VALUES (1573, 59.95, 35, 'active', '2025-01-01 00:00:00', '2025-01-01 00:00:00');
INSERT INTO product_variants (id, product_id, color_id, size_id, price_id, material_id, season_id, status, created_date, updated_date) VALUES (1573, 123, 11, 5, 1573, 7, 4, 'active', '2025-01-01 00:00:00', '2025-01-01 00:00:00');
INSERT INTO prices (id, base_price, sale_price, status, created_date, updated_date) VALUES (1574, 59.95, 35, 'active', '2025-01-01 00:00:00', '2025-01-01 00:00:00');
INSERT INTO product_variants (id, product_id, color_id, size_id, price_id, material_id, season_id, status, created_date, updated_date) VALUES (1574, 123, 11, 6, 1574, 1, 2, 'active', '2025-01-01 00:00:00', '2025-01-01 00:00:00');
INSERT INTO product (id, name, description, category_id, status, created_date, updated_date, created_by, updated_by) VALUES (124, 'Organic Cotton Poplin Big Shirt', 'Description for Organic Cotton Poplin Big Shirt', 6, 'active', '2025-01-01 00:00:00', '2025-01-01 00:00:00', 1, 1);
INSERT INTO product_image (id, image_url, display_order, is_primary, product_id, created_date, updated_date) VALUES (761, 'https://www1.assets-gap.com/webcontent/0059/682/364/cn59682364.jpg?q=h&w=1152', 0, 1, 124, '2025-01-01 00:00:00', '2025-01-01 00:00:00');
INSERT INTO product_image (id, image_url, display_order, is_primary, product_id, created_date, updated_date) VALUES (762, 'https://www.gap.com/webcontent/0059/682/314/cn59682314.jpg', 1, 0, 124, '2025-01-01 00:00:00', '2025-01-01 00:00:00');
INSERT INTO product_image (id, image_url, display_order, is_primary, product_id, created_date, updated_date) VALUES (763, 'https://www.gap.com/webcontent/0059/764/254/cn59764254.jpg', 2, 0, 124, '2025-01-01 00:00:00', '2025-01-01 00:00:00');
INSERT INTO product_image (id, image_url, display_order, is_primary, product_id, created_date, updated_date) VALUES (764, 'https://www.gap.com/webcontent/0059/682/116/cn59682116.jpg', 3, 0, 124, '2025-01-01 00:00:00', '2025-01-01 00:00:00');
INSERT INTO product_image (id, image_url, display_order, is_primary, product_id, created_date, updated_date) VALUES (765, 'https://www.gap.com/webcontent/0061/006/191/cn61006191.jpg', 4, 0, 124, '2025-01-01 00:00:00', '2025-01-01 00:00:00');
INSERT INTO prices (id, base_price, sale_price, status, created_date, updated_date) VALUES (1575, 69.95, 69.95, 'active', '2025-01-01 00:00:00', '2025-01-01 00:00:00');
INSERT INTO product_variants (id, product_id, color_id, size_id, price_id, material_id, season_id, status, created_date, updated_date) VALUES (1575, 124, 1, 1, 1575, 4, 4, 'active', '2025-01-01 00:00:00', '2025-01-01 00:00:00');
INSERT INTO prices (id, base_price, sale_price, status, created_date, updated_date) VALUES (1576, 69.95, 69.95, 'active', '2025-01-01 00:00:00', '2025-01-01 00:00:00');
INSERT INTO product_variants (id, product_id, color_id, size_id, price_id, material_id, season_id, status, created_date, updated_date) VALUES (1576, 124, 1, 8, 1576, 6, 2, 'active', '2025-01-01 00:00:00', '2025-01-01 00:00:00');
INSERT INTO prices (id, base_price, sale_price, status, created_date, updated_date) VALUES (1577, 69.95, 69.95, 'active', '2025-01-01 00:00:00', '2025-01-01 00:00:00');
INSERT INTO product_variants (id, product_id, color_id, size_id, price_id, material_id, season_id, status, created_date, updated_date) VALUES (1577, 124, 1, 3, 1577, 5, 3, 'active', '2025-01-01 00:00:00', '2025-01-01 00:00:00');
INSERT INTO prices (id, base_price, sale_price, status, created_date, updated_date) VALUES (1578, 69.95, 69.95, 'active', '2025-01-01 00:00:00', '2025-01-01 00:00:00');
INSERT INTO product_variants (id, product_id, color_id, size_id, price_id, material_id, season_id, status, created_date, updated_date) VALUES (1578, 124, 3, 9, 1578, 6, 3, 'active', '2025-01-01 00:00:00', '2025-01-01 00:00:00');
INSERT INTO prices (id, base_price, sale_price, status, created_date, updated_date) VALUES (1579, 69.95, 69.95, 'active', '2025-01-01 00:00:00', '2025-01-01 00:00:00');
INSERT INTO product_variants (id, product_id, color_id, size_id, price_id, material_id, season_id, status, created_date, updated_date) VALUES (1579, 124, 3, 2, 1579, 1, 1, 'active', '2025-01-01 00:00:00', '2025-01-01 00:00:00');
INSERT INTO prices (id, base_price, sale_price, status, created_date, updated_date) VALUES (1580, 69.95, 69.95, 'active', '2025-01-01 00:00:00', '2025-01-01 00:00:00');
INSERT INTO product_variants (id, product_id, color_id, size_id, price_id, material_id, season_id, status, created_date, updated_date) VALUES (1580, 124, 3, 1, 1580, 6, 4, 'active', '2025-01-01 00:00:00', '2025-01-01 00:00:00');
INSERT INTO prices (id, base_price, sale_price, status, created_date, updated_date) VALUES (1581, 69.95, 69.95, 'active', '2025-01-01 00:00:00', '2025-01-01 00:00:00');
INSERT INTO product_variants (id, product_id, color_id, size_id, price_id, material_id, season_id, status, created_date, updated_date) VALUES (1581, 124, 1, 9, 1581, 7, 2, 'active', '2025-01-01 00:00:00', '2025-01-01 00:00:00');
INSERT INTO prices (id, base_price, sale_price, status, created_date, updated_date) VALUES (1582, 69.95, 69.95, 'active', '2025-01-01 00:00:00', '2025-01-01 00:00:00');
INSERT INTO product_variants (id, product_id, color_id, size_id, price_id, material_id, season_id, status, created_date, updated_date) VALUES (1582, 124, 1, 4, 1582, 3, 1, 'active', '2025-01-01 00:00:00', '2025-01-01 00:00:00');
INSERT INTO prices (id, base_price, sale_price, status, created_date, updated_date) VALUES (1583, 69.95, 69.95, 'active', '2025-01-01 00:00:00', '2025-01-01 00:00:00');
INSERT INTO product_variants (id, product_id, color_id, size_id, price_id, material_id, season_id, status, created_date, updated_date) VALUES (1583, 124, 12, 10, 1583, 1, 1, 'active', '2025-01-01 00:00:00', '2025-01-01 00:00:00');
INSERT INTO prices (id, base_price, sale_price, status, created_date, updated_date) VALUES (1584, 69.95, 69.95, 'active', '2025-01-01 00:00:00', '2025-01-01 00:00:00');
INSERT INTO product_variants (id, product_id, color_id, size_id, price_id, material_id, season_id, status, created_date, updated_date) VALUES (1584, 124, 12, 1, 1584, 2, 1, 'active', '2025-01-01 00:00:00', '2025-01-01 00:00:00');
INSERT INTO prices (id, base_price, sale_price, status, created_date, updated_date) VALUES (1585, 69.95, 69.95, 'active', '2025-01-01 00:00:00', '2025-01-01 00:00:00');
INSERT INTO product_variants (id, product_id, color_id, size_id, price_id, material_id, season_id, status, created_date, updated_date) VALUES (1585, 124, 12, 6, 1585, 7, 1, 'active', '2025-01-01 00:00:00', '2025-01-01 00:00:00');
INSERT INTO prices (id, base_price, sale_price, status, created_date, updated_date) VALUES (1586, 69.95, 69.95, 'active', '2025-01-01 00:00:00', '2025-01-01 00:00:00');
INSERT INTO product_variants (id, product_id, color_id, size_id, price_id, material_id, season_id, status, created_date, updated_date) VALUES (1586, 124, 1, 8, 1586, 6, 1, 'active', '2025-01-01 00:00:00', '2025-01-01 00:00:00');
INSERT INTO prices (id, base_price, sale_price, status, created_date, updated_date) VALUES (1587, 69.95, 69.95, 'active', '2025-01-01 00:00:00', '2025-01-01 00:00:00');
INSERT INTO product_variants (id, product_id, color_id, size_id, price_id, material_id, season_id, status, created_date, updated_date) VALUES (1587, 124, 1, 2, 1587, 6, 1, 'active', '2025-01-01 00:00:00', '2025-01-01 00:00:00');
INSERT INTO prices (id, base_price, sale_price, status, created_date, updated_date) VALUES (1588, 69.95, 69.95, 'active', '2025-01-01 00:00:00', '2025-01-01 00:00:00');
INSERT INTO product_variants (id, product_id, color_id, size_id, price_id, material_id, season_id, status, created_date, updated_date) VALUES (1588, 124, 1, 7, 1588, 4, 1, 'active', '2025-01-01 00:00:00', '2025-01-01 00:00:00');
INSERT INTO prices (id, base_price, sale_price, status, created_date, updated_date) VALUES (1589, 69.95, 69.95, 'active', '2025-01-01 00:00:00', '2025-01-01 00:00:00');
INSERT INTO product_variants (id, product_id, color_id, size_id, price_id, material_id, season_id, status, created_date, updated_date) VALUES (1589, 124, 1, 3, 1589, 7, 4, 'active', '2025-01-01 00:00:00', '2025-01-01 00:00:00');
INSERT INTO prices (id, base_price, sale_price, status, created_date, updated_date) VALUES (1590, 69.95, 69.95, 'active', '2025-01-01 00:00:00', '2025-01-01 00:00:00');
INSERT INTO product_variants (id, product_id, color_id, size_id, price_id, material_id, season_id, status, created_date, updated_date) VALUES (1590, 124, 1, 8, 1590, 1, 3, 'active', '2025-01-01 00:00:00', '2025-01-01 00:00:00');
INSERT INTO prices (id, base_price, sale_price, status, created_date, updated_date) VALUES (1591, 69.95, 69.95, 'active', '2025-01-01 00:00:00', '2025-01-01 00:00:00');
INSERT INTO product_variants (id, product_id, color_id, size_id, price_id, material_id, season_id, status, created_date, updated_date) VALUES (1591, 124, 2, 6, 1591, 6, 4, 'active', '2025-01-01 00:00:00', '2025-01-01 00:00:00');
INSERT INTO prices (id, base_price, sale_price, status, created_date, updated_date) VALUES (1592, 69.95, 69.95, 'active', '2025-01-01 00:00:00', '2025-01-01 00:00:00');
INSERT INTO product_variants (id, product_id, color_id, size_id, price_id, material_id, season_id, status, created_date, updated_date) VALUES (1592, 124, 2, 5, 1592, 1, 3, 'active', '2025-01-01 00:00:00', '2025-01-01 00:00:00');
INSERT INTO prices (id, base_price, sale_price, status, created_date, updated_date) VALUES (1593, 69.95, 69.95, 'active', '2025-01-01 00:00:00', '2025-01-01 00:00:00');
INSERT INTO product_variants (id, product_id, color_id, size_id, price_id, material_id, season_id, status, created_date, updated_date) VALUES (1593, 124, 3, 10, 1593, 3, 1, 'active', '2025-01-01 00:00:00', '2025-01-01 00:00:00');
INSERT INTO prices (id, base_price, sale_price, status, created_date, updated_date) VALUES (1594, 69.95, 69.95, 'active', '2025-01-01 00:00:00', '2025-01-01 00:00:00');
INSERT INTO product_variants (id, product_id, color_id, size_id, price_id, material_id, season_id, status, created_date, updated_date) VALUES (1594, 124, 3, 1, 1594, 3, 1, 'active', '2025-01-01 00:00:00', '2025-01-01 00:00:00');
INSERT INTO product (id, name, description, category_id, status, created_date, updated_date, created_by, updated_by) VALUES (125, 'Organic Cotton Fitted Crop Shirt', 'Description for Organic Cotton Fitted Crop Shirt', 6, 'active', '2025-01-01 00:00:00', '2025-01-01 00:00:00', 1, 1);
INSERT INTO product_image (id, image_url, display_order, is_primary, product_id, created_date, updated_date) VALUES (766, 'https://www1.assets-gap.com/webcontent/0060/614/226/cn60614226.jpg?q=h&w=1152', 0, 1, 125, '2025-01-01 00:00:00', '2025-01-01 00:00:00');
INSERT INTO product_image (id, image_url, display_order, is_primary, product_id, created_date, updated_date) VALUES (767, 'https://www.gap.com/webcontent/0060/614/191/cn60614191.jpg', 1, 0, 125, '2025-01-01 00:00:00', '2025-01-01 00:00:00');
INSERT INTO product_image (id, image_url, display_order, is_primary, product_id, created_date, updated_date) VALUES (768, 'https://www.gap.com/webcontent/0060/613/672/cn60613672.jpg', 2, 0, 125, '2025-01-01 00:00:00', '2025-01-01 00:00:00');
INSERT INTO product_image (id, image_url, display_order, is_primary, product_id, created_date, updated_date) VALUES (769, 'https://www.gap.com/webcontent/0060/613/673/cn60613673.jpg', 3, 0, 125, '2025-01-01 00:00:00', '2025-01-01 00:00:00');
INSERT INTO product_image (id, image_url, display_order, is_primary, product_id, created_date, updated_date) VALUES (770, 'https://www.gap.com/webcontent/0060/614/429/cn60614429.jpg', 4, 0, 125, '2025-01-01 00:00:00', '2025-01-01 00:00:00');
INSERT INTO product_image (id, image_url, display_order, is_primary, product_id, created_date, updated_date) VALUES (771, 'https://www.gap.com/webcontent/0060/614/422/cn60614422.jpg', 5, 0, 125, '2025-01-01 00:00:00', '2025-01-01 00:00:00');
INSERT INTO prices (id, base_price, sale_price, status, created_date, updated_date) VALUES (1595, 89.95, 44, 'active', '2025-01-01 00:00:00', '2025-01-01 00:00:00');
INSERT INTO product_variants (id, product_id, color_id, size_id, price_id, material_id, season_id, status, created_date, updated_date) VALUES (1595, 125, 1, 9, 1595, 3, 3, 'active', '2025-01-01 00:00:00', '2025-01-01 00:00:00');
INSERT INTO prices (id, base_price, sale_price, status, created_date, updated_date) VALUES (1596, 89.95, 44, 'active', '2025-01-01 00:00:00', '2025-01-01 00:00:00');
INSERT INTO product_variants (id, product_id, color_id, size_id, price_id, material_id, season_id, status, created_date, updated_date) VALUES (1596, 125, 1, 1, 1596, 1, 3, 'active', '2025-01-01 00:00:00', '2025-01-01 00:00:00');
INSERT INTO prices (id, base_price, sale_price, status, created_date, updated_date) VALUES (1597, 89.95, 44, 'active', '2025-01-01 00:00:00', '2025-01-01 00:00:00');
INSERT INTO product_variants (id, product_id, color_id, size_id, price_id, material_id, season_id, status, created_date, updated_date) VALUES (1597, 125, 1, 10, 1597, 2, 4, 'active', '2025-01-01 00:00:00', '2025-01-01 00:00:00');
INSERT INTO prices (id, base_price, sale_price, status, created_date, updated_date) VALUES (1598, 89.95, 44, 'active', '2025-01-01 00:00:00', '2025-01-01 00:00:00');
INSERT INTO product_variants (id, product_id, color_id, size_id, price_id, material_id, season_id, status, created_date, updated_date) VALUES (1598, 125, 1, 1, 1598, 7, 4, 'active', '2025-01-01 00:00:00', '2025-01-01 00:00:00');
INSERT INTO prices (id, base_price, sale_price, status, created_date, updated_date) VALUES (1599, 89.95, 44, 'active', '2025-01-01 00:00:00', '2025-01-01 00:00:00');
INSERT INTO product_variants (id, product_id, color_id, size_id, price_id, material_id, season_id, status, created_date, updated_date) VALUES (1599, 125, 5, 8, 1599, 4, 3, 'active', '2025-01-01 00:00:00', '2025-01-01 00:00:00');
INSERT INTO prices (id, base_price, sale_price, status, created_date, updated_date) VALUES (1600, 89.95, 44, 'active', '2025-01-01 00:00:00', '2025-01-01 00:00:00');
INSERT INTO product_variants (id, product_id, color_id, size_id, price_id, material_id, season_id, status, created_date, updated_date) VALUES (1600, 125, 5, 3, 1600, 2, 4, 'active', '2025-01-01 00:00:00', '2025-01-01 00:00:00');
INSERT INTO prices (id, base_price, sale_price, status, created_date, updated_date) VALUES (1601, 89.95, 44, 'active', '2025-01-01 00:00:00', '2025-01-01 00:00:00');
INSERT INTO product_variants (id, product_id, color_id, size_id, price_id, material_id, season_id, status, created_date, updated_date) VALUES (1601, 125, 1, 10, 1601, 3, 3, 'active', '2025-01-01 00:00:00', '2025-01-01 00:00:00');
INSERT INTO prices (id, base_price, sale_price, status, created_date, updated_date) VALUES (1602, 89.95, 44, 'active', '2025-01-01 00:00:00', '2025-01-01 00:00:00');
INSERT INTO product_variants (id, product_id, color_id, size_id, price_id, material_id, season_id, status, created_date, updated_date) VALUES (1602, 125, 1, 3, 1602, 6, 4, 'active', '2025-01-01 00:00:00', '2025-01-01 00:00:00');
INSERT INTO prices (id, base_price, sale_price, status, created_date, updated_date) VALUES (1603, 89.95, 44, 'active', '2025-01-01 00:00:00', '2025-01-01 00:00:00');
INSERT INTO product_variants (id, product_id, color_id, size_id, price_id, material_id, season_id, status, created_date, updated_date) VALUES (1603, 125, 1, 8, 1603, 7, 4, 'active', '2025-01-01 00:00:00', '2025-01-01 00:00:00');
INSERT INTO prices (id, base_price, sale_price, status, created_date, updated_date) VALUES (1604, 89.95, 44, 'active', '2025-01-01 00:00:00', '2025-01-01 00:00:00');
INSERT INTO product_variants (id, product_id, color_id, size_id, price_id, material_id, season_id, status, created_date, updated_date) VALUES (1604, 125, 1, 9, 1604, 2, 3, 'active', '2025-01-01 00:00:00', '2025-01-01 00:00:00');
INSERT INTO prices (id, base_price, sale_price, status, created_date, updated_date) VALUES (1605, 89.95, 44, 'active', '2025-01-01 00:00:00', '2025-01-01 00:00:00');
INSERT INTO product_variants (id, product_id, color_id, size_id, price_id, material_id, season_id, status, created_date, updated_date) VALUES (1605, 125, 1, 2, 1605, 1, 3, 'active', '2025-01-01 00:00:00', '2025-01-01 00:00:00');
INSERT INTO prices (id, base_price, sale_price, status, created_date, updated_date) VALUES (1606, 89.95, 44, 'active', '2025-01-01 00:00:00', '2025-01-01 00:00:00');
INSERT INTO product_variants (id, product_id, color_id, size_id, price_id, material_id, season_id, status, created_date, updated_date) VALUES (1606, 125, 1, 4, 1606, 4, 3, 'active', '2025-01-01 00:00:00', '2025-01-01 00:00:00');
INSERT INTO prices (id, base_price, sale_price, status, created_date, updated_date) VALUES (1607, 89.95, 44, 'active', '2025-01-01 00:00:00', '2025-01-01 00:00:00');
INSERT INTO product_variants (id, product_id, color_id, size_id, price_id, material_id, season_id, status, created_date, updated_date) VALUES (1607, 125, 6, 1, 1607, 1, 1, 'active', '2025-01-01 00:00:00', '2025-01-01 00:00:00');
INSERT INTO prices (id, base_price, sale_price, status, created_date, updated_date) VALUES (1608, 89.95, 44, 'active', '2025-01-01 00:00:00', '2025-01-01 00:00:00');
INSERT INTO product_variants (id, product_id, color_id, size_id, price_id, material_id, season_id, status, created_date, updated_date) VALUES (1608, 125, 6, 3, 1608, 2, 2, 'active', '2025-01-01 00:00:00', '2025-01-01 00:00:00');
INSERT INTO prices (id, base_price, sale_price, status, created_date, updated_date) VALUES (1609, 89.95, 44, 'active', '2025-01-01 00:00:00', '2025-01-01 00:00:00');
INSERT INTO product_variants (id, product_id, color_id, size_id, price_id, material_id, season_id, status, created_date, updated_date) VALUES (1609, 125, 1, 5, 1609, 5, 2, 'active', '2025-01-01 00:00:00', '2025-01-01 00:00:00');
INSERT INTO prices (id, base_price, sale_price, status, created_date, updated_date) VALUES (1610, 89.95, 44, 'active', '2025-01-01 00:00:00', '2025-01-01 00:00:00');
INSERT INTO product_variants (id, product_id, color_id, size_id, price_id, material_id, season_id, status, created_date, updated_date) VALUES (1610, 125, 1, 9, 1610, 6, 3, 'active', '2025-01-01 00:00:00', '2025-01-01 00:00:00');
INSERT INTO prices (id, base_price, sale_price, status, created_date, updated_date) VALUES (1611, 89.95, 44, 'active', '2025-01-01 00:00:00', '2025-01-01 00:00:00');
INSERT INTO product_variants (id, product_id, color_id, size_id, price_id, material_id, season_id, status, created_date, updated_date) VALUES (1611, 125, 2, 7, 1611, 3, 2, 'active', '2025-01-01 00:00:00', '2025-01-01 00:00:00');
INSERT INTO prices (id, base_price, sale_price, status, created_date, updated_date) VALUES (1612, 89.95, 44, 'active', '2025-01-01 00:00:00', '2025-01-01 00:00:00');
INSERT INTO product_variants (id, product_id, color_id, size_id, price_id, material_id, season_id, status, created_date, updated_date) VALUES (1612, 125, 2, 5, 1612, 5, 2, 'active', '2025-01-01 00:00:00', '2025-01-01 00:00:00');
INSERT INTO prices (id, base_price, sale_price, status, created_date, updated_date) VALUES (1613, 89.95, 44, 'active', '2025-01-01 00:00:00', '2025-01-01 00:00:00');
INSERT INTO product_variants (id, product_id, color_id, size_id, price_id, material_id, season_id, status, created_date, updated_date) VALUES (1613, 125, 2, 2, 1613, 4, 2, 'active', '2025-01-01 00:00:00', '2025-01-01 00:00:00');
INSERT INTO product (id, name, description, category_id, status, created_date, updated_date, created_by, updated_by) VALUES (126, 'Organic Cotton Fitted Crop Shirt', 'Description for Organic Cotton Fitted Crop Shirt', 6, 'active', '2025-01-01 00:00:00', '2025-01-01 00:00:00', 1, 1);
INSERT INTO product_image (id, image_url, display_order, is_primary, product_id, created_date, updated_date) VALUES (772, 'https://www1.assets-gap.com/webcontent/0060/487/230/cn60487230.jpg?q=h&w=1152', 0, 1, 126, '2025-01-01 00:00:00', '2025-01-01 00:00:00');
INSERT INTO product_image (id, image_url, display_order, is_primary, product_id, created_date, updated_date) VALUES (773, 'https://www.gap.com/webcontent/0060/487/165/cn60487165.jpg', 1, 0, 126, '2025-01-01 00:00:00', '2025-01-01 00:00:00');
INSERT INTO product_image (id, image_url, display_order, is_primary, product_id, created_date, updated_date) VALUES (774, 'https://www.gap.com/webcontent/0060/529/883/cn60529883.jpg', 2, 0, 126, '2025-01-01 00:00:00', '2025-01-01 00:00:00');
INSERT INTO product_image (id, image_url, display_order, is_primary, product_id, created_date, updated_date) VALUES (775, 'https://www.gap.com/webcontent/0060/486/119/cn60486119.jpg', 3, 0, 126, '2025-01-01 00:00:00', '2025-01-01 00:00:00');
INSERT INTO product_image (id, image_url, display_order, is_primary, product_id, created_date, updated_date) VALUES (776, 'https://www.gap.com/webcontent/0060/211/241/cn60211241.jpg', 4, 0, 126, '2025-01-01 00:00:00', '2025-01-01 00:00:00');
INSERT INTO prices (id, base_price, sale_price, status, created_date, updated_date) VALUES (1614, 69.95, 27, 'active', '2025-01-01 00:00:00', '2025-01-01 00:00:00');
INSERT INTO product_variants (id, product_id, color_id, size_id, price_id, material_id, season_id, status, created_date, updated_date) VALUES (1614, 126, 1, 1, 1614, 4, 4, 'active', '2025-01-01 00:00:00', '2025-01-01 00:00:00');
INSERT INTO prices (id, base_price, sale_price, status, created_date, updated_date) VALUES (1615, 69.95, 27, 'active', '2025-01-01 00:00:00', '2025-01-01 00:00:00');
INSERT INTO product_variants (id, product_id, color_id, size_id, price_id, material_id, season_id, status, created_date, updated_date) VALUES (1615, 126, 1, 2, 1615, 4, 4, 'active', '2025-01-01 00:00:00', '2025-01-01 00:00:00');
INSERT INTO prices (id, base_price, sale_price, status, created_date, updated_date) VALUES (1616, 69.95, 27, 'active', '2025-01-01 00:00:00', '2025-01-01 00:00:00');
INSERT INTO product_variants (id, product_id, color_id, size_id, price_id, material_id, season_id, status, created_date, updated_date) VALUES (1616, 126, 1, 7, 1616, 3, 3, 'active', '2025-01-01 00:00:00', '2025-01-01 00:00:00');
INSERT INTO prices (id, base_price, sale_price, status, created_date, updated_date) VALUES (1617, 69.95, 27, 'active', '2025-01-01 00:00:00', '2025-01-01 00:00:00');
INSERT INTO product_variants (id, product_id, color_id, size_id, price_id, material_id, season_id, status, created_date, updated_date) VALUES (1617, 126, 1, 3, 1617, 7, 2, 'active', '2025-01-01 00:00:00', '2025-01-01 00:00:00');
INSERT INTO prices (id, base_price, sale_price, status, created_date, updated_date) VALUES (1618, 69.95, 27, 'active', '2025-01-01 00:00:00', '2025-01-01 00:00:00');
INSERT INTO product_variants (id, product_id, color_id, size_id, price_id, material_id, season_id, status, created_date, updated_date) VALUES (1618, 126, 5, 3, 1618, 7, 3, 'active', '2025-01-01 00:00:00', '2025-01-01 00:00:00');
INSERT INTO prices (id, base_price, sale_price, status, created_date, updated_date) VALUES (1619, 69.95, 27, 'active', '2025-01-01 00:00:00', '2025-01-01 00:00:00');
INSERT INTO product_variants (id, product_id, color_id, size_id, price_id, material_id, season_id, status, created_date, updated_date) VALUES (1619, 126, 5, 10, 1619, 5, 3, 'active', '2025-01-01 00:00:00', '2025-01-01 00:00:00');
INSERT INTO prices (id, base_price, sale_price, status, created_date, updated_date) VALUES (1620, 69.95, 27, 'active', '2025-01-01 00:00:00', '2025-01-01 00:00:00');
INSERT INTO product_variants (id, product_id, color_id, size_id, price_id, material_id, season_id, status, created_date, updated_date) VALUES (1620, 126, 1, 1, 1620, 3, 3, 'active', '2025-01-01 00:00:00', '2025-01-01 00:00:00');
INSERT INTO prices (id, base_price, sale_price, status, created_date, updated_date) VALUES (1621, 69.95, 27, 'active', '2025-01-01 00:00:00', '2025-01-01 00:00:00');
INSERT INTO product_variants (id, product_id, color_id, size_id, price_id, material_id, season_id, status, created_date, updated_date) VALUES (1621, 126, 1, 10, 1621, 7, 2, 'active', '2025-01-01 00:00:00', '2025-01-01 00:00:00');
INSERT INTO prices (id, base_price, sale_price, status, created_date, updated_date) VALUES (1622, 69.95, 27, 'active', '2025-01-01 00:00:00', '2025-01-01 00:00:00');
INSERT INTO product_variants (id, product_id, color_id, size_id, price_id, material_id, season_id, status, created_date, updated_date) VALUES (1622, 126, 1, 10, 1622, 4, 2, 'active', '2025-01-01 00:00:00', '2025-01-01 00:00:00');
INSERT INTO prices (id, base_price, sale_price, status, created_date, updated_date) VALUES (1623, 69.95, 27, 'active', '2025-01-01 00:00:00', '2025-01-01 00:00:00');
INSERT INTO product_variants (id, product_id, color_id, size_id, price_id, material_id, season_id, status, created_date, updated_date) VALUES (1623, 126, 1, 3, 1623, 7, 4, 'active', '2025-01-01 00:00:00', '2025-01-01 00:00:00');
INSERT INTO prices (id, base_price, sale_price, status, created_date, updated_date) VALUES (1624, 69.95, 27, 'active', '2025-01-01 00:00:00', '2025-01-01 00:00:00');
INSERT INTO product_variants (id, product_id, color_id, size_id, price_id, material_id, season_id, status, created_date, updated_date) VALUES (1624, 126, 6, 5, 1624, 7, 1, 'active', '2025-01-01 00:00:00', '2025-01-01 00:00:00');
INSERT INTO prices (id, base_price, sale_price, status, created_date, updated_date) VALUES (1625, 69.95, 27, 'active', '2025-01-01 00:00:00', '2025-01-01 00:00:00');
INSERT INTO product_variants (id, product_id, color_id, size_id, price_id, material_id, season_id, status, created_date, updated_date) VALUES (1625, 126, 6, 6, 1625, 4, 3, 'active', '2025-01-01 00:00:00', '2025-01-01 00:00:00');
INSERT INTO prices (id, base_price, sale_price, status, created_date, updated_date) VALUES (1626, 69.95, 27, 'active', '2025-01-01 00:00:00', '2025-01-01 00:00:00');
INSERT INTO product_variants (id, product_id, color_id, size_id, price_id, material_id, season_id, status, created_date, updated_date) VALUES (1626, 126, 6, 1, 1626, 6, 4, 'active', '2025-01-01 00:00:00', '2025-01-01 00:00:00');
INSERT INTO prices (id, base_price, sale_price, status, created_date, updated_date) VALUES (1627, 69.95, 27, 'active', '2025-01-01 00:00:00', '2025-01-01 00:00:00');
INSERT INTO product_variants (id, product_id, color_id, size_id, price_id, material_id, season_id, status, created_date, updated_date) VALUES (1627, 126, 1, 8, 1627, 6, 4, 'active', '2025-01-01 00:00:00', '2025-01-01 00:00:00');
INSERT INTO prices (id, base_price, sale_price, status, created_date, updated_date) VALUES (1628, 69.95, 27, 'active', '2025-01-01 00:00:00', '2025-01-01 00:00:00');
INSERT INTO product_variants (id, product_id, color_id, size_id, price_id, material_id, season_id, status, created_date, updated_date) VALUES (1628, 126, 2, 10, 1628, 6, 2, 'active', '2025-01-01 00:00:00', '2025-01-01 00:00:00');
INSERT INTO prices (id, base_price, sale_price, status, created_date, updated_date) VALUES (1629, 69.95, 27, 'active', '2025-01-01 00:00:00', '2025-01-01 00:00:00');
INSERT INTO product_variants (id, product_id, color_id, size_id, price_id, material_id, season_id, status, created_date, updated_date) VALUES (1629, 126, 2, 7, 1629, 2, 3, 'active', '2025-01-01 00:00:00', '2025-01-01 00:00:00');
INSERT INTO prices (id, base_price, sale_price, status, created_date, updated_date) VALUES (1630, 69.95, 27, 'active', '2025-01-01 00:00:00', '2025-01-01 00:00:00');
INSERT INTO product_variants (id, product_id, color_id, size_id, price_id, material_id, season_id, status, created_date, updated_date) VALUES (1630, 126, 2, 8, 1630, 3, 1, 'active', '2025-01-01 00:00:00', '2025-01-01 00:00:00');
INSERT INTO product (id, name, description, category_id, status, created_date, updated_date, created_by, updated_by) VALUES (127, 'Organic Cotton Fitted Crop Shirt', 'Description for Organic Cotton Fitted Crop Shirt', 6, 'active', '2025-01-01 00:00:00', '2025-01-01 00:00:00', 1, 1);
INSERT INTO product_image (id, image_url, display_order, is_primary, product_id, created_date, updated_date) VALUES (777, 'https://www1.assets-gap.com/webcontent/0057/999/640/cn57999640.jpg?q=h&w=1152', 0, 1, 127, '2025-01-01 00:00:00', '2025-01-01 00:00:00');
INSERT INTO product_image (id, image_url, display_order, is_primary, product_id, created_date, updated_date) VALUES (778, 'https://www.gap.com/webcontent/0057/999/601/cn57999601.jpg', 1, 0, 127, '2025-01-01 00:00:00', '2025-01-01 00:00:00');
INSERT INTO product_image (id, image_url, display_order, is_primary, product_id, created_date, updated_date) VALUES (779, 'https://www.gap.com/webcontent/0057/999/648/cn57999648.jpg', 2, 0, 127, '2025-01-01 00:00:00', '2025-01-01 00:00:00');
INSERT INTO product_image (id, image_url, display_order, is_primary, product_id, created_date, updated_date) VALUES (780, 'https://www.gap.com/webcontent/0057/999/638/cn57999638.jpg', 3, 0, 127, '2025-01-01 00:00:00', '2025-01-01 00:00:00');
INSERT INTO product_image (id, image_url, display_order, is_primary, product_id, created_date, updated_date) VALUES (781, 'https://www.gap.com/webcontent/0057/999/637/cn57999637.jpg', 4, 0, 127, '2025-01-01 00:00:00', '2025-01-01 00:00:00');
INSERT INTO product_image (id, image_url, display_order, is_primary, product_id, created_date, updated_date) VALUES (782, 'https://www.gap.com/webcontent/0058/022/931/cn58022931.jpg', 5, 0, 127, '2025-01-01 00:00:00', '2025-01-01 00:00:00');
INSERT INTO prices (id, base_price, sale_price, status, created_date, updated_date) VALUES (1631, 69.95, 34, 'active', '2025-01-01 00:00:00', '2025-01-01 00:00:00');
INSERT INTO product_variants (id, product_id, color_id, size_id, price_id, material_id, season_id, status, created_date, updated_date) VALUES (1631, 127, 1, 8, 1631, 1, 4, 'active', '2025-01-01 00:00:00', '2025-01-01 00:00:00');
INSERT INTO prices (id, base_price, sale_price, status, created_date, updated_date) VALUES (1632, 69.95, 34, 'active', '2025-01-01 00:00:00', '2025-01-01 00:00:00');
INSERT INTO product_variants (id, product_id, color_id, size_id, price_id, material_id, season_id, status, created_date, updated_date) VALUES (1632, 127, 1, 10, 1632, 3, 2, 'active', '2025-01-01 00:00:00', '2025-01-01 00:00:00');
INSERT INTO prices (id, base_price, sale_price, status, created_date, updated_date) VALUES (1633, 69.95, 34, 'active', '2025-01-01 00:00:00', '2025-01-01 00:00:00');
INSERT INTO product_variants (id, product_id, color_id, size_id, price_id, material_id, season_id, status, created_date, updated_date) VALUES (1633, 127, 1, 3, 1633, 7, 3, 'active', '2025-01-01 00:00:00', '2025-01-01 00:00:00');
INSERT INTO prices (id, base_price, sale_price, status, created_date, updated_date) VALUES (1634, 69.95, 34, 'active', '2025-01-01 00:00:00', '2025-01-01 00:00:00');
INSERT INTO product_variants (id, product_id, color_id, size_id, price_id, material_id, season_id, status, created_date, updated_date) VALUES (1634, 127, 5, 8, 1634, 7, 3, 'active', '2025-01-01 00:00:00', '2025-01-01 00:00:00');
INSERT INTO prices (id, base_price, sale_price, status, created_date, updated_date) VALUES (1635, 69.95, 34, 'active', '2025-01-01 00:00:00', '2025-01-01 00:00:00');
INSERT INTO product_variants (id, product_id, color_id, size_id, price_id, material_id, season_id, status, created_date, updated_date) VALUES (1635, 127, 5, 9, 1635, 6, 2, 'active', '2025-01-01 00:00:00', '2025-01-01 00:00:00');
INSERT INTO prices (id, base_price, sale_price, status, created_date, updated_date) VALUES (1636, 69.95, 34, 'active', '2025-01-01 00:00:00', '2025-01-01 00:00:00');
INSERT INTO product_variants (id, product_id, color_id, size_id, price_id, material_id, season_id, status, created_date, updated_date) VALUES (1636, 127, 1, 5, 1636, 3, 2, 'active', '2025-01-01 00:00:00', '2025-01-01 00:00:00');
INSERT INTO prices (id, base_price, sale_price, status, created_date, updated_date) VALUES (1637, 69.95, 34, 'active', '2025-01-01 00:00:00', '2025-01-01 00:00:00');
INSERT INTO product_variants (id, product_id, color_id, size_id, price_id, material_id, season_id, status, created_date, updated_date) VALUES (1637, 127, 1, 10, 1637, 5, 3, 'active', '2025-01-01 00:00:00', '2025-01-01 00:00:00');
INSERT INTO prices (id, base_price, sale_price, status, created_date, updated_date) VALUES (1638, 69.95, 34, 'active', '2025-01-01 00:00:00', '2025-01-01 00:00:00');
INSERT INTO product_variants (id, product_id, color_id, size_id, price_id, material_id, season_id, status, created_date, updated_date) VALUES (1638, 127, 1, 3, 1638, 1, 3, 'active', '2025-01-01 00:00:00', '2025-01-01 00:00:00');
INSERT INTO prices (id, base_price, sale_price, status, created_date, updated_date) VALUES (1639, 69.95, 34, 'active', '2025-01-01 00:00:00', '2025-01-01 00:00:00');
INSERT INTO product_variants (id, product_id, color_id, size_id, price_id, material_id, season_id, status, created_date, updated_date) VALUES (1639, 127, 1, 4, 1639, 6, 1, 'active', '2025-01-01 00:00:00', '2025-01-01 00:00:00');
INSERT INTO prices (id, base_price, sale_price, status, created_date, updated_date) VALUES (1640, 69.95, 34, 'active', '2025-01-01 00:00:00', '2025-01-01 00:00:00');
INSERT INTO product_variants (id, product_id, color_id, size_id, price_id, material_id, season_id, status, created_date, updated_date) VALUES (1640, 127, 6, 2, 1640, 6, 3, 'active', '2025-01-01 00:00:00', '2025-01-01 00:00:00');
INSERT INTO prices (id, base_price, sale_price, status, created_date, updated_date) VALUES (1641, 69.95, 34, 'active', '2025-01-01 00:00:00', '2025-01-01 00:00:00');
INSERT INTO product_variants (id, product_id, color_id, size_id, price_id, material_id, season_id, status, created_date, updated_date) VALUES (1641, 127, 6, 10, 1641, 3, 2, 'active', '2025-01-01 00:00:00', '2025-01-01 00:00:00');
INSERT INTO prices (id, base_price, sale_price, status, created_date, updated_date) VALUES (1642, 69.95, 34, 'active', '2025-01-01 00:00:00', '2025-01-01 00:00:00');
INSERT INTO product_variants (id, product_id, color_id, size_id, price_id, material_id, season_id, status, created_date, updated_date) VALUES (1642, 127, 1, 10, 1642, 6, 4, 'active', '2025-01-01 00:00:00', '2025-01-01 00:00:00');
INSERT INTO prices (id, base_price, sale_price, status, created_date, updated_date) VALUES (1643, 69.95, 34, 'active', '2025-01-01 00:00:00', '2025-01-01 00:00:00');
INSERT INTO product_variants (id, product_id, color_id, size_id, price_id, material_id, season_id, status, created_date, updated_date) VALUES (1643, 127, 1, 5, 1643, 7, 2, 'active', '2025-01-01 00:00:00', '2025-01-01 00:00:00');
INSERT INTO prices (id, base_price, sale_price, status, created_date, updated_date) VALUES (1644, 69.95, 34, 'active', '2025-01-01 00:00:00', '2025-01-01 00:00:00');
INSERT INTO product_variants (id, product_id, color_id, size_id, price_id, material_id, season_id, status, created_date, updated_date) VALUES (1644, 127, 2, 1, 1644, 7, 1, 'active', '2025-01-01 00:00:00', '2025-01-01 00:00:00');
INSERT INTO prices (id, base_price, sale_price, status, created_date, updated_date) VALUES (1645, 69.95, 34, 'active', '2025-01-01 00:00:00', '2025-01-01 00:00:00');
INSERT INTO product_variants (id, product_id, color_id, size_id, price_id, material_id, season_id, status, created_date, updated_date) VALUES (1645, 127, 2, 5, 1645, 7, 2, 'active', '2025-01-01 00:00:00', '2025-01-01 00:00:00');
INSERT INTO product (id, name, description, category_id, status, created_date, updated_date, created_by, updated_by) VALUES (128, 'Modern Crewneck T-Shirt', 'Description for Modern Crewneck T-Shirt', 6, 'active', '2025-01-01 00:00:00', '2025-01-01 00:00:00', 1, 1);
INSERT INTO product_image (id, image_url, display_order, is_primary, product_id, created_date, updated_date) VALUES (783, 'https://www1.assets-gap.com/webcontent/0057/440/552/cn57440552.jpg?q=h&w=1152', 0, 1, 128, '2025-01-01 00:00:00', '2025-01-01 00:00:00');
INSERT INTO product_image (id, image_url, display_order, is_primary, product_id, created_date, updated_date) VALUES (784, 'https://www.gap.com/webcontent/0057/440/512/cn57440512.jpg', 1, 0, 128, '2025-01-01 00:00:00', '2025-01-01 00:00:00');
INSERT INTO product_image (id, image_url, display_order, is_primary, product_id, created_date, updated_date) VALUES (785, 'https://www.gap.com/webcontent/0057/440/546/cn57440546.jpg', 2, 0, 128, '2025-01-01 00:00:00', '2025-01-01 00:00:00');
INSERT INTO product_image (id, image_url, display_order, is_primary, product_id, created_date, updated_date) VALUES (786, 'https://www.gap.com/webcontent/0057/440/560/cn57440560.jpg', 3, 0, 128, '2025-01-01 00:00:00', '2025-01-01 00:00:00');
INSERT INTO product_image (id, image_url, display_order, is_primary, product_id, created_date, updated_date) VALUES (787, 'https://www.gap.com/webcontent/0057/481/855/cn57481855.jpg', 4, 0, 128, '2025-01-01 00:00:00', '2025-01-01 00:00:00');
INSERT INTO prices (id, base_price, sale_price, status, created_date, updated_date) VALUES (1646, 24.95, 12, 'active', '2025-01-01 00:00:00', '2025-01-01 00:00:00');
INSERT INTO product_variants (id, product_id, color_id, size_id, price_id, material_id, season_id, status, created_date, updated_date) VALUES (1646, 128, 3, 1, 1646, 5, 4, 'active', '2025-01-01 00:00:00', '2025-01-01 00:00:00');
INSERT INTO prices (id, base_price, sale_price, status, created_date, updated_date) VALUES (1647, 24.95, 12, 'active', '2025-01-01 00:00:00', '2025-01-01 00:00:00');
INSERT INTO product_variants (id, product_id, color_id, size_id, price_id, material_id, season_id, status, created_date, updated_date) VALUES (1647, 128, 3, 5, 1647, 7, 3, 'active', '2025-01-01 00:00:00', '2025-01-01 00:00:00');
INSERT INTO prices (id, base_price, sale_price, status, created_date, updated_date) VALUES (1648, 24.95, 12, 'active', '2025-01-01 00:00:00', '2025-01-01 00:00:00');
INSERT INTO product_variants (id, product_id, color_id, size_id, price_id, material_id, season_id, status, created_date, updated_date) VALUES (1648, 128, 9, 9, 1648, 4, 2, 'active', '2025-01-01 00:00:00', '2025-01-01 00:00:00');
INSERT INTO prices (id, base_price, sale_price, status, created_date, updated_date) VALUES (1649, 24.95, 12, 'active', '2025-01-01 00:00:00', '2025-01-01 00:00:00');
INSERT INTO product_variants (id, product_id, color_id, size_id, price_id, material_id, season_id, status, created_date, updated_date) VALUES (1649, 128, 9, 8, 1649, 5, 2, 'active', '2025-01-01 00:00:00', '2025-01-01 00:00:00');
INSERT INTO prices (id, base_price, sale_price, status, created_date, updated_date) VALUES (1650, 24.95, 12, 'active', '2025-01-01 00:00:00', '2025-01-01 00:00:00');
INSERT INTO product_variants (id, product_id, color_id, size_id, price_id, material_id, season_id, status, created_date, updated_date) VALUES (1650, 128, 9, 5, 1650, 5, 3, 'active', '2025-01-01 00:00:00', '2025-01-01 00:00:00');
INSERT INTO prices (id, base_price, sale_price, status, created_date, updated_date) VALUES (1651, 24.95, 12, 'active', '2025-01-01 00:00:00', '2025-01-01 00:00:00');
INSERT INTO product_variants (id, product_id, color_id, size_id, price_id, material_id, season_id, status, created_date, updated_date) VALUES (1651, 128, 2, 10, 1651, 6, 2, 'active', '2025-01-01 00:00:00', '2025-01-01 00:00:00');
INSERT INTO prices (id, base_price, sale_price, status, created_date, updated_date) VALUES (1652, 24.95, 12, 'active', '2025-01-01 00:00:00', '2025-01-01 00:00:00');
INSERT INTO product_variants (id, product_id, color_id, size_id, price_id, material_id, season_id, status, created_date, updated_date) VALUES (1652, 128, 2, 5, 1652, 6, 1, 'active', '2025-01-01 00:00:00', '2025-01-01 00:00:00');
INSERT INTO prices (id, base_price, sale_price, status, created_date, updated_date) VALUES (1653, 24.95, 12, 'active', '2025-01-01 00:00:00', '2025-01-01 00:00:00');
INSERT INTO product_variants (id, product_id, color_id, size_id, price_id, material_id, season_id, status, created_date, updated_date) VALUES (1653, 128, 1, 7, 1653, 2, 2, 'active', '2025-01-01 00:00:00', '2025-01-01 00:00:00');
INSERT INTO prices (id, base_price, sale_price, status, created_date, updated_date) VALUES (1654, 24.95, 12, 'active', '2025-01-01 00:00:00', '2025-01-01 00:00:00');
INSERT INTO product_variants (id, product_id, color_id, size_id, price_id, material_id, season_id, status, created_date, updated_date) VALUES (1654, 128, 1, 9, 1654, 2, 2, 'active', '2025-01-01 00:00:00', '2025-01-01 00:00:00');
INSERT INTO product (id, name, description, category_id, status, created_date, updated_date, created_by, updated_by) VALUES (129, 'Organic Cotton Oxford Big Shirt', 'Description for Organic Cotton Oxford Big Shirt', 6, 'active', '2025-01-01 00:00:00', '2025-01-01 00:00:00', 1, 1);
INSERT INTO product_image (id, image_url, display_order, is_primary, product_id, created_date, updated_date) VALUES (788, 'https://www1.assets-gap.com/webcontent/0056/556/815/cn56556815.jpg?q=h&w=1152', 0, 1, 129, '2025-01-01 00:00:00', '2025-01-01 00:00:00');
INSERT INTO product_image (id, image_url, display_order, is_primary, product_id, created_date, updated_date) VALUES (789, 'https://www.gap.com/webcontent/0056/556/818/cn56556818.jpg', 1, 0, 129, '2025-01-01 00:00:00', '2025-01-01 00:00:00');
INSERT INTO product_image (id, image_url, display_order, is_primary, product_id, created_date, updated_date) VALUES (790, 'https://www.gap.com/webcontent/0056/184/310/cn56184310.jpg', 2, 0, 129, '2025-01-01 00:00:00', '2025-01-01 00:00:00');
INSERT INTO product_image (id, image_url, display_order, is_primary, product_id, created_date, updated_date) VALUES (791, 'https://www.gap.com/webcontent/0056/556/830/cn56556830.jpg', 3, 0, 129, '2025-01-01 00:00:00', '2025-01-01 00:00:00');
INSERT INTO product_image (id, image_url, display_order, is_primary, product_id, created_date, updated_date) VALUES (792, 'https://www.gap.com/webcontent/0056/071/184/cn56071184.jpg', 4, 0, 129, '2025-01-01 00:00:00', '2025-01-01 00:00:00');
INSERT INTO prices (id, base_price, sale_price, status, created_date, updated_date) VALUES (1655, 69.95, 69.95, 'active', '2025-01-01 00:00:00', '2025-01-01 00:00:00');
INSERT INTO product_variants (id, product_id, color_id, size_id, price_id, material_id, season_id, status, created_date, updated_date) VALUES (1655, 129, 1, 7, 1655, 7, 4, 'active', '2025-01-01 00:00:00', '2025-01-01 00:00:00');
INSERT INTO prices (id, base_price, sale_price, status, created_date, updated_date) VALUES (1656, 69.95, 69.95, 'active', '2025-01-01 00:00:00', '2025-01-01 00:00:00');
INSERT INTO product_variants (id, product_id, color_id, size_id, price_id, material_id, season_id, status, created_date, updated_date) VALUES (1656, 129, 1, 8, 1656, 1, 4, 'active', '2025-01-01 00:00:00', '2025-01-01 00:00:00');
INSERT INTO prices (id, base_price, sale_price, status, created_date, updated_date) VALUES (1657, 69.95, 69.95, 'active', '2025-01-01 00:00:00', '2025-01-01 00:00:00');
INSERT INTO product_variants (id, product_id, color_id, size_id, price_id, material_id, season_id, status, created_date, updated_date) VALUES (1657, 129, 3, 9, 1657, 5, 4, 'active', '2025-01-01 00:00:00', '2025-01-01 00:00:00');
INSERT INTO prices (id, base_price, sale_price, status, created_date, updated_date) VALUES (1658, 69.95, 69.95, 'active', '2025-01-01 00:00:00', '2025-01-01 00:00:00');
INSERT INTO product_variants (id, product_id, color_id, size_id, price_id, material_id, season_id, status, created_date, updated_date) VALUES (1658, 129, 3, 8, 1658, 7, 4, 'active', '2025-01-01 00:00:00', '2025-01-01 00:00:00');
INSERT INTO prices (id, base_price, sale_price, status, created_date, updated_date) VALUES (1659, 69.95, 69.95, 'active', '2025-01-01 00:00:00', '2025-01-01 00:00:00');
INSERT INTO product_variants (id, product_id, color_id, size_id, price_id, material_id, season_id, status, created_date, updated_date) VALUES (1659, 129, 1, 4, 1659, 1, 1, 'active', '2025-01-01 00:00:00', '2025-01-01 00:00:00');
INSERT INTO prices (id, base_price, sale_price, status, created_date, updated_date) VALUES (1660, 69.95, 69.95, 'active', '2025-01-01 00:00:00', '2025-01-01 00:00:00');
INSERT INTO product_variants (id, product_id, color_id, size_id, price_id, material_id, season_id, status, created_date, updated_date) VALUES (1660, 129, 1, 2, 1660, 4, 3, 'active', '2025-01-01 00:00:00', '2025-01-01 00:00:00');
INSERT INTO prices (id, base_price, sale_price, status, created_date, updated_date) VALUES (1661, 69.95, 69.95, 'active', '2025-01-01 00:00:00', '2025-01-01 00:00:00');
INSERT INTO product_variants (id, product_id, color_id, size_id, price_id, material_id, season_id, status, created_date, updated_date) VALUES (1661, 129, 12, 5, 1661, 6, 2, 'active', '2025-01-01 00:00:00', '2025-01-01 00:00:00');
INSERT INTO prices (id, base_price, sale_price, status, created_date, updated_date) VALUES (1662, 69.95, 69.95, 'active', '2025-01-01 00:00:00', '2025-01-01 00:00:00');
INSERT INTO product_variants (id, product_id, color_id, size_id, price_id, material_id, season_id, status, created_date, updated_date) VALUES (1662, 129, 12, 8, 1662, 2, 2, 'active', '2025-01-01 00:00:00', '2025-01-01 00:00:00');
INSERT INTO prices (id, base_price, sale_price, status, created_date, updated_date) VALUES (1663, 69.95, 69.95, 'active', '2025-01-01 00:00:00', '2025-01-01 00:00:00');
INSERT INTO product_variants (id, product_id, color_id, size_id, price_id, material_id, season_id, status, created_date, updated_date) VALUES (1663, 129, 12, 7, 1663, 1, 2, 'active', '2025-01-01 00:00:00', '2025-01-01 00:00:00');
INSERT INTO prices (id, base_price, sale_price, status, created_date, updated_date) VALUES (1664, 69.95, 69.95, 'active', '2025-01-01 00:00:00', '2025-01-01 00:00:00');
INSERT INTO product_variants (id, product_id, color_id, size_id, price_id, material_id, season_id, status, created_date, updated_date) VALUES (1664, 129, 1, 6, 1664, 7, 1, 'active', '2025-01-01 00:00:00', '2025-01-01 00:00:00');
INSERT INTO prices (id, base_price, sale_price, status, created_date, updated_date) VALUES (1665, 69.95, 69.95, 'active', '2025-01-01 00:00:00', '2025-01-01 00:00:00');
INSERT INTO product_variants (id, product_id, color_id, size_id, price_id, material_id, season_id, status, created_date, updated_date) VALUES (1665, 129, 1, 7, 1665, 3, 3, 'active', '2025-01-01 00:00:00', '2025-01-01 00:00:00');
INSERT INTO prices (id, base_price, sale_price, status, created_date, updated_date) VALUES (1666, 69.95, 69.95, 'active', '2025-01-01 00:00:00', '2025-01-01 00:00:00');
INSERT INTO product_variants (id, product_id, color_id, size_id, price_id, material_id, season_id, status, created_date, updated_date) VALUES (1666, 129, 1, 4, 1666, 2, 4, 'active', '2025-01-01 00:00:00', '2025-01-01 00:00:00');
INSERT INTO prices (id, base_price, sale_price, status, created_date, updated_date) VALUES (1667, 69.95, 69.95, 'active', '2025-01-01 00:00:00', '2025-01-01 00:00:00');
INSERT INTO product_variants (id, product_id, color_id, size_id, price_id, material_id, season_id, status, created_date, updated_date) VALUES (1667, 129, 1, 6, 1667, 2, 4, 'active', '2025-01-01 00:00:00', '2025-01-01 00:00:00');
INSERT INTO prices (id, base_price, sale_price, status, created_date, updated_date) VALUES (1668, 69.95, 69.95, 'active', '2025-01-01 00:00:00', '2025-01-01 00:00:00');
INSERT INTO product_variants (id, product_id, color_id, size_id, price_id, material_id, season_id, status, created_date, updated_date) VALUES (1668, 129, 1, 1, 1668, 1, 4, 'active', '2025-01-01 00:00:00', '2025-01-01 00:00:00');
INSERT INTO prices (id, base_price, sale_price, status, created_date, updated_date) VALUES (1669, 69.95, 69.95, 'active', '2025-01-01 00:00:00', '2025-01-01 00:00:00');
INSERT INTO product_variants (id, product_id, color_id, size_id, price_id, material_id, season_id, status, created_date, updated_date) VALUES (1669, 129, 2, 4, 1669, 6, 2, 'active', '2025-01-01 00:00:00', '2025-01-01 00:00:00');
INSERT INTO prices (id, base_price, sale_price, status, created_date, updated_date) VALUES (1670, 69.95, 69.95, 'active', '2025-01-01 00:00:00', '2025-01-01 00:00:00');
INSERT INTO product_variants (id, product_id, color_id, size_id, price_id, material_id, season_id, status, created_date, updated_date) VALUES (1670, 129, 2, 3, 1670, 4, 2, 'active', '2025-01-01 00:00:00', '2025-01-01 00:00:00');
INSERT INTO prices (id, base_price, sale_price, status, created_date, updated_date) VALUES (1671, 69.95, 69.95, 'active', '2025-01-01 00:00:00', '2025-01-01 00:00:00');
INSERT INTO product_variants (id, product_id, color_id, size_id, price_id, material_id, season_id, status, created_date, updated_date) VALUES (1671, 129, 3, 2, 1671, 6, 3, 'active', '2025-01-01 00:00:00', '2025-01-01 00:00:00');
INSERT INTO prices (id, base_price, sale_price, status, created_date, updated_date) VALUES (1672, 69.95, 69.95, 'active', '2025-01-01 00:00:00', '2025-01-01 00:00:00');
INSERT INTO product_variants (id, product_id, color_id, size_id, price_id, material_id, season_id, status, created_date, updated_date) VALUES (1672, 129, 3, 5, 1672, 5, 3, 'active', '2025-01-01 00:00:00', '2025-01-01 00:00:00');
INSERT INTO product (id, name, description, category_id, status, created_date, updated_date, created_by, updated_by) VALUES (130, 'Modern Crewneck T-Shirt', 'Description for Modern Crewneck T-Shirt', 6, 'active', '2025-01-01 00:00:00', '2025-01-01 00:00:00', 1, 1);
INSERT INTO product_image (id, image_url, display_order, is_primary, product_id, created_date, updated_date) VALUES (793, 'https://www1.assets-gap.com/webcontent/0057/477/093/cn57477093.jpg?q=h&w=1152', 0, 1, 130, '2025-01-01 00:00:00', '2025-01-01 00:00:00');
INSERT INTO product_image (id, image_url, display_order, is_primary, product_id, created_date, updated_date) VALUES (794, 'https://www.gap.com/webcontent/0057/477/064/cn57477064.jpg', 1, 0, 130, '2025-01-01 00:00:00', '2025-01-01 00:00:00');
INSERT INTO product_image (id, image_url, display_order, is_primary, product_id, created_date, updated_date) VALUES (795, 'https://www.gap.com/webcontent/0057/477/025/cn57477025.jpg', 2, 0, 130, '2025-01-01 00:00:00', '2025-01-01 00:00:00');
INSERT INTO product_image (id, image_url, display_order, is_primary, product_id, created_date, updated_date) VALUES (796, 'https://www.gap.com/webcontent/0057/477/046/cn57477046.jpg', 3, 0, 130, '2025-01-01 00:00:00', '2025-01-01 00:00:00');
INSERT INTO product_image (id, image_url, display_order, is_primary, product_id, created_date, updated_date) VALUES (797, 'https://www.gap.com/webcontent/0057/510/753/cn57510753.jpg', 4, 0, 130, '2025-01-01 00:00:00', '2025-01-01 00:00:00');
INSERT INTO prices (id, base_price, sale_price, status, created_date, updated_date) VALUES (1673, 24.95, 12, 'active', '2025-01-01 00:00:00', '2025-01-01 00:00:00');
INSERT INTO product_variants (id, product_id, color_id, size_id, price_id, material_id, season_id, status, created_date, updated_date) VALUES (1673, 130, 3, 3, 1673, 2, 2, 'active', '2025-01-01 00:00:00', '2025-01-01 00:00:00');
INSERT INTO prices (id, base_price, sale_price, status, created_date, updated_date) VALUES (1674, 24.95, 12, 'active', '2025-01-01 00:00:00', '2025-01-01 00:00:00');
INSERT INTO product_variants (id, product_id, color_id, size_id, price_id, material_id, season_id, status, created_date, updated_date) VALUES (1674, 130, 3, 6, 1674, 3, 1, 'active', '2025-01-01 00:00:00', '2025-01-01 00:00:00');
INSERT INTO prices (id, base_price, sale_price, status, created_date, updated_date) VALUES (1675, 24.95, 12, 'active', '2025-01-01 00:00:00', '2025-01-01 00:00:00');
INSERT INTO product_variants (id, product_id, color_id, size_id, price_id, material_id, season_id, status, created_date, updated_date) VALUES (1675, 130, 9, 2, 1675, 1, 4, 'active', '2025-01-01 00:00:00', '2025-01-01 00:00:00');
INSERT INTO prices (id, base_price, sale_price, status, created_date, updated_date) VALUES (1676, 24.95, 12, 'active', '2025-01-01 00:00:00', '2025-01-01 00:00:00');
INSERT INTO product_variants (id, product_id, color_id, size_id, price_id, material_id, season_id, status, created_date, updated_date) VALUES (1676, 130, 9, 9, 1676, 7, 2, 'active', '2025-01-01 00:00:00', '2025-01-01 00:00:00');
INSERT INTO prices (id, base_price, sale_price, status, created_date, updated_date) VALUES (1677, 24.95, 12, 'active', '2025-01-01 00:00:00', '2025-01-01 00:00:00');
INSERT INTO product_variants (id, product_id, color_id, size_id, price_id, material_id, season_id, status, created_date, updated_date) VALUES (1677, 130, 2, 3, 1677, 4, 2, 'active', '2025-01-01 00:00:00', '2025-01-01 00:00:00');
INSERT INTO prices (id, base_price, sale_price, status, created_date, updated_date) VALUES (1678, 24.95, 12, 'active', '2025-01-01 00:00:00', '2025-01-01 00:00:00');
INSERT INTO product_variants (id, product_id, color_id, size_id, price_id, material_id, season_id, status, created_date, updated_date) VALUES (1678, 130, 2, 7, 1678, 6, 1, 'active', '2025-01-01 00:00:00', '2025-01-01 00:00:00');
INSERT INTO prices (id, base_price, sale_price, status, created_date, updated_date) VALUES (1679, 24.95, 12, 'active', '2025-01-01 00:00:00', '2025-01-01 00:00:00');
INSERT INTO product_variants (id, product_id, color_id, size_id, price_id, material_id, season_id, status, created_date, updated_date) VALUES (1679, 130, 1, 2, 1679, 1, 1, 'active', '2025-01-01 00:00:00', '2025-01-01 00:00:00');
INSERT INTO prices (id, base_price, sale_price, status, created_date, updated_date) VALUES (1680, 24.95, 12, 'active', '2025-01-01 00:00:00', '2025-01-01 00:00:00');
INSERT INTO product_variants (id, product_id, color_id, size_id, price_id, material_id, season_id, status, created_date, updated_date) VALUES (1680, 130, 1, 6, 1680, 6, 2, 'active', '2025-01-01 00:00:00', '2025-01-01 00:00:00');
INSERT INTO prices (id, base_price, sale_price, status, created_date, updated_date) VALUES (1681, 24.95, 12, 'active', '2025-01-01 00:00:00', '2025-01-01 00:00:00');
INSERT INTO product_variants (id, product_id, color_id, size_id, price_id, material_id, season_id, status, created_date, updated_date) VALUES (1681, 130, 1, 8, 1681, 2, 1, 'active', '2025-01-01 00:00:00', '2025-01-01 00:00:00');
INSERT INTO product (id, name, description, category_id, status, created_date, updated_date, created_by, updated_by) VALUES (131, 'Modern Boatneck T-Shirt', 'Description for Modern Boatneck T-Shirt', 6, 'active', '2025-01-01 00:00:00', '2025-01-01 00:00:00', 1, 1);
INSERT INTO product_image (id, image_url, display_order, is_primary, product_id, created_date, updated_date) VALUES (798, 'https://www1.assets-gap.com/webcontent/0059/941/846/cn59941846.jpg?q=h&w=1152', 0, 1, 131, '2025-01-01 00:00:00', '2025-01-01 00:00:00');
INSERT INTO product_image (id, image_url, display_order, is_primary, product_id, created_date, updated_date) VALUES (799, 'https://www.gap.com/webcontent/0059/941/821/cn59941821.jpg', 1, 0, 131, '2025-01-01 00:00:00', '2025-01-01 00:00:00');
INSERT INTO product_image (id, image_url, display_order, is_primary, product_id, created_date, updated_date) VALUES (800, 'https://www.gap.com/webcontent/0059/941/879/cn59941879.jpg', 2, 0, 131, '2025-01-01 00:00:00', '2025-01-01 00:00:00');
INSERT INTO product_image (id, image_url, display_order, is_primary, product_id, created_date, updated_date) VALUES (801, 'https://www.gap.com/webcontent/0059/941/921/cn59941921.jpg', 3, 0, 131, '2025-01-01 00:00:00', '2025-01-01 00:00:00');
INSERT INTO product_image (id, image_url, display_order, is_primary, product_id, created_date, updated_date) VALUES (802, 'https://www.gap.com/webcontent/0059/958/544/cn59958544.jpg', 4, 0, 131, '2025-01-01 00:00:00', '2025-01-01 00:00:00');
INSERT INTO product_image (id, image_url, display_order, is_primary, product_id, created_date, updated_date) VALUES (803, 'https://www.gap.com/webcontent/0059/958/561/cn59958561.jpg', 5, 0, 131, '2025-01-01 00:00:00', '2025-01-01 00:00:00');
INSERT INTO prices (id, base_price, sale_price, status, created_date, updated_date) VALUES (1682, 39.95, 23, 'active', '2025-01-01 00:00:00', '2025-01-01 00:00:00');
INSERT INTO product_variants (id, product_id, color_id, size_id, price_id, material_id, season_id, status, created_date, updated_date) VALUES (1682, 131, 4, 6, 1682, 3, 1, 'active', '2025-01-01 00:00:00', '2025-01-01 00:00:00');
INSERT INTO prices (id, base_price, sale_price, status, created_date, updated_date) VALUES (1683, 39.95, 23, 'active', '2025-01-01 00:00:00', '2025-01-01 00:00:00');
INSERT INTO product_variants (id, product_id, color_id, size_id, price_id, material_id, season_id, status, created_date, updated_date) VALUES (1683, 131, 4, 8, 1683, 2, 2, 'active', '2025-01-01 00:00:00', '2025-01-01 00:00:00');
INSERT INTO prices (id, base_price, sale_price, status, created_date, updated_date) VALUES (1684, 39.95, 23, 'active', '2025-01-01 00:00:00', '2025-01-01 00:00:00');
INSERT INTO product_variants (id, product_id, color_id, size_id, price_id, material_id, season_id, status, created_date, updated_date) VALUES (1684, 131, 9, 10, 1684, 5, 3, 'active', '2025-01-01 00:00:00', '2025-01-01 00:00:00');
INSERT INTO prices (id, base_price, sale_price, status, created_date, updated_date) VALUES (1685, 39.95, 23, 'active', '2025-01-01 00:00:00', '2025-01-01 00:00:00');
INSERT INTO product_variants (id, product_id, color_id, size_id, price_id, material_id, season_id, status, created_date, updated_date) VALUES (1685, 131, 9, 3, 1685, 6, 1, 'active', '2025-01-01 00:00:00', '2025-01-01 00:00:00');
INSERT INTO prices (id, base_price, sale_price, status, created_date, updated_date) VALUES (1686, 39.95, 23, 'active', '2025-01-01 00:00:00', '2025-01-01 00:00:00');
INSERT INTO product_variants (id, product_id, color_id, size_id, price_id, material_id, season_id, status, created_date, updated_date) VALUES (1686, 131, 2, 10, 1686, 4, 3, 'active', '2025-01-01 00:00:00', '2025-01-01 00:00:00');
INSERT INTO prices (id, base_price, sale_price, status, created_date, updated_date) VALUES (1687, 39.95, 23, 'active', '2025-01-01 00:00:00', '2025-01-01 00:00:00');
INSERT INTO product_variants (id, product_id, color_id, size_id, price_id, material_id, season_id, status, created_date, updated_date) VALUES (1687, 131, 2, 8, 1687, 2, 3, 'active', '2025-01-01 00:00:00', '2025-01-01 00:00:00');
INSERT INTO prices (id, base_price, sale_price, status, created_date, updated_date) VALUES (1688, 39.95, 23, 'active', '2025-01-01 00:00:00', '2025-01-01 00:00:00');
INSERT INTO product_variants (id, product_id, color_id, size_id, price_id, material_id, season_id, status, created_date, updated_date) VALUES (1688, 131, 1, 7, 1688, 6, 3, 'active', '2025-01-01 00:00:00', '2025-01-01 00:00:00');
INSERT INTO prices (id, base_price, sale_price, status, created_date, updated_date) VALUES (1689, 39.95, 23, 'active', '2025-01-01 00:00:00', '2025-01-01 00:00:00');
INSERT INTO product_variants (id, product_id, color_id, size_id, price_id, material_id, season_id, status, created_date, updated_date) VALUES (1689, 131, 1, 2, 1689, 1, 4, 'active', '2025-01-01 00:00:00', '2025-01-01 00:00:00');
INSERT INTO prices (id, base_price, sale_price, status, created_date, updated_date) VALUES (1690, 39.95, 23, 'active', '2025-01-01 00:00:00', '2025-01-01 00:00:00');
INSERT INTO product_variants (id, product_id, color_id, size_id, price_id, material_id, season_id, status, created_date, updated_date) VALUES (1690, 131, 1, 5, 1690, 1, 4, 'active', '2025-01-01 00:00:00', '2025-01-01 00:00:00');
INSERT INTO product (id, name, description, category_id, status, created_date, updated_date, created_by, updated_by) VALUES (132, 'CloseKnit Jersey T-Shirt', 'Description for CloseKnit Jersey T-Shirt', 6, 'active', '2025-01-01 00:00:00', '2025-01-01 00:00:00', 1, 1);
INSERT INTO product_image (id, image_url, display_order, is_primary, product_id, created_date, updated_date) VALUES (804, 'https://www1.assets-gap.com/webcontent/0056/387/465/cn56387465.jpg?q=h&w=1152', 0, 1, 132, '2025-01-01 00:00:00', '2025-01-01 00:00:00');
INSERT INTO product_image (id, image_url, display_order, is_primary, product_id, created_date, updated_date) VALUES (805, 'https://www.gap.com/webcontent/0056/387/447/cn56387447.jpg', 1, 0, 132, '2025-01-01 00:00:00', '2025-01-01 00:00:00');
INSERT INTO product_image (id, image_url, display_order, is_primary, product_id, created_date, updated_date) VALUES (806, 'https://www.gap.com/webcontent/0056/386/812/cn56386812.jpg', 2, 0, 132, '2025-01-01 00:00:00', '2025-01-01 00:00:00');
INSERT INTO product_image (id, image_url, display_order, is_primary, product_id, created_date, updated_date) VALUES (807, 'https://www.gap.com/webcontent/0056/386/837/cn56386837.jpg', 3, 0, 132, '2025-01-01 00:00:00', '2025-01-01 00:00:00');
INSERT INTO product_image (id, image_url, display_order, is_primary, product_id, created_date, updated_date) VALUES (808, 'https://www.gap.com/webcontent/0059/335/399/cn59335399.jpg', 4, 0, 132, '2025-01-01 00:00:00', '2025-01-01 00:00:00');
INSERT INTO prices (id, base_price, sale_price, status, created_date, updated_date) VALUES (1691, 24.95, 14, 'active', '2025-01-01 00:00:00', '2025-01-01 00:00:00');
INSERT INTO product_variants (id, product_id, color_id, size_id, price_id, material_id, season_id, status, created_date, updated_date) VALUES (1691, 132, 6, 9, 1691, 7, 4, 'active', '2025-01-01 00:00:00', '2025-01-01 00:00:00');
INSERT INTO prices (id, base_price, sale_price, status, created_date, updated_date) VALUES (1692, 24.95, 14, 'active', '2025-01-01 00:00:00', '2025-01-01 00:00:00');
INSERT INTO product_variants (id, product_id, color_id, size_id, price_id, material_id, season_id, status, created_date, updated_date) VALUES (1692, 132, 6, 2, 1692, 7, 3, 'active', '2025-01-01 00:00:00', '2025-01-01 00:00:00');
INSERT INTO prices (id, base_price, sale_price, status, created_date, updated_date) VALUES (1693, 24.95, 14, 'active', '2025-01-01 00:00:00', '2025-01-01 00:00:00');
INSERT INTO product_variants (id, product_id, color_id, size_id, price_id, material_id, season_id, status, created_date, updated_date) VALUES (1693, 132, 6, 3, 1693, 6, 1, 'active', '2025-01-01 00:00:00', '2025-01-01 00:00:00');
INSERT INTO prices (id, base_price, sale_price, status, created_date, updated_date) VALUES (1694, 24.95, 14, 'active', '2025-01-01 00:00:00', '2025-01-01 00:00:00');
INSERT INTO product_variants (id, product_id, color_id, size_id, price_id, material_id, season_id, status, created_date, updated_date) VALUES (1694, 132, 4, 2, 1694, 2, 2, 'active', '2025-01-01 00:00:00', '2025-01-01 00:00:00');
INSERT INTO prices (id, base_price, sale_price, status, created_date, updated_date) VALUES (1695, 24.95, 14, 'active', '2025-01-01 00:00:00', '2025-01-01 00:00:00');
INSERT INTO product_variants (id, product_id, color_id, size_id, price_id, material_id, season_id, status, created_date, updated_date) VALUES (1695, 132, 4, 4, 1695, 1, 4, 'active', '2025-01-01 00:00:00', '2025-01-01 00:00:00');
INSERT INTO prices (id, base_price, sale_price, status, created_date, updated_date) VALUES (1696, 24.95, 14, 'active', '2025-01-01 00:00:00', '2025-01-01 00:00:00');
INSERT INTO product_variants (id, product_id, color_id, size_id, price_id, material_id, season_id, status, created_date, updated_date) VALUES (1696, 132, 2, 5, 1696, 5, 4, 'active', '2025-01-01 00:00:00', '2025-01-01 00:00:00');
INSERT INTO prices (id, base_price, sale_price, status, created_date, updated_date) VALUES (1697, 24.95, 14, 'active', '2025-01-01 00:00:00', '2025-01-01 00:00:00');
INSERT INTO product_variants (id, product_id, color_id, size_id, price_id, material_id, season_id, status, created_date, updated_date) VALUES (1697, 132, 2, 4, 1697, 6, 1, 'active', '2025-01-01 00:00:00', '2025-01-01 00:00:00');
INSERT INTO prices (id, base_price, sale_price, status, created_date, updated_date) VALUES (1698, 24.95, 14, 'active', '2025-01-01 00:00:00', '2025-01-01 00:00:00');
INSERT INTO product_variants (id, product_id, color_id, size_id, price_id, material_id, season_id, status, created_date, updated_date) VALUES (1698, 132, 2, 7, 1698, 5, 4, 'active', '2025-01-01 00:00:00', '2025-01-01 00:00:00');
INSERT INTO prices (id, base_price, sale_price, status, created_date, updated_date) VALUES (1699, 24.95, 14, 'active', '2025-01-01 00:00:00', '2025-01-01 00:00:00');
INSERT INTO product_variants (id, product_id, color_id, size_id, price_id, material_id, season_id, status, created_date, updated_date) VALUES (1699, 132, 3, 8, 1699, 7, 2, 'active', '2025-01-01 00:00:00', '2025-01-01 00:00:00');
INSERT INTO prices (id, base_price, sale_price, status, created_date, updated_date) VALUES (1700, 24.95, 14, 'active', '2025-01-01 00:00:00', '2025-01-01 00:00:00');
INSERT INTO product_variants (id, product_id, color_id, size_id, price_id, material_id, season_id, status, created_date, updated_date) VALUES (1700, 132, 3, 7, 1700, 3, 4, 'active', '2025-01-01 00:00:00', '2025-01-01 00:00:00');
INSERT INTO prices (id, base_price, sale_price, status, created_date, updated_date) VALUES (1701, 24.95, 14, 'active', '2025-01-01 00:00:00', '2025-01-01 00:00:00');
INSERT INTO product_variants (id, product_id, color_id, size_id, price_id, material_id, season_id, status, created_date, updated_date) VALUES (1701, 132, 9, 6, 1701, 4, 4, 'active', '2025-01-01 00:00:00', '2025-01-01 00:00:00');
INSERT INTO prices (id, base_price, sale_price, status, created_date, updated_date) VALUES (1702, 24.95, 14, 'active', '2025-01-01 00:00:00', '2025-01-01 00:00:00');
INSERT INTO product_variants (id, product_id, color_id, size_id, price_id, material_id, season_id, status, created_date, updated_date) VALUES (1702, 132, 9, 5, 1702, 4, 2, 'active', '2025-01-01 00:00:00', '2025-01-01 00:00:00');
INSERT INTO prices (id, base_price, sale_price, status, created_date, updated_date) VALUES (1703, 24.95, 14, 'active', '2025-01-01 00:00:00', '2025-01-01 00:00:00');
INSERT INTO product_variants (id, product_id, color_id, size_id, price_id, material_id, season_id, status, created_date, updated_date) VALUES (1703, 132, 9, 10, 1703, 6, 1, 'active', '2025-01-01 00:00:00', '2025-01-01 00:00:00');
INSERT INTO prices (id, base_price, sale_price, status, created_date, updated_date) VALUES (1704, 24.95, 14, 'active', '2025-01-01 00:00:00', '2025-01-01 00:00:00');
INSERT INTO product_variants (id, product_id, color_id, size_id, price_id, material_id, season_id, status, created_date, updated_date) VALUES (1704, 132, 1, 8, 1704, 6, 1, 'active', '2025-01-01 00:00:00', '2025-01-01 00:00:00');
INSERT INTO prices (id, base_price, sale_price, status, created_date, updated_date) VALUES (1705, 24.95, 14, 'active', '2025-01-01 00:00:00', '2025-01-01 00:00:00');
INSERT INTO product_variants (id, product_id, color_id, size_id, price_id, material_id, season_id, status, created_date, updated_date) VALUES (1705, 132, 1, 1, 1705, 1, 3, 'active', '2025-01-01 00:00:00', '2025-01-01 00:00:00');
INSERT INTO product (id, name, description, category_id, status, created_date, updated_date, created_by, updated_by) VALUES (133, 'Organic Cotton Oxford Big Shirt', 'Description for Organic Cotton Oxford Big Shirt', 6, 'active', '2025-01-01 00:00:00', '2025-01-01 00:00:00', 1, 1);
INSERT INTO product_image (id, image_url, display_order, is_primary, product_id, created_date, updated_date) VALUES (809, 'https://www1.assets-gap.com/webcontent/0060/020/259/cn60020259.jpg?q=h&w=1152', 0, 1, 133, '2025-01-01 00:00:00', '2025-01-01 00:00:00');
INSERT INTO product_image (id, image_url, display_order, is_primary, product_id, created_date, updated_date) VALUES (810, 'https://www.gap.com/webcontent/0060/020/236/cn60020236.jpg', 1, 0, 133, '2025-01-01 00:00:00', '2025-01-01 00:00:00');
INSERT INTO product_image (id, image_url, display_order, is_primary, product_id, created_date, updated_date) VALUES (811, 'https://www.gap.com/webcontent/0060/014/488/cn60014488.jpg', 2, 0, 133, '2025-01-01 00:00:00', '2025-01-01 00:00:00');
INSERT INTO product_image (id, image_url, display_order, is_primary, product_id, created_date, updated_date) VALUES (812, 'https://www.gap.com/webcontent/0060/014/497/cn60014497.jpg', 3, 0, 133, '2025-01-01 00:00:00', '2025-01-01 00:00:00');
INSERT INTO product_image (id, image_url, display_order, is_primary, product_id, created_date, updated_date) VALUES (813, 'https://www.gap.com/webcontent/0059/775/341/cn59775341.jpg', 4, 0, 133, '2025-01-01 00:00:00', '2025-01-01 00:00:00');
INSERT INTO product_image (id, image_url, display_order, is_primary, product_id, created_date, updated_date) VALUES (814, 'https://www.gap.com/webcontent/0060/014/503/cn60014503.jpg', 5, 0, 133, '2025-01-01 00:00:00', '2025-01-01 00:00:00');
INSERT INTO product_image (id, image_url, display_order, is_primary, product_id, created_date, updated_date) VALUES (815, 'https://www.gap.com/webcontent/0060/803/298/cn60803298.jpg', 6, 0, 133, '2025-01-01 00:00:00', '2025-01-01 00:00:00');
INSERT INTO prices (id, base_price, sale_price, status, created_date, updated_date) VALUES (1706, 69.95, 69.95, 'active', '2025-01-01 00:00:00', '2025-01-01 00:00:00');
INSERT INTO product_variants (id, product_id, color_id, size_id, price_id, material_id, season_id, status, created_date, updated_date) VALUES (1706, 133, 1, 3, 1706, 5, 3, 'active', '2025-01-01 00:00:00', '2025-01-01 00:00:00');
INSERT INTO prices (id, base_price, sale_price, status, created_date, updated_date) VALUES (1707, 69.95, 69.95, 'active', '2025-01-01 00:00:00', '2025-01-01 00:00:00');
INSERT INTO product_variants (id, product_id, color_id, size_id, price_id, material_id, season_id, status, created_date, updated_date) VALUES (1707, 133, 3, 5, 1707, 3, 4, 'active', '2025-01-01 00:00:00', '2025-01-01 00:00:00');
INSERT INTO prices (id, base_price, sale_price, status, created_date, updated_date) VALUES (1708, 69.95, 69.95, 'active', '2025-01-01 00:00:00', '2025-01-01 00:00:00');
INSERT INTO product_variants (id, product_id, color_id, size_id, price_id, material_id, season_id, status, created_date, updated_date) VALUES (1708, 133, 3, 10, 1708, 4, 4, 'active', '2025-01-01 00:00:00', '2025-01-01 00:00:00');
INSERT INTO prices (id, base_price, sale_price, status, created_date, updated_date) VALUES (1709, 69.95, 69.95, 'active', '2025-01-01 00:00:00', '2025-01-01 00:00:00');
INSERT INTO product_variants (id, product_id, color_id, size_id, price_id, material_id, season_id, status, created_date, updated_date) VALUES (1709, 133, 1, 3, 1709, 3, 4, 'active', '2025-01-01 00:00:00', '2025-01-01 00:00:00');
INSERT INTO prices (id, base_price, sale_price, status, created_date, updated_date) VALUES (1710, 69.95, 69.95, 'active', '2025-01-01 00:00:00', '2025-01-01 00:00:00');
INSERT INTO product_variants (id, product_id, color_id, size_id, price_id, material_id, season_id, status, created_date, updated_date) VALUES (1710, 133, 1, 9, 1710, 4, 3, 'active', '2025-01-01 00:00:00', '2025-01-01 00:00:00');
INSERT INTO prices (id, base_price, sale_price, status, created_date, updated_date) VALUES (1711, 69.95, 69.95, 'active', '2025-01-01 00:00:00', '2025-01-01 00:00:00');
INSERT INTO product_variants (id, product_id, color_id, size_id, price_id, material_id, season_id, status, created_date, updated_date) VALUES (1711, 133, 12, 3, 1711, 7, 4, 'active', '2025-01-01 00:00:00', '2025-01-01 00:00:00');
INSERT INTO prices (id, base_price, sale_price, status, created_date, updated_date) VALUES (1712, 69.95, 69.95, 'active', '2025-01-01 00:00:00', '2025-01-01 00:00:00');
INSERT INTO product_variants (id, product_id, color_id, size_id, price_id, material_id, season_id, status, created_date, updated_date) VALUES (1712, 133, 12, 6, 1712, 4, 3, 'active', '2025-01-01 00:00:00', '2025-01-01 00:00:00');
INSERT INTO prices (id, base_price, sale_price, status, created_date, updated_date) VALUES (1713, 69.95, 69.95, 'active', '2025-01-01 00:00:00', '2025-01-01 00:00:00');
INSERT INTO product_variants (id, product_id, color_id, size_id, price_id, material_id, season_id, status, created_date, updated_date) VALUES (1713, 133, 1, 10, 1713, 2, 2, 'active', '2025-01-01 00:00:00', '2025-01-01 00:00:00');
INSERT INTO prices (id, base_price, sale_price, status, created_date, updated_date) VALUES (1714, 69.95, 69.95, 'active', '2025-01-01 00:00:00', '2025-01-01 00:00:00');
INSERT INTO product_variants (id, product_id, color_id, size_id, price_id, material_id, season_id, status, created_date, updated_date) VALUES (1714, 133, 1, 9, 1714, 5, 1, 'active', '2025-01-01 00:00:00', '2025-01-01 00:00:00');
INSERT INTO prices (id, base_price, sale_price, status, created_date, updated_date) VALUES (1715, 69.95, 69.95, 'active', '2025-01-01 00:00:00', '2025-01-01 00:00:00');
INSERT INTO product_variants (id, product_id, color_id, size_id, price_id, material_id, season_id, status, created_date, updated_date) VALUES (1715, 133, 1, 10, 1715, 4, 3, 'active', '2025-01-01 00:00:00', '2025-01-01 00:00:00');
INSERT INTO prices (id, base_price, sale_price, status, created_date, updated_date) VALUES (1716, 69.95, 69.95, 'active', '2025-01-01 00:00:00', '2025-01-01 00:00:00');
INSERT INTO product_variants (id, product_id, color_id, size_id, price_id, material_id, season_id, status, created_date, updated_date) VALUES (1716, 133, 1, 1, 1716, 7, 1, 'active', '2025-01-01 00:00:00', '2025-01-01 00:00:00');
INSERT INTO prices (id, base_price, sale_price, status, created_date, updated_date) VALUES (1717, 69.95, 69.95, 'active', '2025-01-01 00:00:00', '2025-01-01 00:00:00');
INSERT INTO product_variants (id, product_id, color_id, size_id, price_id, material_id, season_id, status, created_date, updated_date) VALUES (1717, 133, 2, 1, 1717, 2, 1, 'active', '2025-01-01 00:00:00', '2025-01-01 00:00:00');
INSERT INTO prices (id, base_price, sale_price, status, created_date, updated_date) VALUES (1718, 69.95, 69.95, 'active', '2025-01-01 00:00:00', '2025-01-01 00:00:00');
INSERT INTO product_variants (id, product_id, color_id, size_id, price_id, material_id, season_id, status, created_date, updated_date) VALUES (1718, 133, 2, 8, 1718, 7, 2, 'active', '2025-01-01 00:00:00', '2025-01-01 00:00:00');
INSERT INTO prices (id, base_price, sale_price, status, created_date, updated_date) VALUES (1719, 69.95, 69.95, 'active', '2025-01-01 00:00:00', '2025-01-01 00:00:00');
INSERT INTO product_variants (id, product_id, color_id, size_id, price_id, material_id, season_id, status, created_date, updated_date) VALUES (1719, 133, 3, 7, 1719, 2, 4, 'active', '2025-01-01 00:00:00', '2025-01-01 00:00:00');
INSERT INTO prices (id, base_price, sale_price, status, created_date, updated_date) VALUES (1720, 69.95, 69.95, 'active', '2025-01-01 00:00:00', '2025-01-01 00:00:00');
INSERT INTO product_variants (id, product_id, color_id, size_id, price_id, material_id, season_id, status, created_date, updated_date) VALUES (1720, 133, 3, 10, 1720, 4, 2, 'active', '2025-01-01 00:00:00', '2025-01-01 00:00:00');
INSERT INTO product (id, name, description, category_id, status, created_date, updated_date, created_by, updated_by) VALUES (134, 'Denim Fitted Crop Shirt', 'Description for Denim Fitted Crop Shirt', 6, 'active', '2025-01-01 00:00:00', '2025-01-01 00:00:00', 1, 1);
INSERT INTO product_image (id, image_url, display_order, is_primary, product_id, created_date, updated_date) VALUES (816, 'https://www1.assets-gap.com/webcontent/0059/772/334/cn59772334.jpg?q=h&w=1152', 0, 1, 134, '2025-01-01 00:00:00', '2025-01-01 00:00:00');
INSERT INTO product_image (id, image_url, display_order, is_primary, product_id, created_date, updated_date) VALUES (817, 'https://www.gap.com/webcontent/0059/772/280/cn59772280.jpg', 1, 0, 134, '2025-01-01 00:00:00', '2025-01-01 00:00:00');
INSERT INTO product_image (id, image_url, display_order, is_primary, product_id, created_date, updated_date) VALUES (818, 'https://www.gap.com/webcontent/0059/772/283/cn59772283.jpg', 2, 0, 134, '2025-01-01 00:00:00', '2025-01-01 00:00:00');
INSERT INTO product_image (id, image_url, display_order, is_primary, product_id, created_date, updated_date) VALUES (819, 'https://www.gap.com/webcontent/0059/772/297/cn59772297.jpg', 3, 0, 134, '2025-01-01 00:00:00', '2025-01-01 00:00:00');
INSERT INTO product_image (id, image_url, display_order, is_primary, product_id, created_date, updated_date) VALUES (820, 'https://www.gap.com/webcontent/0059/784/217/cn59784217.jpg', 4, 0, 134, '2025-01-01 00:00:00', '2025-01-01 00:00:00');
INSERT INTO product_image (id, image_url, display_order, is_primary, product_id, created_date, updated_date) VALUES (821, 'https://www.gap.com/webcontent/0060/803/340/cn60803340.jpg', 5, 0, 134, '2025-01-01 00:00:00', '2025-01-01 00:00:00');
INSERT INTO prices (id, base_price, sale_price, status, created_date, updated_date) VALUES (1721, 69.95, 41, 'active', '2025-01-01 00:00:00', '2025-01-01 00:00:00');
INSERT INTO product_variants (id, product_id, color_id, size_id, price_id, material_id, season_id, status, created_date, updated_date) VALUES (1721, 134, 1, 5, 1721, 3, 4, 'active', '2025-01-01 00:00:00', '2025-01-01 00:00:00');
INSERT INTO prices (id, base_price, sale_price, status, created_date, updated_date) VALUES (1722, 69.95, 41, 'active', '2025-01-01 00:00:00', '2025-01-01 00:00:00');
INSERT INTO product_variants (id, product_id, color_id, size_id, price_id, material_id, season_id, status, created_date, updated_date) VALUES (1722, 134, 1, 4, 1722, 2, 1, 'active', '2025-01-01 00:00:00', '2025-01-01 00:00:00');
INSERT INTO prices (id, base_price, sale_price, status, created_date, updated_date) VALUES (1723, 69.95, 41, 'active', '2025-01-01 00:00:00', '2025-01-01 00:00:00');
INSERT INTO product_variants (id, product_id, color_id, size_id, price_id, material_id, season_id, status, created_date, updated_date) VALUES (1723, 134, 1, 2, 1723, 6, 2, 'active', '2025-01-01 00:00:00', '2025-01-01 00:00:00');
INSERT INTO prices (id, base_price, sale_price, status, created_date, updated_date) VALUES (1724, 69.95, 41, 'active', '2025-01-01 00:00:00', '2025-01-01 00:00:00');
INSERT INTO product_variants (id, product_id, color_id, size_id, price_id, material_id, season_id, status, created_date, updated_date) VALUES (1724, 134, 1, 3, 1724, 4, 3, 'active', '2025-01-01 00:00:00', '2025-01-01 00:00:00');
INSERT INTO prices (id, base_price, sale_price, status, created_date, updated_date) VALUES (1725, 69.95, 41, 'active', '2025-01-01 00:00:00', '2025-01-01 00:00:00');
INSERT INTO product_variants (id, product_id, color_id, size_id, price_id, material_id, season_id, status, created_date, updated_date) VALUES (1725, 134, 5, 2, 1725, 1, 4, 'active', '2025-01-01 00:00:00', '2025-01-01 00:00:00');
INSERT INTO prices (id, base_price, sale_price, status, created_date, updated_date) VALUES (1726, 69.95, 41, 'active', '2025-01-01 00:00:00', '2025-01-01 00:00:00');
INSERT INTO product_variants (id, product_id, color_id, size_id, price_id, material_id, season_id, status, created_date, updated_date) VALUES (1726, 134, 5, 4, 1726, 1, 1, 'active', '2025-01-01 00:00:00', '2025-01-01 00:00:00');
INSERT INTO prices (id, base_price, sale_price, status, created_date, updated_date) VALUES (1727, 69.95, 41, 'active', '2025-01-01 00:00:00', '2025-01-01 00:00:00');
INSERT INTO product_variants (id, product_id, color_id, size_id, price_id, material_id, season_id, status, created_date, updated_date) VALUES (1727, 134, 1, 2, 1727, 6, 3, 'active', '2025-01-01 00:00:00', '2025-01-01 00:00:00');
INSERT INTO prices (id, base_price, sale_price, status, created_date, updated_date) VALUES (1728, 69.95, 41, 'active', '2025-01-01 00:00:00', '2025-01-01 00:00:00');
INSERT INTO product_variants (id, product_id, color_id, size_id, price_id, material_id, season_id, status, created_date, updated_date) VALUES (1728, 134, 1, 1, 1728, 6, 2, 'active', '2025-01-01 00:00:00', '2025-01-01 00:00:00');
INSERT INTO prices (id, base_price, sale_price, status, created_date, updated_date) VALUES (1729, 69.95, 41, 'active', '2025-01-01 00:00:00', '2025-01-01 00:00:00');
INSERT INTO product_variants (id, product_id, color_id, size_id, price_id, material_id, season_id, status, created_date, updated_date) VALUES (1729, 134, 1, 7, 1729, 4, 3, 'active', '2025-01-01 00:00:00', '2025-01-01 00:00:00');
INSERT INTO prices (id, base_price, sale_price, status, created_date, updated_date) VALUES (1730, 69.95, 41, 'active', '2025-01-01 00:00:00', '2025-01-01 00:00:00');
INSERT INTO product_variants (id, product_id, color_id, size_id, price_id, material_id, season_id, status, created_date, updated_date) VALUES (1730, 134, 1, 10, 1730, 7, 2, 'active', '2025-01-01 00:00:00', '2025-01-01 00:00:00');
INSERT INTO prices (id, base_price, sale_price, status, created_date, updated_date) VALUES (1731, 69.95, 41, 'active', '2025-01-01 00:00:00', '2025-01-01 00:00:00');
INSERT INTO product_variants (id, product_id, color_id, size_id, price_id, material_id, season_id, status, created_date, updated_date) VALUES (1731, 134, 1, 2, 1731, 7, 4, 'active', '2025-01-01 00:00:00', '2025-01-01 00:00:00');
INSERT INTO prices (id, base_price, sale_price, status, created_date, updated_date) VALUES (1732, 69.95, 41, 'active', '2025-01-01 00:00:00', '2025-01-01 00:00:00');
INSERT INTO product_variants (id, product_id, color_id, size_id, price_id, material_id, season_id, status, created_date, updated_date) VALUES (1732, 134, 6, 4, 1732, 2, 4, 'active', '2025-01-01 00:00:00', '2025-01-01 00:00:00');
INSERT INTO prices (id, base_price, sale_price, status, created_date, updated_date) VALUES (1733, 69.95, 41, 'active', '2025-01-01 00:00:00', '2025-01-01 00:00:00');
INSERT INTO product_variants (id, product_id, color_id, size_id, price_id, material_id, season_id, status, created_date, updated_date) VALUES (1733, 134, 6, 1, 1733, 6, 4, 'active', '2025-01-01 00:00:00', '2025-01-01 00:00:00');
INSERT INTO prices (id, base_price, sale_price, status, created_date, updated_date) VALUES (1734, 69.95, 41, 'active', '2025-01-01 00:00:00', '2025-01-01 00:00:00');
INSERT INTO product_variants (id, product_id, color_id, size_id, price_id, material_id, season_id, status, created_date, updated_date) VALUES (1734, 134, 1, 1, 1734, 5, 4, 'active', '2025-01-01 00:00:00', '2025-01-01 00:00:00');
INSERT INTO prices (id, base_price, sale_price, status, created_date, updated_date) VALUES (1735, 69.95, 41, 'active', '2025-01-01 00:00:00', '2025-01-01 00:00:00');
INSERT INTO product_variants (id, product_id, color_id, size_id, price_id, material_id, season_id, status, created_date, updated_date) VALUES (1735, 134, 1, 5, 1735, 6, 3, 'active', '2025-01-01 00:00:00', '2025-01-01 00:00:00');
INSERT INTO prices (id, base_price, sale_price, status, created_date, updated_date) VALUES (1736, 69.95, 41, 'active', '2025-01-01 00:00:00', '2025-01-01 00:00:00');
INSERT INTO product_variants (id, product_id, color_id, size_id, price_id, material_id, season_id, status, created_date, updated_date) VALUES (1736, 134, 1, 2, 1736, 1, 3, 'active', '2025-01-01 00:00:00', '2025-01-01 00:00:00');
INSERT INTO prices (id, base_price, sale_price, status, created_date, updated_date) VALUES (1737, 69.95, 41, 'active', '2025-01-01 00:00:00', '2025-01-01 00:00:00');
INSERT INTO product_variants (id, product_id, color_id, size_id, price_id, material_id, season_id, status, created_date, updated_date) VALUES (1737, 134, 2, 1, 1737, 6, 4, 'active', '2025-01-01 00:00:00', '2025-01-01 00:00:00');
INSERT INTO prices (id, base_price, sale_price, status, created_date, updated_date) VALUES (1738, 69.95, 41, 'active', '2025-01-01 00:00:00', '2025-01-01 00:00:00');
INSERT INTO product_variants (id, product_id, color_id, size_id, price_id, material_id, season_id, status, created_date, updated_date) VALUES (1738, 134, 2, 2, 1738, 6, 2, 'active', '2025-01-01 00:00:00', '2025-01-01 00:00:00');
INSERT INTO product (id, name, description, category_id, status, created_date, updated_date, created_by, updated_by) VALUES (135, 'Classic T-Shirt', 'Description for Classic T-Shirt', 6, 'active', '2025-01-01 00:00:00', '2025-01-01 00:00:00', 1, 1);
INSERT INTO product_image (id, image_url, display_order, is_primary, product_id, created_date, updated_date) VALUES (822, 'https://www1.assets-gap.com/webcontent/0020/344/733/cn20344733.jpg?q=h&w=1152', 0, 1, 135, '2025-01-01 00:00:00', '2025-01-01 00:00:00');
INSERT INTO product_image (id, image_url, display_order, is_primary, product_id, created_date, updated_date) VALUES (823, 'https://www.gap.com/webcontent/0055/691/994/cn55691994.jpg', 1, 0, 135, '2025-01-01 00:00:00', '2025-01-01 00:00:00');
INSERT INTO product_image (id, image_url, display_order, is_primary, product_id, created_date, updated_date) VALUES (824, 'https://www.gap.com/webcontent/0055/691/933/cn55691933.jpg', 2, 0, 135, '2025-01-01 00:00:00', '2025-01-01 00:00:00');
INSERT INTO product_image (id, image_url, display_order, is_primary, product_id, created_date, updated_date) VALUES (825, 'https://www.gap.com/webcontent/0055/691/979/cn55691979.jpg', 3, 0, 135, '2025-01-01 00:00:00', '2025-01-01 00:00:00');
INSERT INTO product_image (id, image_url, display_order, is_primary, product_id, created_date, updated_date) VALUES (826, 'https://www.gap.com/webcontent/0055/632/554/cn55632554.jpg', 4, 0, 135, '2025-01-01 00:00:00', '2025-01-01 00:00:00');
INSERT INTO product_image (id, image_url, display_order, is_primary, product_id, created_date, updated_date) VALUES (827, 'https://www.gap.com/webcontent/0055/722/163/cn55722163.jpg', 5, 0, 135, '2025-01-01 00:00:00', '2025-01-01 00:00:00');
INSERT INTO prices (id, base_price, sale_price, status, created_date, updated_date) VALUES (1739, 19.95, 13, 'active', '2025-01-01 00:00:00', '2025-01-01 00:00:00');
INSERT INTO product_variants (id, product_id, color_id, size_id, price_id, material_id, season_id, status, created_date, updated_date) VALUES (1739, 135, 1, 6, 1739, 6, 3, 'active', '2025-01-01 00:00:00', '2025-01-01 00:00:00');
INSERT INTO prices (id, base_price, sale_price, status, created_date, updated_date) VALUES (1740, 19.95, 13, 'active', '2025-01-01 00:00:00', '2025-01-01 00:00:00');
INSERT INTO product_variants (id, product_id, color_id, size_id, price_id, material_id, season_id, status, created_date, updated_date) VALUES (1740, 135, 1, 5, 1740, 2, 3, 'active', '2025-01-01 00:00:00', '2025-01-01 00:00:00');
INSERT INTO prices (id, base_price, sale_price, status, created_date, updated_date) VALUES (1741, 19.95, 13, 'active', '2025-01-01 00:00:00', '2025-01-01 00:00:00');
INSERT INTO product_variants (id, product_id, color_id, size_id, price_id, material_id, season_id, status, created_date, updated_date) VALUES (1741, 135, 3, 10, 1741, 5, 4, 'active', '2025-01-01 00:00:00', '2025-01-01 00:00:00');
INSERT INTO prices (id, base_price, sale_price, status, created_date, updated_date) VALUES (1742, 19.95, 13, 'active', '2025-01-01 00:00:00', '2025-01-01 00:00:00');
INSERT INTO product_variants (id, product_id, color_id, size_id, price_id, material_id, season_id, status, created_date, updated_date) VALUES (1742, 135, 3, 5, 1742, 6, 2, 'active', '2025-01-01 00:00:00', '2025-01-01 00:00:00');
INSERT INTO prices (id, base_price, sale_price, status, created_date, updated_date) VALUES (1743, 19.95, 13, 'active', '2025-01-01 00:00:00', '2025-01-01 00:00:00');
INSERT INTO product_variants (id, product_id, color_id, size_id, price_id, material_id, season_id, status, created_date, updated_date) VALUES (1743, 135, 2, 10, 1743, 2, 1, 'active', '2025-01-01 00:00:00', '2025-01-01 00:00:00');
INSERT INTO prices (id, base_price, sale_price, status, created_date, updated_date) VALUES (1744, 19.95, 13, 'active', '2025-01-01 00:00:00', '2025-01-01 00:00:00');
INSERT INTO product_variants (id, product_id, color_id, size_id, price_id, material_id, season_id, status, created_date, updated_date) VALUES (1744, 135, 9, 8, 1744, 7, 3, 'active', '2025-01-01 00:00:00', '2025-01-01 00:00:00');
INSERT INTO prices (id, base_price, sale_price, status, created_date, updated_date) VALUES (1745, 19.95, 13, 'active', '2025-01-01 00:00:00', '2025-01-01 00:00:00');
INSERT INTO product_variants (id, product_id, color_id, size_id, price_id, material_id, season_id, status, created_date, updated_date) VALUES (1745, 135, 9, 10, 1745, 1, 4, 'active', '2025-01-01 00:00:00', '2025-01-01 00:00:00');
INSERT INTO product (id, name, description, category_id, status, created_date, updated_date, created_by, updated_by) VALUES (136, 'Modern Crewneck T-Shirt', 'Description for Modern Crewneck T-Shirt', 6, 'active', '2025-01-01 00:00:00', '2025-01-01 00:00:00', 1, 1);
INSERT INTO product_image (id, image_url, display_order, is_primary, product_id, created_date, updated_date) VALUES (828, 'https://www1.assets-gap.com/webcontent/0059/986/345/cn59986345.jpg?q=h&w=1152', 0, 1, 136, '2025-01-01 00:00:00', '2025-01-01 00:00:00');
INSERT INTO product_image (id, image_url, display_order, is_primary, product_id, created_date, updated_date) VALUES (829, 'https://www.gap.com/webcontent/0059/986/314/cn59986314.jpg', 1, 0, 136, '2025-01-01 00:00:00', '2025-01-01 00:00:00');
INSERT INTO product_image (id, image_url, display_order, is_primary, product_id, created_date, updated_date) VALUES (830, 'https://www.gap.com/webcontent/0059/985/564/cn59985564.jpg', 2, 0, 136, '2025-01-01 00:00:00', '2025-01-01 00:00:00');
INSERT INTO product_image (id, image_url, display_order, is_primary, product_id, created_date, updated_date) VALUES (831, 'https://www.gap.com/webcontent/0059/985/538/cn59985538.jpg', 3, 0, 136, '2025-01-01 00:00:00', '2025-01-01 00:00:00');
INSERT INTO product_image (id, image_url, display_order, is_primary, product_id, created_date, updated_date) VALUES (832, 'https://www.gap.com/webcontent/0059/985/579/cn59985579.jpg', 4, 0, 136, '2025-01-01 00:00:00', '2025-01-01 00:00:00');
INSERT INTO prices (id, base_price, sale_price, status, created_date, updated_date) VALUES (1746, 39.95, 31, 'active', '2025-01-01 00:00:00', '2025-01-01 00:00:00');
INSERT INTO product_variants (id, product_id, color_id, size_id, price_id, material_id, season_id, status, created_date, updated_date) VALUES (1746, 136, 6, 4, 1746, 7, 3, 'active', '2025-01-01 00:00:00', '2025-01-01 00:00:00');
INSERT INTO prices (id, base_price, sale_price, status, created_date, updated_date) VALUES (1747, 39.95, 31, 'active', '2025-01-01 00:00:00', '2025-01-01 00:00:00');
INSERT INTO product_variants (id, product_id, color_id, size_id, price_id, material_id, season_id, status, created_date, updated_date) VALUES (1747, 136, 6, 5, 1747, 1, 4, 'active', '2025-01-01 00:00:00', '2025-01-01 00:00:00');
INSERT INTO prices (id, base_price, sale_price, status, created_date, updated_date) VALUES (1748, 39.95, 31, 'active', '2025-01-01 00:00:00', '2025-01-01 00:00:00');
INSERT INTO product_variants (id, product_id, color_id, size_id, price_id, material_id, season_id, status, created_date, updated_date) VALUES (1748, 136, 6, 8, 1748, 4, 3, 'active', '2025-01-01 00:00:00', '2025-01-01 00:00:00');
INSERT INTO prices (id, base_price, sale_price, status, created_date, updated_date) VALUES (1749, 39.95, 31, 'active', '2025-01-01 00:00:00', '2025-01-01 00:00:00');
INSERT INTO product_variants (id, product_id, color_id, size_id, price_id, material_id, season_id, status, created_date, updated_date) VALUES (1749, 136, 4, 4, 1749, 2, 2, 'active', '2025-01-01 00:00:00', '2025-01-01 00:00:00');
INSERT INTO prices (id, base_price, sale_price, status, created_date, updated_date) VALUES (1750, 39.95, 31, 'active', '2025-01-01 00:00:00', '2025-01-01 00:00:00');
INSERT INTO product_variants (id, product_id, color_id, size_id, price_id, material_id, season_id, status, created_date, updated_date) VALUES (1750, 136, 4, 2, 1750, 6, 1, 'active', '2025-01-01 00:00:00', '2025-01-01 00:00:00');
INSERT INTO prices (id, base_price, sale_price, status, created_date, updated_date) VALUES (1751, 39.95, 31, 'active', '2025-01-01 00:00:00', '2025-01-01 00:00:00');
INSERT INTO product_variants (id, product_id, color_id, size_id, price_id, material_id, season_id, status, created_date, updated_date) VALUES (1751, 136, 13, 10, 1751, 5, 2, 'active', '2025-01-01 00:00:00', '2025-01-01 00:00:00');
INSERT INTO prices (id, base_price, sale_price, status, created_date, updated_date) VALUES (1752, 39.95, 31, 'active', '2025-01-01 00:00:00', '2025-01-01 00:00:00');
INSERT INTO product_variants (id, product_id, color_id, size_id, price_id, material_id, season_id, status, created_date, updated_date) VALUES (1752, 136, 13, 1, 1752, 7, 3, 'active', '2025-01-01 00:00:00', '2025-01-01 00:00:00');
INSERT INTO prices (id, base_price, sale_price, status, created_date, updated_date) VALUES (1753, 39.95, 31, 'active', '2025-01-01 00:00:00', '2025-01-01 00:00:00');
INSERT INTO product_variants (id, product_id, color_id, size_id, price_id, material_id, season_id, status, created_date, updated_date) VALUES (1753, 136, 6, 2, 1753, 6, 3, 'active', '2025-01-01 00:00:00', '2025-01-01 00:00:00');
INSERT INTO prices (id, base_price, sale_price, status, created_date, updated_date) VALUES (1754, 39.95, 31, 'active', '2025-01-01 00:00:00', '2025-01-01 00:00:00');
INSERT INTO product_variants (id, product_id, color_id, size_id, price_id, material_id, season_id, status, created_date, updated_date) VALUES (1754, 136, 6, 7, 1754, 7, 3, 'active', '2025-01-01 00:00:00', '2025-01-01 00:00:00');
INSERT INTO prices (id, base_price, sale_price, status, created_date, updated_date) VALUES (1755, 39.95, 31, 'active', '2025-01-01 00:00:00', '2025-01-01 00:00:00');
INSERT INTO product_variants (id, product_id, color_id, size_id, price_id, material_id, season_id, status, created_date, updated_date) VALUES (1755, 136, 9, 5, 1755, 5, 3, 'active', '2025-01-01 00:00:00', '2025-01-01 00:00:00');
INSERT INTO prices (id, base_price, sale_price, status, created_date, updated_date) VALUES (1756, 39.95, 31, 'active', '2025-01-01 00:00:00', '2025-01-01 00:00:00');
INSERT INTO product_variants (id, product_id, color_id, size_id, price_id, material_id, season_id, status, created_date, updated_date) VALUES (1756, 136, 9, 8, 1756, 4, 1, 'active', '2025-01-01 00:00:00', '2025-01-01 00:00:00');
INSERT INTO prices (id, base_price, sale_price, status, created_date, updated_date) VALUES (1757, 39.95, 31, 'active', '2025-01-01 00:00:00', '2025-01-01 00:00:00');
INSERT INTO product_variants (id, product_id, color_id, size_id, price_id, material_id, season_id, status, created_date, updated_date) VALUES (1757, 136, 1, 3, 1757, 4, 4, 'active', '2025-01-01 00:00:00', '2025-01-01 00:00:00');
INSERT INTO prices (id, base_price, sale_price, status, created_date, updated_date) VALUES (1758, 39.95, 31, 'active', '2025-01-01 00:00:00', '2025-01-01 00:00:00');
INSERT INTO product_variants (id, product_id, color_id, size_id, price_id, material_id, season_id, status, created_date, updated_date) VALUES (1758, 136, 1, 6, 1758, 6, 1, 'active', '2025-01-01 00:00:00', '2025-01-01 00:00:00');
INSERT INTO prices (id, base_price, sale_price, status, created_date, updated_date) VALUES (1759, 39.95, 31, 'active', '2025-01-01 00:00:00', '2025-01-01 00:00:00');
INSERT INTO product_variants (id, product_id, color_id, size_id, price_id, material_id, season_id, status, created_date, updated_date) VALUES (1759, 136, 1, 5, 1759, 3, 2, 'active', '2025-01-01 00:00:00', '2025-01-01 00:00:00');
INSERT INTO prices (id, base_price, sale_price, status, created_date, updated_date) VALUES (1760, 39.95, 31, 'active', '2025-01-01 00:00:00', '2025-01-01 00:00:00');
INSERT INTO product_variants (id, product_id, color_id, size_id, price_id, material_id, season_id, status, created_date, updated_date) VALUES (1760, 136, 2, 2, 1760, 6, 3, 'active', '2025-01-01 00:00:00', '2025-01-01 00:00:00');
INSERT INTO prices (id, base_price, sale_price, status, created_date, updated_date) VALUES (1761, 39.95, 31, 'active', '2025-01-01 00:00:00', '2025-01-01 00:00:00');
INSERT INTO product_variants (id, product_id, color_id, size_id, price_id, material_id, season_id, status, created_date, updated_date) VALUES (1761, 136, 2, 1, 1761, 6, 4, 'active', '2025-01-01 00:00:00', '2025-01-01 00:00:00');
INSERT INTO prices (id, base_price, sale_price, status, created_date, updated_date) VALUES (1762, 39.95, 31, 'active', '2025-01-01 00:00:00', '2025-01-01 00:00:00');
INSERT INTO product_variants (id, product_id, color_id, size_id, price_id, material_id, season_id, status, created_date, updated_date) VALUES (1762, 136, 2, 7, 1762, 6, 1, 'active', '2025-01-01 00:00:00', '2025-01-01 00:00:00');
INSERT INTO prices (id, base_price, sale_price, status, created_date, updated_date) VALUES (1763, 39.95, 31, 'active', '2025-01-01 00:00:00', '2025-01-01 00:00:00');
INSERT INTO product_variants (id, product_id, color_id, size_id, price_id, material_id, season_id, status, created_date, updated_date) VALUES (1763, 136, 3, 7, 1763, 4, 1, 'active', '2025-01-01 00:00:00', '2025-01-01 00:00:00');
INSERT INTO prices (id, base_price, sale_price, status, created_date, updated_date) VALUES (1764, 39.95, 31, 'active', '2025-01-01 00:00:00', '2025-01-01 00:00:00');
INSERT INTO product_variants (id, product_id, color_id, size_id, price_id, material_id, season_id, status, created_date, updated_date) VALUES (1764, 136, 3, 6, 1764, 4, 2, 'active', '2025-01-01 00:00:00', '2025-01-01 00:00:00');
INSERT INTO product (id, name, description, category_id, status, created_date, updated_date, created_by, updated_by) VALUES (137, 'Organic Cotton T-Shirt', 'Description for Organic Cotton T-Shirt', 6, 'active', '2025-01-01 00:00:00', '2025-01-01 00:00:00', 1, 1);
INSERT INTO product_image (id, image_url, display_order, is_primary, product_id, created_date, updated_date) VALUES (833, 'https://www1.assets-gap.com/webcontent/0060/843/373/cn60843373.jpg?q=h&w=1152', 0, 1, 137, '2025-01-01 00:00:00', '2025-01-01 00:00:00');
INSERT INTO product_image (id, image_url, display_order, is_primary, product_id, created_date, updated_date) VALUES (834, 'https://www.gap.com/webcontent/0060/843/364/cn60843364.jpg', 1, 0, 137, '2025-01-01 00:00:00', '2025-01-01 00:00:00');
INSERT INTO product_image (id, image_url, display_order, is_primary, product_id, created_date, updated_date) VALUES (835, 'https://www.gap.com/webcontent/0060/843/365/cn60843365.jpg', 2, 0, 137, '2025-01-01 00:00:00', '2025-01-01 00:00:00');
INSERT INTO product_image (id, image_url, display_order, is_primary, product_id, created_date, updated_date) VALUES (836, 'https://www.gap.com/webcontent/0060/843/405/cn60843405.jpg', 3, 0, 137, '2025-01-01 00:00:00', '2025-01-01 00:00:00');
INSERT INTO prices (id, base_price, sale_price, status, created_date, updated_date) VALUES (1765, 34.95, 17, 'active', '2025-01-01 00:00:00', '2025-01-01 00:00:00');
INSERT INTO product_variants (id, product_id, color_id, size_id, price_id, material_id, season_id, status, created_date, updated_date) VALUES (1765, 137, 14, 7, 1765, 2, 2, 'active', '2025-01-01 00:00:00', '2025-01-01 00:00:00');
INSERT INTO prices (id, base_price, sale_price, status, created_date, updated_date) VALUES (1766, 34.95, 17, 'active', '2025-01-01 00:00:00', '2025-01-01 00:00:00');
INSERT INTO product_variants (id, product_id, color_id, size_id, price_id, material_id, season_id, status, created_date, updated_date) VALUES (1766, 137, 14, 6, 1766, 3, 2, 'active', '2025-01-01 00:00:00', '2025-01-01 00:00:00');
INSERT INTO prices (id, base_price, sale_price, status, created_date, updated_date) VALUES (1767, 34.95, 17, 'active', '2025-01-01 00:00:00', '2025-01-01 00:00:00');
INSERT INTO product_variants (id, product_id, color_id, size_id, price_id, material_id, season_id, status, created_date, updated_date) VALUES (1767, 137, 18, 3, 1767, 2, 2, 'active', '2025-01-01 00:00:00', '2025-01-01 00:00:00');
INSERT INTO prices (id, base_price, sale_price, status, created_date, updated_date) VALUES (1768, 34.95, 17, 'active', '2025-01-01 00:00:00', '2025-01-01 00:00:00');
INSERT INTO product_variants (id, product_id, color_id, size_id, price_id, material_id, season_id, status, created_date, updated_date) VALUES (1768, 137, 10, 6, 1768, 6, 4, 'active', '2025-01-01 00:00:00', '2025-01-01 00:00:00');
INSERT INTO prices (id, base_price, sale_price, status, created_date, updated_date) VALUES (1769, 34.95, 17, 'active', '2025-01-01 00:00:00', '2025-01-01 00:00:00');
INSERT INTO product_variants (id, product_id, color_id, size_id, price_id, material_id, season_id, status, created_date, updated_date) VALUES (1769, 137, 10, 8, 1769, 5, 4, 'active', '2025-01-01 00:00:00', '2025-01-01 00:00:00');
INSERT INTO prices (id, base_price, sale_price, status, created_date, updated_date) VALUES (1770, 34.95, 17, 'active', '2025-01-01 00:00:00', '2025-01-01 00:00:00');
INSERT INTO product_variants (id, product_id, color_id, size_id, price_id, material_id, season_id, status, created_date, updated_date) VALUES (1770, 137, 2, 5, 1770, 6, 3, 'active', '2025-01-01 00:00:00', '2025-01-01 00:00:00');
INSERT INTO prices (id, base_price, sale_price, status, created_date, updated_date) VALUES (1771, 34.95, 17, 'active', '2025-01-01 00:00:00', '2025-01-01 00:00:00');
INSERT INTO product_variants (id, product_id, color_id, size_id, price_id, material_id, season_id, status, created_date, updated_date) VALUES (1771, 137, 1, 3, 1771, 5, 1, 'active', '2025-01-01 00:00:00', '2025-01-01 00:00:00');
INSERT INTO prices (id, base_price, sale_price, status, created_date, updated_date) VALUES (1772, 34.95, 17, 'active', '2025-01-01 00:00:00', '2025-01-01 00:00:00');
INSERT INTO product_variants (id, product_id, color_id, size_id, price_id, material_id, season_id, status, created_date, updated_date) VALUES (1772, 137, 1, 9, 1772, 6, 1, 'active', '2025-01-01 00:00:00', '2025-01-01 00:00:00');
INSERT INTO prices (id, base_price, sale_price, status, created_date, updated_date) VALUES (1773, 34.95, 17, 'active', '2025-01-01 00:00:00', '2025-01-01 00:00:00');
INSERT INTO product_variants (id, product_id, color_id, size_id, price_id, material_id, season_id, status, created_date, updated_date) VALUES (1773, 137, 9, 2, 1773, 6, 2, 'active', '2025-01-01 00:00:00', '2025-01-01 00:00:00');
INSERT INTO prices (id, base_price, sale_price, status, created_date, updated_date) VALUES (1774, 34.95, 17, 'active', '2025-01-01 00:00:00', '2025-01-01 00:00:00');
INSERT INTO product_variants (id, product_id, color_id, size_id, price_id, material_id, season_id, status, created_date, updated_date) VALUES (1774, 137, 9, 4, 1774, 6, 3, 'active', '2025-01-01 00:00:00', '2025-01-01 00:00:00');
INSERT INTO prices (id, base_price, sale_price, status, created_date, updated_date) VALUES (1775, 34.95, 17, 'active', '2025-01-01 00:00:00', '2025-01-01 00:00:00');
INSERT INTO product_variants (id, product_id, color_id, size_id, price_id, material_id, season_id, status, created_date, updated_date) VALUES (1775, 137, 9, 5, 1775, 2, 1, 'active', '2025-01-01 00:00:00', '2025-01-01 00:00:00');
INSERT INTO product (id, name, description, category_id, status, created_date, updated_date, created_by, updated_by) VALUES (138, 'Organic Cotton Poplin Big Shirt', 'Description for Organic Cotton Poplin Big Shirt', 6, 'active', '2025-01-01 00:00:00', '2025-01-01 00:00:00', 1, 1);
INSERT INTO product_image (id, image_url, display_order, is_primary, product_id, created_date, updated_date) VALUES (837, 'https://www1.assets-gap.com/webcontent/0057/180/006/cn57180006.jpg?q=h&w=1152', 0, 1, 138, '2025-01-01 00:00:00', '2025-01-01 00:00:00');
INSERT INTO product_image (id, image_url, display_order, is_primary, product_id, created_date, updated_date) VALUES (838, 'https://www.gap.com/webcontent/0057/180/001/cn57180001.jpg', 1, 0, 138, '2025-01-01 00:00:00', '2025-01-01 00:00:00');
INSERT INTO product_image (id, image_url, display_order, is_primary, product_id, created_date, updated_date) VALUES (839, 'https://www.gap.com/webcontent/0057/180/015/cn57180015.jpg', 2, 0, 138, '2025-01-01 00:00:00', '2025-01-01 00:00:00');
INSERT INTO product_image (id, image_url, display_order, is_primary, product_id, created_date, updated_date) VALUES (840, 'https://www.gap.com/webcontent/0057/180/014/cn57180014.jpg', 3, 0, 138, '2025-01-01 00:00:00', '2025-01-01 00:00:00');
INSERT INTO product_image (id, image_url, display_order, is_primary, product_id, created_date, updated_date) VALUES (841, 'https://www.gap.com/webcontent/0057/177/475/cn57177475.jpg', 4, 0, 138, '2025-01-01 00:00:00', '2025-01-01 00:00:00');
INSERT INTO product_image (id, image_url, display_order, is_primary, product_id, created_date, updated_date) VALUES (842, 'https://www.gap.com/webcontent/0057/180/027/cn57180027.jpg', 5, 0, 138, '2025-01-01 00:00:00', '2025-01-01 00:00:00');
INSERT INTO prices (id, base_price, sale_price, status, created_date, updated_date) VALUES (1776, 69.95, 69.95, 'active', '2025-01-01 00:00:00', '2025-01-01 00:00:00');
INSERT INTO product_variants (id, product_id, color_id, size_id, price_id, material_id, season_id, status, created_date, updated_date) VALUES (1776, 138, 1, 2, 1776, 4, 3, 'active', '2025-01-01 00:00:00', '2025-01-01 00:00:00');
INSERT INTO prices (id, base_price, sale_price, status, created_date, updated_date) VALUES (1777, 69.95, 69.95, 'active', '2025-01-01 00:00:00', '2025-01-01 00:00:00');
INSERT INTO product_variants (id, product_id, color_id, size_id, price_id, material_id, season_id, status, created_date, updated_date) VALUES (1777, 138, 1, 6, 1777, 6, 4, 'active', '2025-01-01 00:00:00', '2025-01-01 00:00:00');
INSERT INTO prices (id, base_price, sale_price, status, created_date, updated_date) VALUES (1778, 69.95, 69.95, 'active', '2025-01-01 00:00:00', '2025-01-01 00:00:00');
INSERT INTO product_variants (id, product_id, color_id, size_id, price_id, material_id, season_id, status, created_date, updated_date) VALUES (1778, 138, 1, 5, 1778, 4, 1, 'active', '2025-01-01 00:00:00', '2025-01-01 00:00:00');
INSERT INTO prices (id, base_price, sale_price, status, created_date, updated_date) VALUES (1779, 69.95, 69.95, 'active', '2025-01-01 00:00:00', '2025-01-01 00:00:00');
INSERT INTO product_variants (id, product_id, color_id, size_id, price_id, material_id, season_id, status, created_date, updated_date) VALUES (1779, 138, 3, 9, 1779, 2, 3, 'active', '2025-01-01 00:00:00', '2025-01-01 00:00:00');
INSERT INTO prices (id, base_price, sale_price, status, created_date, updated_date) VALUES (1780, 69.95, 69.95, 'active', '2025-01-01 00:00:00', '2025-01-01 00:00:00');
INSERT INTO product_variants (id, product_id, color_id, size_id, price_id, material_id, season_id, status, created_date, updated_date) VALUES (1780, 138, 3, 1, 1780, 5, 3, 'active', '2025-01-01 00:00:00', '2025-01-01 00:00:00');
INSERT INTO prices (id, base_price, sale_price, status, created_date, updated_date) VALUES (1781, 69.95, 69.95, 'active', '2025-01-01 00:00:00', '2025-01-01 00:00:00');
INSERT INTO product_variants (id, product_id, color_id, size_id, price_id, material_id, season_id, status, created_date, updated_date) VALUES (1781, 138, 1, 8, 1781, 1, 4, 'active', '2025-01-01 00:00:00', '2025-01-01 00:00:00');
INSERT INTO prices (id, base_price, sale_price, status, created_date, updated_date) VALUES (1782, 69.95, 69.95, 'active', '2025-01-01 00:00:00', '2025-01-01 00:00:00');
INSERT INTO product_variants (id, product_id, color_id, size_id, price_id, material_id, season_id, status, created_date, updated_date) VALUES (1782, 138, 1, 6, 1782, 3, 1, 'active', '2025-01-01 00:00:00', '2025-01-01 00:00:00');
INSERT INTO prices (id, base_price, sale_price, status, created_date, updated_date) VALUES (1783, 69.95, 69.95, 'active', '2025-01-01 00:00:00', '2025-01-01 00:00:00');
INSERT INTO product_variants (id, product_id, color_id, size_id, price_id, material_id, season_id, status, created_date, updated_date) VALUES (1783, 138, 12, 10, 1783, 1, 2, 'active', '2025-01-01 00:00:00', '2025-01-01 00:00:00');
INSERT INTO prices (id, base_price, sale_price, status, created_date, updated_date) VALUES (1784, 69.95, 69.95, 'active', '2025-01-01 00:00:00', '2025-01-01 00:00:00');
INSERT INTO product_variants (id, product_id, color_id, size_id, price_id, material_id, season_id, status, created_date, updated_date) VALUES (1784, 138, 12, 6, 1784, 1, 1, 'active', '2025-01-01 00:00:00', '2025-01-01 00:00:00');
INSERT INTO prices (id, base_price, sale_price, status, created_date, updated_date) VALUES (1785, 69.95, 69.95, 'active', '2025-01-01 00:00:00', '2025-01-01 00:00:00');
INSERT INTO product_variants (id, product_id, color_id, size_id, price_id, material_id, season_id, status, created_date, updated_date) VALUES (1785, 138, 12, 4, 1785, 5, 1, 'active', '2025-01-01 00:00:00', '2025-01-01 00:00:00');
INSERT INTO prices (id, base_price, sale_price, status, created_date, updated_date) VALUES (1786, 69.95, 69.95, 'active', '2025-01-01 00:00:00', '2025-01-01 00:00:00');
INSERT INTO product_variants (id, product_id, color_id, size_id, price_id, material_id, season_id, status, created_date, updated_date) VALUES (1786, 138, 1, 4, 1786, 6, 3, 'active', '2025-01-01 00:00:00', '2025-01-01 00:00:00');
INSERT INTO prices (id, base_price, sale_price, status, created_date, updated_date) VALUES (1787, 69.95, 69.95, 'active', '2025-01-01 00:00:00', '2025-01-01 00:00:00');
INSERT INTO product_variants (id, product_id, color_id, size_id, price_id, material_id, season_id, status, created_date, updated_date) VALUES (1787, 138, 1, 5, 1787, 6, 4, 'active', '2025-01-01 00:00:00', '2025-01-01 00:00:00');
INSERT INTO prices (id, base_price, sale_price, status, created_date, updated_date) VALUES (1788, 69.95, 69.95, 'active', '2025-01-01 00:00:00', '2025-01-01 00:00:00');
INSERT INTO product_variants (id, product_id, color_id, size_id, price_id, material_id, season_id, status, created_date, updated_date) VALUES (1788, 138, 1, 2, 1788, 7, 4, 'active', '2025-01-01 00:00:00', '2025-01-01 00:00:00');
INSERT INTO prices (id, base_price, sale_price, status, created_date, updated_date) VALUES (1789, 69.95, 69.95, 'active', '2025-01-01 00:00:00', '2025-01-01 00:00:00');
INSERT INTO product_variants (id, product_id, color_id, size_id, price_id, material_id, season_id, status, created_date, updated_date) VALUES (1789, 138, 1, 8, 1789, 2, 1, 'active', '2025-01-01 00:00:00', '2025-01-01 00:00:00');
INSERT INTO prices (id, base_price, sale_price, status, created_date, updated_date) VALUES (1790, 69.95, 69.95, 'active', '2025-01-01 00:00:00', '2025-01-01 00:00:00');
INSERT INTO product_variants (id, product_id, color_id, size_id, price_id, material_id, season_id, status, created_date, updated_date) VALUES (1790, 138, 1, 6, 1790, 3, 4, 'active', '2025-01-01 00:00:00', '2025-01-01 00:00:00');
INSERT INTO prices (id, base_price, sale_price, status, created_date, updated_date) VALUES (1791, 69.95, 69.95, 'active', '2025-01-01 00:00:00', '2025-01-01 00:00:00');
INSERT INTO product_variants (id, product_id, color_id, size_id, price_id, material_id, season_id, status, created_date, updated_date) VALUES (1791, 138, 2, 3, 1791, 3, 3, 'active', '2025-01-01 00:00:00', '2025-01-01 00:00:00');
INSERT INTO prices (id, base_price, sale_price, status, created_date, updated_date) VALUES (1792, 69.95, 69.95, 'active', '2025-01-01 00:00:00', '2025-01-01 00:00:00');
INSERT INTO product_variants (id, product_id, color_id, size_id, price_id, material_id, season_id, status, created_date, updated_date) VALUES (1792, 138, 2, 8, 1792, 3, 4, 'active', '2025-01-01 00:00:00', '2025-01-01 00:00:00');
INSERT INTO prices (id, base_price, sale_price, status, created_date, updated_date) VALUES (1793, 69.95, 69.95, 'active', '2025-01-01 00:00:00', '2025-01-01 00:00:00');
INSERT INTO product_variants (id, product_id, color_id, size_id, price_id, material_id, season_id, status, created_date, updated_date) VALUES (1793, 138, 3, 1, 1793, 3, 4, 'active', '2025-01-01 00:00:00', '2025-01-01 00:00:00');
INSERT INTO prices (id, base_price, sale_price, status, created_date, updated_date) VALUES (1794, 69.95, 69.95, 'active', '2025-01-01 00:00:00', '2025-01-01 00:00:00');
INSERT INTO product_variants (id, product_id, color_id, size_id, price_id, material_id, season_id, status, created_date, updated_date) VALUES (1794, 138, 3, 6, 1794, 3, 2, 'active', '2025-01-01 00:00:00', '2025-01-01 00:00:00');
INSERT INTO prices (id, base_price, sale_price, status, created_date, updated_date) VALUES (1795, 69.95, 69.95, 'active', '2025-01-01 00:00:00', '2025-01-01 00:00:00');
INSERT INTO product_variants (id, product_id, color_id, size_id, price_id, material_id, season_id, status, created_date, updated_date) VALUES (1795, 138, 3, 8, 1795, 3, 4, 'active', '2025-01-01 00:00:00', '2025-01-01 00:00:00');
INSERT INTO product (id, name, description, category_id, status, created_date, updated_date, created_by, updated_by) VALUES (139, 'Organic Cotton Poplin Classic Shirt', 'Description for Organic Cotton Poplin Classic Shirt', 6, 'active', '2025-01-01 00:00:00', '2025-01-01 00:00:00', 1, 1);
INSERT INTO product_image (id, image_url, display_order, is_primary, product_id, created_date, updated_date) VALUES (843, 'https://www1.assets-gap.com/webcontent/0057/601/406/cn57601406.jpg?q=h&w=1152', 0, 1, 139, '2025-01-01 00:00:00', '2025-01-01 00:00:00');
INSERT INTO product_image (id, image_url, display_order, is_primary, product_id, created_date, updated_date) VALUES (844, 'https://www.gap.com/webcontent/0057/601/390/cn57601390.jpg', 1, 0, 139, '2025-01-01 00:00:00', '2025-01-01 00:00:00');
INSERT INTO product_image (id, image_url, display_order, is_primary, product_id, created_date, updated_date) VALUES (845, 'https://www.gap.com/webcontent/0057/620/848/cn57620848.jpg', 2, 0, 139, '2025-01-01 00:00:00', '2025-01-01 00:00:00');
INSERT INTO product_image (id, image_url, display_order, is_primary, product_id, created_date, updated_date) VALUES (846, 'https://www.gap.com/webcontent/0057/601/400/cn57601400.jpg', 3, 0, 139, '2025-01-01 00:00:00', '2025-01-01 00:00:00');
INSERT INTO product_image (id, image_url, display_order, is_primary, product_id, created_date, updated_date) VALUES (847, 'https://www.gap.com/webcontent/0057/481/267/cn57481267.jpg', 4, 0, 139, '2025-01-01 00:00:00', '2025-01-01 00:00:00');
INSERT INTO product_image (id, image_url, display_order, is_primary, product_id, created_date, updated_date) VALUES (848, 'https://www.gap.com/webcontent/0057/620/858/cn57620858.jpg', 5, 0, 139, '2025-01-01 00:00:00', '2025-01-01 00:00:00');
INSERT INTO prices (id, base_price, sale_price, status, created_date, updated_date) VALUES (1796, 59.95, 35, 'active', '2025-01-01 00:00:00', '2025-01-01 00:00:00');
INSERT INTO product_variants (id, product_id, color_id, size_id, price_id, material_id, season_id, status, created_date, updated_date) VALUES (1796, 139, 10, 1, 1796, 7, 2, 'active', '2025-01-01 00:00:00', '2025-01-01 00:00:00');
INSERT INTO prices (id, base_price, sale_price, status, created_date, updated_date) VALUES (1797, 59.95, 35, 'active', '2025-01-01 00:00:00', '2025-01-01 00:00:00');
INSERT INTO product_variants (id, product_id, color_id, size_id, price_id, material_id, season_id, status, created_date, updated_date) VALUES (1797, 139, 10, 4, 1797, 6, 3, 'active', '2025-01-01 00:00:00', '2025-01-01 00:00:00');
INSERT INTO prices (id, base_price, sale_price, status, created_date, updated_date) VALUES (1798, 59.95, 35, 'active', '2025-01-01 00:00:00', '2025-01-01 00:00:00');
INSERT INTO product_variants (id, product_id, color_id, size_id, price_id, material_id, season_id, status, created_date, updated_date) VALUES (1798, 139, 2, 10, 1798, 5, 4, 'active', '2025-01-01 00:00:00', '2025-01-01 00:00:00');
INSERT INTO prices (id, base_price, sale_price, status, created_date, updated_date) VALUES (1799, 59.95, 35, 'active', '2025-01-01 00:00:00', '2025-01-01 00:00:00');
INSERT INTO product_variants (id, product_id, color_id, size_id, price_id, material_id, season_id, status, created_date, updated_date) VALUES (1799, 139, 2, 6, 1799, 1, 1, 'active', '2025-01-01 00:00:00', '2025-01-01 00:00:00');
INSERT INTO prices (id, base_price, sale_price, status, created_date, updated_date) VALUES (1800, 59.95, 35, 'active', '2025-01-01 00:00:00', '2025-01-01 00:00:00');
INSERT INTO product_variants (id, product_id, color_id, size_id, price_id, material_id, season_id, status, created_date, updated_date) VALUES (1800, 139, 13, 3, 1800, 3, 1, 'active', '2025-01-01 00:00:00', '2025-01-01 00:00:00');
INSERT INTO prices (id, base_price, sale_price, status, created_date, updated_date) VALUES (1801, 59.95, 35, 'active', '2025-01-01 00:00:00', '2025-01-01 00:00:00');
INSERT INTO product_variants (id, product_id, color_id, size_id, price_id, material_id, season_id, status, created_date, updated_date) VALUES (1801, 139, 13, 8, 1801, 3, 2, 'active', '2025-01-01 00:00:00', '2025-01-01 00:00:00');
INSERT INTO prices (id, base_price, sale_price, status, created_date, updated_date) VALUES (1802, 59.95, 35, 'active', '2025-01-01 00:00:00', '2025-01-01 00:00:00');
INSERT INTO product_variants (id, product_id, color_id, size_id, price_id, material_id, season_id, status, created_date, updated_date) VALUES (1802, 139, 13, 4, 1802, 3, 2, 'active', '2025-01-01 00:00:00', '2025-01-01 00:00:00');
INSERT INTO prices (id, base_price, sale_price, status, created_date, updated_date) VALUES (1803, 59.95, 35, 'active', '2025-01-01 00:00:00', '2025-01-01 00:00:00');
INSERT INTO product_variants (id, product_id, color_id, size_id, price_id, material_id, season_id, status, created_date, updated_date) VALUES (1803, 139, 10, 8, 1803, 2, 2, 'active', '2025-01-01 00:00:00', '2025-01-01 00:00:00');
INSERT INTO prices (id, base_price, sale_price, status, created_date, updated_date) VALUES (1804, 59.95, 35, 'active', '2025-01-01 00:00:00', '2025-01-01 00:00:00');
INSERT INTO product_variants (id, product_id, color_id, size_id, price_id, material_id, season_id, status, created_date, updated_date) VALUES (1804, 139, 3, 1, 1804, 6, 3, 'active', '2025-01-01 00:00:00', '2025-01-01 00:00:00');
INSERT INTO prices (id, base_price, sale_price, status, created_date, updated_date) VALUES (1805, 59.95, 35, 'active', '2025-01-01 00:00:00', '2025-01-01 00:00:00');
INSERT INTO product_variants (id, product_id, color_id, size_id, price_id, material_id, season_id, status, created_date, updated_date) VALUES (1805, 139, 3, 10, 1805, 1, 4, 'active', '2025-01-01 00:00:00', '2025-01-01 00:00:00');
INSERT INTO prices (id, base_price, sale_price, status, created_date, updated_date) VALUES (1806, 59.95, 35, 'active', '2025-01-01 00:00:00', '2025-01-01 00:00:00');
INSERT INTO product_variants (id, product_id, color_id, size_id, price_id, material_id, season_id, status, created_date, updated_date) VALUES (1806, 139, 1, 1, 1806, 5, 1, 'active', '2025-01-01 00:00:00', '2025-01-01 00:00:00');
INSERT INTO prices (id, base_price, sale_price, status, created_date, updated_date) VALUES (1807, 59.95, 35, 'active', '2025-01-01 00:00:00', '2025-01-01 00:00:00');
INSERT INTO product_variants (id, product_id, color_id, size_id, price_id, material_id, season_id, status, created_date, updated_date) VALUES (1807, 139, 1, 7, 1807, 3, 4, 'active', '2025-01-01 00:00:00', '2025-01-01 00:00:00');
INSERT INTO prices (id, base_price, sale_price, status, created_date, updated_date) VALUES (1808, 59.95, 35, 'active', '2025-01-01 00:00:00', '2025-01-01 00:00:00');
INSERT INTO product_variants (id, product_id, color_id, size_id, price_id, material_id, season_id, status, created_date, updated_date) VALUES (1808, 139, 1, 8, 1808, 1, 1, 'active', '2025-01-01 00:00:00', '2025-01-01 00:00:00');
INSERT INTO prices (id, base_price, sale_price, status, created_date, updated_date) VALUES (1809, 59.95, 35, 'active', '2025-01-01 00:00:00', '2025-01-01 00:00:00');
INSERT INTO product_variants (id, product_id, color_id, size_id, price_id, material_id, season_id, status, created_date, updated_date) VALUES (1809, 139, 3, 2, 1809, 5, 2, 'active', '2025-01-01 00:00:00', '2025-01-01 00:00:00');
INSERT INTO prices (id, base_price, sale_price, status, created_date, updated_date) VALUES (1810, 59.95, 35, 'active', '2025-01-01 00:00:00', '2025-01-01 00:00:00');
INSERT INTO product_variants (id, product_id, color_id, size_id, price_id, material_id, season_id, status, created_date, updated_date) VALUES (1810, 139, 3, 4, 1810, 6, 1, 'active', '2025-01-01 00:00:00', '2025-01-01 00:00:00');
INSERT INTO prices (id, base_price, sale_price, status, created_date, updated_date) VALUES (1811, 59.95, 35, 'active', '2025-01-01 00:00:00', '2025-01-01 00:00:00');
INSERT INTO product_variants (id, product_id, color_id, size_id, price_id, material_id, season_id, status, created_date, updated_date) VALUES (1811, 139, 3, 6, 1811, 3, 4, 'active', '2025-01-01 00:00:00', '2025-01-01 00:00:00');
INSERT INTO prices (id, base_price, sale_price, status, created_date, updated_date) VALUES (1812, 59.95, 35, 'active', '2025-01-01 00:00:00', '2025-01-01 00:00:00');
INSERT INTO product_variants (id, product_id, color_id, size_id, price_id, material_id, season_id, status, created_date, updated_date) VALUES (1812, 139, 11, 9, 1812, 1, 1, 'active', '2025-01-01 00:00:00', '2025-01-01 00:00:00');
INSERT INTO product (id, name, description, category_id, status, created_date, updated_date, created_by, updated_by) VALUES (140, 'Organic Cotton Poplin Classic Shirt', 'Description for Organic Cotton Poplin Classic Shirt', 6, 'active', '2025-01-01 00:00:00', '2025-01-01 00:00:00', 1, 1);
INSERT INTO product_image (id, image_url, display_order, is_primary, product_id, created_date, updated_date) VALUES (849, 'https://www1.assets-gap.com/webcontent/0057/674/437/cn57674437.jpg?q=h&w=1152', 0, 1, 140, '2025-01-01 00:00:00', '2025-01-01 00:00:00');
INSERT INTO product_image (id, image_url, display_order, is_primary, product_id, created_date, updated_date) VALUES (850, 'https://www.gap.com/webcontent/0057/674/394/cn57674394.jpg', 1, 0, 140, '2025-01-01 00:00:00', '2025-01-01 00:00:00');
INSERT INTO product_image (id, image_url, display_order, is_primary, product_id, created_date, updated_date) VALUES (851, 'https://www.gap.com/webcontent/0057/673/783/cn57673783.jpg', 2, 0, 140, '2025-01-01 00:00:00', '2025-01-01 00:00:00');
INSERT INTO product_image (id, image_url, display_order, is_primary, product_id, created_date, updated_date) VALUES (852, 'https://www.gap.com/webcontent/0057/673/769/cn57673769.jpg', 3, 0, 140, '2025-01-01 00:00:00', '2025-01-01 00:00:00');
INSERT INTO product_image (id, image_url, display_order, is_primary, product_id, created_date, updated_date) VALUES (853, 'https://www.gap.com/webcontent/0061/024/990/cn61024990.jpg', 4, 0, 140, '2025-01-01 00:00:00', '2025-01-01 00:00:00');
INSERT INTO product_image (id, image_url, display_order, is_primary, product_id, created_date, updated_date) VALUES (854, 'https://www.gap.com/webcontent/0057/673/796/cn57673796.jpg', 5, 0, 140, '2025-01-01 00:00:00', '2025-01-01 00:00:00');
INSERT INTO prices (id, base_price, sale_price, status, created_date, updated_date) VALUES (1813, 59.95, 29.99, 'active', '2025-01-01 00:00:00', '2025-01-01 00:00:00');
INSERT INTO product_variants (id, product_id, color_id, size_id, price_id, material_id, season_id, status, created_date, updated_date) VALUES (1813, 140, 10, 9, 1813, 5, 3, 'active', '2025-01-01 00:00:00', '2025-01-01 00:00:00');
INSERT INTO prices (id, base_price, sale_price, status, created_date, updated_date) VALUES (1814, 59.95, 29.99, 'active', '2025-01-01 00:00:00', '2025-01-01 00:00:00');
INSERT INTO product_variants (id, product_id, color_id, size_id, price_id, material_id, season_id, status, created_date, updated_date) VALUES (1814, 140, 10, 10, 1814, 5, 1, 'active', '2025-01-01 00:00:00', '2025-01-01 00:00:00');
INSERT INTO prices (id, base_price, sale_price, status, created_date, updated_date) VALUES (1815, 59.95, 29.99, 'active', '2025-01-01 00:00:00', '2025-01-01 00:00:00');
INSERT INTO product_variants (id, product_id, color_id, size_id, price_id, material_id, season_id, status, created_date, updated_date) VALUES (1815, 140, 10, 5, 1815, 7, 4, 'active', '2025-01-01 00:00:00', '2025-01-01 00:00:00');
INSERT INTO prices (id, base_price, sale_price, status, created_date, updated_date) VALUES (1816, 59.95, 29.99, 'active', '2025-01-01 00:00:00', '2025-01-01 00:00:00');
INSERT INTO product_variants (id, product_id, color_id, size_id, price_id, material_id, season_id, status, created_date, updated_date) VALUES (1816, 140, 2, 6, 1816, 1, 2, 'active', '2025-01-01 00:00:00', '2025-01-01 00:00:00');
INSERT INTO prices (id, base_price, sale_price, status, created_date, updated_date) VALUES (1817, 59.95, 29.99, 'active', '2025-01-01 00:00:00', '2025-01-01 00:00:00');
INSERT INTO product_variants (id, product_id, color_id, size_id, price_id, material_id, season_id, status, created_date, updated_date) VALUES (1817, 140, 2, 3, 1817, 1, 3, 'active', '2025-01-01 00:00:00', '2025-01-01 00:00:00');
INSERT INTO prices (id, base_price, sale_price, status, created_date, updated_date) VALUES (1818, 59.95, 29.99, 'active', '2025-01-01 00:00:00', '2025-01-01 00:00:00');
INSERT INTO product_variants (id, product_id, color_id, size_id, price_id, material_id, season_id, status, created_date, updated_date) VALUES (1818, 140, 13, 1, 1818, 6, 3, 'active', '2025-01-01 00:00:00', '2025-01-01 00:00:00');
INSERT INTO prices (id, base_price, sale_price, status, created_date, updated_date) VALUES (1819, 59.95, 29.99, 'active', '2025-01-01 00:00:00', '2025-01-01 00:00:00');
INSERT INTO product_variants (id, product_id, color_id, size_id, price_id, material_id, season_id, status, created_date, updated_date) VALUES (1819, 140, 13, 4, 1819, 3, 3, 'active', '2025-01-01 00:00:00', '2025-01-01 00:00:00');
INSERT INTO prices (id, base_price, sale_price, status, created_date, updated_date) VALUES (1820, 59.95, 29.99, 'active', '2025-01-01 00:00:00', '2025-01-01 00:00:00');
INSERT INTO product_variants (id, product_id, color_id, size_id, price_id, material_id, season_id, status, created_date, updated_date) VALUES (1820, 140, 13, 2, 1820, 3, 2, 'active', '2025-01-01 00:00:00', '2025-01-01 00:00:00');
INSERT INTO prices (id, base_price, sale_price, status, created_date, updated_date) VALUES (1821, 59.95, 29.99, 'active', '2025-01-01 00:00:00', '2025-01-01 00:00:00');
INSERT INTO product_variants (id, product_id, color_id, size_id, price_id, material_id, season_id, status, created_date, updated_date) VALUES (1821, 140, 10, 2, 1821, 5, 4, 'active', '2025-01-01 00:00:00', '2025-01-01 00:00:00');
INSERT INTO prices (id, base_price, sale_price, status, created_date, updated_date) VALUES (1822, 59.95, 29.99, 'active', '2025-01-01 00:00:00', '2025-01-01 00:00:00');
INSERT INTO product_variants (id, product_id, color_id, size_id, price_id, material_id, season_id, status, created_date, updated_date) VALUES (1822, 140, 10, 1, 1822, 1, 2, 'active', '2025-01-01 00:00:00', '2025-01-01 00:00:00');
INSERT INTO prices (id, base_price, sale_price, status, created_date, updated_date) VALUES (1823, 59.95, 29.99, 'active', '2025-01-01 00:00:00', '2025-01-01 00:00:00');
INSERT INTO product_variants (id, product_id, color_id, size_id, price_id, material_id, season_id, status, created_date, updated_date) VALUES (1823, 140, 3, 1, 1823, 4, 1, 'active', '2025-01-01 00:00:00', '2025-01-01 00:00:00');
INSERT INTO prices (id, base_price, sale_price, status, created_date, updated_date) VALUES (1824, 59.95, 29.99, 'active', '2025-01-01 00:00:00', '2025-01-01 00:00:00');
INSERT INTO product_variants (id, product_id, color_id, size_id, price_id, material_id, season_id, status, created_date, updated_date) VALUES (1824, 140, 3, 6, 1824, 2, 1, 'active', '2025-01-01 00:00:00', '2025-01-01 00:00:00');
INSERT INTO prices (id, base_price, sale_price, status, created_date, updated_date) VALUES (1825, 59.95, 29.99, 'active', '2025-01-01 00:00:00', '2025-01-01 00:00:00');
INSERT INTO product_variants (id, product_id, color_id, size_id, price_id, material_id, season_id, status, created_date, updated_date) VALUES (1825, 140, 3, 10, 1825, 4, 4, 'active', '2025-01-01 00:00:00', '2025-01-01 00:00:00');
INSERT INTO prices (id, base_price, sale_price, status, created_date, updated_date) VALUES (1826, 59.95, 29.99, 'active', '2025-01-01 00:00:00', '2025-01-01 00:00:00');
INSERT INTO product_variants (id, product_id, color_id, size_id, price_id, material_id, season_id, status, created_date, updated_date) VALUES (1826, 140, 1, 10, 1826, 6, 4, 'active', '2025-01-01 00:00:00', '2025-01-01 00:00:00');
INSERT INTO prices (id, base_price, sale_price, status, created_date, updated_date) VALUES (1827, 59.95, 29.99, 'active', '2025-01-01 00:00:00', '2025-01-01 00:00:00');
INSERT INTO product_variants (id, product_id, color_id, size_id, price_id, material_id, season_id, status, created_date, updated_date) VALUES (1827, 140, 1, 6, 1827, 2, 4, 'active', '2025-01-01 00:00:00', '2025-01-01 00:00:00');
INSERT INTO prices (id, base_price, sale_price, status, created_date, updated_date) VALUES (1828, 59.95, 29.99, 'active', '2025-01-01 00:00:00', '2025-01-01 00:00:00');
INSERT INTO product_variants (id, product_id, color_id, size_id, price_id, material_id, season_id, status, created_date, updated_date) VALUES (1828, 140, 3, 10, 1828, 4, 4, 'active', '2025-01-01 00:00:00', '2025-01-01 00:00:00');
INSERT INTO prices (id, base_price, sale_price, status, created_date, updated_date) VALUES (1829, 59.95, 29.99, 'active', '2025-01-01 00:00:00', '2025-01-01 00:00:00');
INSERT INTO product_variants (id, product_id, color_id, size_id, price_id, material_id, season_id, status, created_date, updated_date) VALUES (1829, 140, 3, 2, 1829, 1, 1, 'active', '2025-01-01 00:00:00', '2025-01-01 00:00:00');
INSERT INTO prices (id, base_price, sale_price, status, created_date, updated_date) VALUES (1830, 59.95, 29.99, 'active', '2025-01-01 00:00:00', '2025-01-01 00:00:00');
INSERT INTO product_variants (id, product_id, color_id, size_id, price_id, material_id, season_id, status, created_date, updated_date) VALUES (1830, 140, 3, 4, 1830, 1, 4, 'active', '2025-01-01 00:00:00', '2025-01-01 00:00:00');
INSERT INTO prices (id, base_price, sale_price, status, created_date, updated_date) VALUES (1831, 59.95, 29.99, 'active', '2025-01-01 00:00:00', '2025-01-01 00:00:00');
INSERT INTO product_variants (id, product_id, color_id, size_id, price_id, material_id, season_id, status, created_date, updated_date) VALUES (1831, 140, 11, 1, 1831, 1, 4, 'active', '2025-01-01 00:00:00', '2025-01-01 00:00:00');
INSERT INTO prices (id, base_price, sale_price, status, created_date, updated_date) VALUES (1832, 59.95, 29.99, 'active', '2025-01-01 00:00:00', '2025-01-01 00:00:00');
INSERT INTO product_variants (id, product_id, color_id, size_id, price_id, material_id, season_id, status, created_date, updated_date) VALUES (1832, 140, 11, 5, 1832, 7, 4, 'active', '2025-01-01 00:00:00', '2025-01-01 00:00:00');
INSERT INTO product (id, name, description, category_id, status, created_date, updated_date, created_by, updated_by) VALUES (141, 'Organic Cotton Poplin Big Shirt', 'Description for Organic Cotton Poplin Big Shirt', 6, 'active', '2025-01-01 00:00:00', '2025-01-01 00:00:00', 1, 1);
INSERT INTO product_image (id, image_url, display_order, is_primary, product_id, created_date, updated_date) VALUES (855, 'https://www1.assets-gap.com/webcontent/0059/461/820/cn59461820.jpg?q=h&w=1152', 0, 1, 141, '2025-01-01 00:00:00', '2025-01-01 00:00:00');
INSERT INTO product_image (id, image_url, display_order, is_primary, product_id, created_date, updated_date) VALUES (856, 'https://www.gap.com/webcontent/0059/461/775/cn59461775.jpg', 1, 0, 141, '2025-01-01 00:00:00', '2025-01-01 00:00:00');
INSERT INTO product_image (id, image_url, display_order, is_primary, product_id, created_date, updated_date) VALUES (857, 'https://www.gap.com/webcontent/0059/461/059/cn59461059.jpg', 2, 0, 141, '2025-01-01 00:00:00', '2025-01-01 00:00:00');
INSERT INTO product_image (id, image_url, display_order, is_primary, product_id, created_date, updated_date) VALUES (858, 'https://www.gap.com/webcontent/0059/461/060/cn59461060.jpg', 3, 0, 141, '2025-01-01 00:00:00', '2025-01-01 00:00:00');
INSERT INTO product_image (id, image_url, display_order, is_primary, product_id, created_date, updated_date) VALUES (859, 'https://www.gap.com/webcontent/0052/349/036/cn52349036.jpg', 4, 0, 141, '2025-01-01 00:00:00', '2025-01-01 00:00:00');
INSERT INTO product_image (id, image_url, display_order, is_primary, product_id, created_date, updated_date) VALUES (860, 'https://www.gap.com/webcontent/0052/349/065/cn52349065.jpg', 5, 0, 141, '2025-01-01 00:00:00', '2025-01-01 00:00:00');
INSERT INTO product_image (id, image_url, display_order, is_primary, product_id, created_date, updated_date) VALUES (861, 'https://www.gap.com/webcontent/0059/467/447/cn59467447.jpg', 6, 0, 141, '2025-01-01 00:00:00', '2025-01-01 00:00:00');
INSERT INTO prices (id, base_price, sale_price, status, created_date, updated_date) VALUES (1833, 59.95, 59.95, 'active', '2025-01-01 00:00:00', '2025-01-01 00:00:00');
INSERT INTO product_variants (id, product_id, color_id, size_id, price_id, material_id, season_id, status, created_date, updated_date) VALUES (1833, 141, 1, 6, 1833, 2, 1, 'active', '2025-01-01 00:00:00', '2025-01-01 00:00:00');
INSERT INTO prices (id, base_price, sale_price, status, created_date, updated_date) VALUES (1834, 59.95, 59.95, 'active', '2025-01-01 00:00:00', '2025-01-01 00:00:00');
INSERT INTO product_variants (id, product_id, color_id, size_id, price_id, material_id, season_id, status, created_date, updated_date) VALUES (1834, 141, 1, 9, 1834, 2, 3, 'active', '2025-01-01 00:00:00', '2025-01-01 00:00:00');
INSERT INTO prices (id, base_price, sale_price, status, created_date, updated_date) VALUES (1835, 59.95, 59.95, 'active', '2025-01-01 00:00:00', '2025-01-01 00:00:00');
INSERT INTO product_variants (id, product_id, color_id, size_id, price_id, material_id, season_id, status, created_date, updated_date) VALUES (1835, 141, 3, 2, 1835, 5, 1, 'active', '2025-01-01 00:00:00', '2025-01-01 00:00:00');
INSERT INTO prices (id, base_price, sale_price, status, created_date, updated_date) VALUES (1836, 59.95, 59.95, 'active', '2025-01-01 00:00:00', '2025-01-01 00:00:00');
INSERT INTO product_variants (id, product_id, color_id, size_id, price_id, material_id, season_id, status, created_date, updated_date) VALUES (1836, 141, 3, 9, 1836, 5, 3, 'active', '2025-01-01 00:00:00', '2025-01-01 00:00:00');
INSERT INTO prices (id, base_price, sale_price, status, created_date, updated_date) VALUES (1837, 59.95, 59.95, 'active', '2025-01-01 00:00:00', '2025-01-01 00:00:00');
INSERT INTO product_variants (id, product_id, color_id, size_id, price_id, material_id, season_id, status, created_date, updated_date) VALUES (1837, 141, 1, 9, 1837, 6, 2, 'active', '2025-01-01 00:00:00', '2025-01-01 00:00:00');
INSERT INTO prices (id, base_price, sale_price, status, created_date, updated_date) VALUES (1838, 59.95, 59.95, 'active', '2025-01-01 00:00:00', '2025-01-01 00:00:00');
INSERT INTO product_variants (id, product_id, color_id, size_id, price_id, material_id, season_id, status, created_date, updated_date) VALUES (1838, 141, 1, 1, 1838, 2, 1, 'active', '2025-01-01 00:00:00', '2025-01-01 00:00:00');
INSERT INTO prices (id, base_price, sale_price, status, created_date, updated_date) VALUES (1839, 59.95, 59.95, 'active', '2025-01-01 00:00:00', '2025-01-01 00:00:00');
INSERT INTO product_variants (id, product_id, color_id, size_id, price_id, material_id, season_id, status, created_date, updated_date) VALUES (1839, 141, 1, 4, 1839, 5, 1, 'active', '2025-01-01 00:00:00', '2025-01-01 00:00:00');
INSERT INTO prices (id, base_price, sale_price, status, created_date, updated_date) VALUES (1840, 59.95, 59.95, 'active', '2025-01-01 00:00:00', '2025-01-01 00:00:00');
INSERT INTO product_variants (id, product_id, color_id, size_id, price_id, material_id, season_id, status, created_date, updated_date) VALUES (1840, 141, 12, 4, 1840, 3, 2, 'active', '2025-01-01 00:00:00', '2025-01-01 00:00:00');
INSERT INTO prices (id, base_price, sale_price, status, created_date, updated_date) VALUES (1841, 59.95, 59.95, 'active', '2025-01-01 00:00:00', '2025-01-01 00:00:00');
INSERT INTO product_variants (id, product_id, color_id, size_id, price_id, material_id, season_id, status, created_date, updated_date) VALUES (1841, 141, 12, 10, 1841, 2, 3, 'active', '2025-01-01 00:00:00', '2025-01-01 00:00:00');
INSERT INTO prices (id, base_price, sale_price, status, created_date, updated_date) VALUES (1842, 59.95, 59.95, 'active', '2025-01-01 00:00:00', '2025-01-01 00:00:00');
INSERT INTO product_variants (id, product_id, color_id, size_id, price_id, material_id, season_id, status, created_date, updated_date) VALUES (1842, 141, 1, 9, 1842, 5, 3, 'active', '2025-01-01 00:00:00', '2025-01-01 00:00:00');
INSERT INTO prices (id, base_price, sale_price, status, created_date, updated_date) VALUES (1843, 59.95, 59.95, 'active', '2025-01-01 00:00:00', '2025-01-01 00:00:00');
INSERT INTO product_variants (id, product_id, color_id, size_id, price_id, material_id, season_id, status, created_date, updated_date) VALUES (1843, 141, 1, 4, 1843, 3, 1, 'active', '2025-01-01 00:00:00', '2025-01-01 00:00:00');
INSERT INTO prices (id, base_price, sale_price, status, created_date, updated_date) VALUES (1844, 59.95, 59.95, 'active', '2025-01-01 00:00:00', '2025-01-01 00:00:00');
INSERT INTO product_variants (id, product_id, color_id, size_id, price_id, material_id, season_id, status, created_date, updated_date) VALUES (1844, 141, 1, 6, 1844, 5, 4, 'active', '2025-01-01 00:00:00', '2025-01-01 00:00:00');
INSERT INTO prices (id, base_price, sale_price, status, created_date, updated_date) VALUES (1845, 59.95, 59.95, 'active', '2025-01-01 00:00:00', '2025-01-01 00:00:00');
INSERT INTO product_variants (id, product_id, color_id, size_id, price_id, material_id, season_id, status, created_date, updated_date) VALUES (1845, 141, 1, 5, 1845, 6, 1, 'active', '2025-01-01 00:00:00', '2025-01-01 00:00:00');
INSERT INTO prices (id, base_price, sale_price, status, created_date, updated_date) VALUES (1846, 59.95, 59.95, 'active', '2025-01-01 00:00:00', '2025-01-01 00:00:00');
INSERT INTO product_variants (id, product_id, color_id, size_id, price_id, material_id, season_id, status, created_date, updated_date) VALUES (1846, 141, 1, 2, 1846, 5, 2, 'active', '2025-01-01 00:00:00', '2025-01-01 00:00:00');
INSERT INTO prices (id, base_price, sale_price, status, created_date, updated_date) VALUES (1847, 59.95, 59.95, 'active', '2025-01-01 00:00:00', '2025-01-01 00:00:00');
INSERT INTO product_variants (id, product_id, color_id, size_id, price_id, material_id, season_id, status, created_date, updated_date) VALUES (1847, 141, 2, 5, 1847, 1, 1, 'active', '2025-01-01 00:00:00', '2025-01-01 00:00:00');
INSERT INTO prices (id, base_price, sale_price, status, created_date, updated_date) VALUES (1848, 59.95, 59.95, 'active', '2025-01-01 00:00:00', '2025-01-01 00:00:00');
INSERT INTO product_variants (id, product_id, color_id, size_id, price_id, material_id, season_id, status, created_date, updated_date) VALUES (1848, 141, 3, 3, 1848, 2, 4, 'active', '2025-01-01 00:00:00', '2025-01-01 00:00:00');
INSERT INTO prices (id, base_price, sale_price, status, created_date, updated_date) VALUES (1849, 59.95, 59.95, 'active', '2025-01-01 00:00:00', '2025-01-01 00:00:00');
INSERT INTO product_variants (id, product_id, color_id, size_id, price_id, material_id, season_id, status, created_date, updated_date) VALUES (1849, 141, 3, 10, 1849, 1, 2, 'active', '2025-01-01 00:00:00', '2025-01-01 00:00:00');
INSERT INTO product (id, name, description, category_id, status, created_date, updated_date, created_by, updated_by) VALUES (142, 'Classic T-Shirt', 'Description for Classic T-Shirt', 6, 'active', '2025-01-01 00:00:00', '2025-01-01 00:00:00', 1, 1);
INSERT INTO product_image (id, image_url, display_order, is_primary, product_id, created_date, updated_date) VALUES (862, 'https://www1.assets-gap.com/webcontent/0057/808/972/cn57808972.jpg?q=h&w=1152', 0, 1, 142, '2025-01-01 00:00:00', '2025-01-01 00:00:00');
INSERT INTO product_image (id, image_url, display_order, is_primary, product_id, created_date, updated_date) VALUES (863, 'https://www.gap.com/webcontent/0057/808/967/cn57808967.jpg', 1, 0, 142, '2025-01-01 00:00:00', '2025-01-01 00:00:00');
INSERT INTO product_image (id, image_url, display_order, is_primary, product_id, created_date, updated_date) VALUES (864, 'https://www.gap.com/webcontent/0057/808/986/cn57808986.jpg', 2, 0, 142, '2025-01-01 00:00:00', '2025-01-01 00:00:00');
INSERT INTO product_image (id, image_url, display_order, is_primary, product_id, created_date, updated_date) VALUES (865, 'https://www.gap.com/webcontent/0057/808/979/cn57808979.jpg', 3, 0, 142, '2025-01-01 00:00:00', '2025-01-01 00:00:00');
INSERT INTO product_image (id, image_url, display_order, is_primary, product_id, created_date, updated_date) VALUES (866, 'https://www.gap.com/webcontent/0057/860/467/cn57860467.jpg', 4, 0, 142, '2025-01-01 00:00:00', '2025-01-01 00:00:00');
INSERT INTO product_image (id, image_url, display_order, is_primary, product_id, created_date, updated_date) VALUES (867, 'https://www.gap.com/webcontent/0057/860/469/cn57860469.jpg', 5, 0, 142, '2025-01-01 00:00:00', '2025-01-01 00:00:00');
INSERT INTO prices (id, base_price, sale_price, status, created_date, updated_date) VALUES (1850, 19.95, 13, 'active', '2025-01-01 00:00:00', '2025-01-01 00:00:00');
INSERT INTO product_variants (id, product_id, color_id, size_id, price_id, material_id, season_id, status, created_date, updated_date) VALUES (1850, 142, 1, 5, 1850, 2, 4, 'active', '2025-01-01 00:00:00', '2025-01-01 00:00:00');
INSERT INTO prices (id, base_price, sale_price, status, created_date, updated_date) VALUES (1851, 19.95, 13, 'active', '2025-01-01 00:00:00', '2025-01-01 00:00:00');
INSERT INTO product_variants (id, product_id, color_id, size_id, price_id, material_id, season_id, status, created_date, updated_date) VALUES (1851, 142, 1, 10, 1851, 5, 2, 'active', '2025-01-01 00:00:00', '2025-01-01 00:00:00');
INSERT INTO prices (id, base_price, sale_price, status, created_date, updated_date) VALUES (1852, 19.95, 13, 'active', '2025-01-01 00:00:00', '2025-01-01 00:00:00');
INSERT INTO product_variants (id, product_id, color_id, size_id, price_id, material_id, season_id, status, created_date, updated_date) VALUES (1852, 142, 3, 2, 1852, 3, 2, 'active', '2025-01-01 00:00:00', '2025-01-01 00:00:00');
INSERT INTO prices (id, base_price, sale_price, status, created_date, updated_date) VALUES (1853, 19.95, 13, 'active', '2025-01-01 00:00:00', '2025-01-01 00:00:00');
INSERT INTO product_variants (id, product_id, color_id, size_id, price_id, material_id, season_id, status, created_date, updated_date) VALUES (1853, 142, 3, 10, 1853, 2, 1, 'active', '2025-01-01 00:00:00', '2025-01-01 00:00:00');
INSERT INTO prices (id, base_price, sale_price, status, created_date, updated_date) VALUES (1854, 19.95, 13, 'active', '2025-01-01 00:00:00', '2025-01-01 00:00:00');
INSERT INTO product_variants (id, product_id, color_id, size_id, price_id, material_id, season_id, status, created_date, updated_date) VALUES (1854, 142, 3, 7, 1854, 3, 4, 'active', '2025-01-01 00:00:00', '2025-01-01 00:00:00');
INSERT INTO prices (id, base_price, sale_price, status, created_date, updated_date) VALUES (1855, 19.95, 13, 'active', '2025-01-01 00:00:00', '2025-01-01 00:00:00');
INSERT INTO product_variants (id, product_id, color_id, size_id, price_id, material_id, season_id, status, created_date, updated_date) VALUES (1855, 142, 2, 9, 1855, 7, 3, 'active', '2025-01-01 00:00:00', '2025-01-01 00:00:00');
INSERT INTO prices (id, base_price, sale_price, status, created_date, updated_date) VALUES (1856, 19.95, 13, 'active', '2025-01-01 00:00:00', '2025-01-01 00:00:00');
INSERT INTO product_variants (id, product_id, color_id, size_id, price_id, material_id, season_id, status, created_date, updated_date) VALUES (1856, 142, 2, 5, 1856, 7, 3, 'active', '2025-01-01 00:00:00', '2025-01-01 00:00:00');
INSERT INTO prices (id, base_price, sale_price, status, created_date, updated_date) VALUES (1857, 19.95, 13, 'active', '2025-01-01 00:00:00', '2025-01-01 00:00:00');
INSERT INTO product_variants (id, product_id, color_id, size_id, price_id, material_id, season_id, status, created_date, updated_date) VALUES (1857, 142, 9, 2, 1857, 7, 1, 'active', '2025-01-01 00:00:00', '2025-01-01 00:00:00');
INSERT INTO prices (id, base_price, sale_price, status, created_date, updated_date) VALUES (1858, 19.95, 13, 'active', '2025-01-01 00:00:00', '2025-01-01 00:00:00');
INSERT INTO product_variants (id, product_id, color_id, size_id, price_id, material_id, season_id, status, created_date, updated_date) VALUES (1858, 142, 9, 10, 1858, 4, 3, 'active', '2025-01-01 00:00:00', '2025-01-01 00:00:00');
INSERT INTO prices (id, base_price, sale_price, status, created_date, updated_date) VALUES (1859, 19.95, 13, 'active', '2025-01-01 00:00:00', '2025-01-01 00:00:00');
INSERT INTO product_variants (id, product_id, color_id, size_id, price_id, material_id, season_id, status, created_date, updated_date) VALUES (1859, 142, 9, 1, 1859, 3, 3, 'active', '2025-01-01 00:00:00', '2025-01-01 00:00:00');
INSERT INTO product (id, name, description, category_id, status, created_date, updated_date, created_by, updated_by) VALUES (143, 'Oxford Button-Down Shirt', 'Description for Oxford Button-Down Shirt', 6, 'active', '2025-01-01 00:00:00', '2025-01-01 00:00:00', 1, 1);
INSERT INTO product_image (id, image_url, display_order, is_primary, product_id, created_date, updated_date) VALUES (868, 'https://www1.assets-gap.com/webcontent/0059/178/344/cn59178344.jpg?q=h&w=1152', 0, 1, 143, '2025-01-01 00:00:00', '2025-01-01 00:00:00');
INSERT INTO product_image (id, image_url, display_order, is_primary, product_id, created_date, updated_date) VALUES (869, 'https://www.gap.com/webcontent/0059/178/339/cn59178339.jpg', 1, 0, 143, '2025-01-01 00:00:00', '2025-01-01 00:00:00');
INSERT INTO product_image (id, image_url, display_order, is_primary, product_id, created_date, updated_date) VALUES (870, 'https://www.gap.com/webcontent/0059/177/810/cn59177810.jpg', 2, 0, 143, '2025-01-01 00:00:00', '2025-01-01 00:00:00');
INSERT INTO product_image (id, image_url, display_order, is_primary, product_id, created_date, updated_date) VALUES (871, 'https://www.gap.com/webcontent/0059/177/805/cn59177805.jpg', 3, 0, 143, '2025-01-01 00:00:00', '2025-01-01 00:00:00');
INSERT INTO product_image (id, image_url, display_order, is_primary, product_id, created_date, updated_date) VALUES (872, 'https://www.gap.com/webcontent/0059/177/850/cn59177850.jpg', 4, 0, 143, '2025-01-01 00:00:00', '2025-01-01 00:00:00');
INSERT INTO product_image (id, image_url, display_order, is_primary, product_id, created_date, updated_date) VALUES (873, 'https://www.gap.com/webcontent/0059/209/544/cn59209544.jpg', 5, 0, 143, '2025-01-01 00:00:00', '2025-01-01 00:00:00');
INSERT INTO prices (id, base_price, sale_price, status, created_date, updated_date) VALUES (1860, 59.95, 35, 'active', '2025-01-01 00:00:00', '2025-01-01 00:00:00');
INSERT INTO product_variants (id, product_id, color_id, size_id, price_id, material_id, season_id, status, created_date, updated_date) VALUES (1860, 143, 3, 9, 1860, 7, 3, 'active', '2025-01-01 00:00:00', '2025-01-01 00:00:00');
INSERT INTO prices (id, base_price, sale_price, status, created_date, updated_date) VALUES (1861, 59.95, 35, 'active', '2025-01-01 00:00:00', '2025-01-01 00:00:00');
INSERT INTO product_variants (id, product_id, color_id, size_id, price_id, material_id, season_id, status, created_date, updated_date) VALUES (1861, 143, 3, 10, 1861, 7, 4, 'active', '2025-01-01 00:00:00', '2025-01-01 00:00:00');
INSERT INTO prices (id, base_price, sale_price, status, created_date, updated_date) VALUES (1862, 59.95, 35, 'active', '2025-01-01 00:00:00', '2025-01-01 00:00:00');
INSERT INTO product_variants (id, product_id, color_id, size_id, price_id, material_id, season_id, status, created_date, updated_date) VALUES (1862, 143, 1, 9, 1862, 4, 1, 'active', '2025-01-01 00:00:00', '2025-01-01 00:00:00');
INSERT INTO prices (id, base_price, sale_price, status, created_date, updated_date) VALUES (1863, 59.95, 35, 'active', '2025-01-01 00:00:00', '2025-01-01 00:00:00');
INSERT INTO product_variants (id, product_id, color_id, size_id, price_id, material_id, season_id, status, created_date, updated_date) VALUES (1863, 143, 10, 9, 1863, 5, 3, 'active', '2025-01-01 00:00:00', '2025-01-01 00:00:00');
INSERT INTO prices (id, base_price, sale_price, status, created_date, updated_date) VALUES (1864, 59.95, 35, 'active', '2025-01-01 00:00:00', '2025-01-01 00:00:00');
INSERT INTO product_variants (id, product_id, color_id, size_id, price_id, material_id, season_id, status, created_date, updated_date) VALUES (1864, 143, 10, 8, 1864, 7, 4, 'active', '2025-01-01 00:00:00', '2025-01-01 00:00:00');
INSERT INTO prices (id, base_price, sale_price, status, created_date, updated_date) VALUES (1865, 59.95, 35, 'active', '2025-01-01 00:00:00', '2025-01-01 00:00:00');
INSERT INTO product_variants (id, product_id, color_id, size_id, price_id, material_id, season_id, status, created_date, updated_date) VALUES (1865, 143, 18, 3, 1865, 1, 2, 'active', '2025-01-01 00:00:00', '2025-01-01 00:00:00');
INSERT INTO prices (id, base_price, sale_price, status, created_date, updated_date) VALUES (1866, 59.95, 35, 'active', '2025-01-01 00:00:00', '2025-01-01 00:00:00');
INSERT INTO product_variants (id, product_id, color_id, size_id, price_id, material_id, season_id, status, created_date, updated_date) VALUES (1866, 143, 18, 2, 1866, 5, 3, 'active', '2025-01-01 00:00:00', '2025-01-01 00:00:00');
INSERT INTO prices (id, base_price, sale_price, status, created_date, updated_date) VALUES (1867, 59.95, 35, 'active', '2025-01-01 00:00:00', '2025-01-01 00:00:00');
INSERT INTO product_variants (id, product_id, color_id, size_id, price_id, material_id, season_id, status, created_date, updated_date) VALUES (1867, 143, 18, 1, 1867, 7, 3, 'active', '2025-01-01 00:00:00', '2025-01-01 00:00:00');
INSERT INTO prices (id, base_price, sale_price, status, created_date, updated_date) VALUES (1868, 59.95, 35, 'active', '2025-01-01 00:00:00', '2025-01-01 00:00:00');
INSERT INTO product_variants (id, product_id, color_id, size_id, price_id, material_id, season_id, status, created_date, updated_date) VALUES (1868, 143, 11, 7, 1868, 3, 1, 'active', '2025-01-01 00:00:00', '2025-01-01 00:00:00');
INSERT INTO prices (id, base_price, sale_price, status, created_date, updated_date) VALUES (1869, 59.95, 35, 'active', '2025-01-01 00:00:00', '2025-01-01 00:00:00');
INSERT INTO product_variants (id, product_id, color_id, size_id, price_id, material_id, season_id, status, created_date, updated_date) VALUES (1869, 143, 11, 10, 1869, 6, 2, 'active', '2025-01-01 00:00:00', '2025-01-01 00:00:00');
INSERT INTO prices (id, base_price, sale_price, status, created_date, updated_date) VALUES (1870, 59.95, 35, 'active', '2025-01-01 00:00:00', '2025-01-01 00:00:00');
INSERT INTO product_variants (id, product_id, color_id, size_id, price_id, material_id, season_id, status, created_date, updated_date) VALUES (1870, 143, 6, 3, 1870, 1, 4, 'active', '2025-01-01 00:00:00', '2025-01-01 00:00:00');
INSERT INTO prices (id, base_price, sale_price, status, created_date, updated_date) VALUES (1871, 59.95, 35, 'active', '2025-01-01 00:00:00', '2025-01-01 00:00:00');
INSERT INTO product_variants (id, product_id, color_id, size_id, price_id, material_id, season_id, status, created_date, updated_date) VALUES (1871, 143, 6, 4, 1871, 2, 4, 'active', '2025-01-01 00:00:00', '2025-01-01 00:00:00');
INSERT INTO prices (id, base_price, sale_price, status, created_date, updated_date) VALUES (1872, 59.95, 35, 'active', '2025-01-01 00:00:00', '2025-01-01 00:00:00');
INSERT INTO product_variants (id, product_id, color_id, size_id, price_id, material_id, season_id, status, created_date, updated_date) VALUES (1872, 143, 3, 6, 1872, 4, 1, 'active', '2025-01-01 00:00:00', '2025-01-01 00:00:00');
INSERT INTO prices (id, base_price, sale_price, status, created_date, updated_date) VALUES (1873, 59.95, 35, 'active', '2025-01-01 00:00:00', '2025-01-01 00:00:00');
INSERT INTO product_variants (id, product_id, color_id, size_id, price_id, material_id, season_id, status, created_date, updated_date) VALUES (1873, 143, 3, 2, 1873, 5, 2, 'active', '2025-01-01 00:00:00', '2025-01-01 00:00:00');
INSERT INTO prices (id, base_price, sale_price, status, created_date, updated_date) VALUES (1874, 59.95, 35, 'active', '2025-01-01 00:00:00', '2025-01-01 00:00:00');
INSERT INTO product_variants (id, product_id, color_id, size_id, price_id, material_id, season_id, status, created_date, updated_date) VALUES (1874, 143, 3, 8, 1874, 5, 1, 'active', '2025-01-01 00:00:00', '2025-01-01 00:00:00');
INSERT INTO prices (id, base_price, sale_price, status, created_date, updated_date) VALUES (1875, 59.95, 35, 'active', '2025-01-01 00:00:00', '2025-01-01 00:00:00');
INSERT INTO product_variants (id, product_id, color_id, size_id, price_id, material_id, season_id, status, created_date, updated_date) VALUES (1875, 143, 5, 10, 1875, 1, 4, 'active', '2025-01-01 00:00:00', '2025-01-01 00:00:00');
INSERT INTO prices (id, base_price, sale_price, status, created_date, updated_date) VALUES (1876, 59.95, 35, 'active', '2025-01-01 00:00:00', '2025-01-01 00:00:00');
INSERT INTO product_variants (id, product_id, color_id, size_id, price_id, material_id, season_id, status, created_date, updated_date) VALUES (1876, 143, 5, 4, 1876, 4, 4, 'active', '2025-01-01 00:00:00', '2025-01-01 00:00:00');
INSERT INTO prices (id, base_price, sale_price, status, created_date, updated_date) VALUES (1877, 59.95, 35, 'active', '2025-01-01 00:00:00', '2025-01-01 00:00:00');
INSERT INTO product_variants (id, product_id, color_id, size_id, price_id, material_id, season_id, status, created_date, updated_date) VALUES (1877, 143, 2, 10, 1877, 5, 3, 'active', '2025-01-01 00:00:00', '2025-01-01 00:00:00');
INSERT INTO prices (id, base_price, sale_price, status, created_date, updated_date) VALUES (1878, 59.95, 35, 'active', '2025-01-01 00:00:00', '2025-01-01 00:00:00');
INSERT INTO product_variants (id, product_id, color_id, size_id, price_id, material_id, season_id, status, created_date, updated_date) VALUES (1878, 143, 2, 5, 1878, 3, 4, 'active', '2025-01-01 00:00:00', '2025-01-01 00:00:00');
INSERT INTO prices (id, base_price, sale_price, status, created_date, updated_date) VALUES (1879, 59.95, 35, 'active', '2025-01-01 00:00:00', '2025-01-01 00:00:00');
INSERT INTO product_variants (id, product_id, color_id, size_id, price_id, material_id, season_id, status, created_date, updated_date) VALUES (1879, 143, 2, 7, 1879, 7, 3, 'active', '2025-01-01 00:00:00', '2025-01-01 00:00:00');
INSERT INTO product (id, name, description, category_id, status, created_date, updated_date, created_by, updated_by) VALUES (144, 'Organic Cotton Poplin Classic Shirt', 'Description for Organic Cotton Poplin Classic Shirt', 6, 'active', '2025-01-01 00:00:00', '2025-01-01 00:00:00', 1, 1);
INSERT INTO product_image (id, image_url, display_order, is_primary, product_id, created_date, updated_date) VALUES (874, 'https://www1.assets-gap.com/webcontent/0057/729/463/cn57729463.jpg?q=h&w=1152', 0, 1, 144, '2025-01-01 00:00:00', '2025-01-01 00:00:00');
INSERT INTO product_image (id, image_url, display_order, is_primary, product_id, created_date, updated_date) VALUES (875, 'https://www.gap.com/webcontent/0057/729/436/cn57729436.jpg', 1, 0, 144, '2025-01-01 00:00:00', '2025-01-01 00:00:00');
INSERT INTO product_image (id, image_url, display_order, is_primary, product_id, created_date, updated_date) VALUES (876, 'https://www.gap.com/webcontent/0057/729/168/cn57729168.jpg', 2, 0, 144, '2025-01-01 00:00:00', '2025-01-01 00:00:00');
INSERT INTO product_image (id, image_url, display_order, is_primary, product_id, created_date, updated_date) VALUES (877, 'https://www.gap.com/webcontent/0057/729/158/cn57729158.jpg', 3, 0, 144, '2025-01-01 00:00:00', '2025-01-01 00:00:00');
INSERT INTO product_image (id, image_url, display_order, is_primary, product_id, created_date, updated_date) VALUES (878, 'https://www.gap.com/webcontent/0057/447/862/cn57447862.jpg', 4, 0, 144, '2025-01-01 00:00:00', '2025-01-01 00:00:00');
INSERT INTO product_image (id, image_url, display_order, is_primary, product_id, created_date, updated_date) VALUES (879, 'https://www.gap.com/webcontent/0057/447/017/cn57447017.jpg', 5, 0, 144, '2025-01-01 00:00:00', '2025-01-01 00:00:00');
INSERT INTO prices (id, base_price, sale_price, status, created_date, updated_date) VALUES (1880, 59.95, 35, 'active', '2025-01-01 00:00:00', '2025-01-01 00:00:00');
INSERT INTO product_variants (id, product_id, color_id, size_id, price_id, material_id, season_id, status, created_date, updated_date) VALUES (1880, 144, 10, 8, 1880, 6, 3, 'active', '2025-01-01 00:00:00', '2025-01-01 00:00:00');
INSERT INTO prices (id, base_price, sale_price, status, created_date, updated_date) VALUES (1881, 59.95, 35, 'active', '2025-01-01 00:00:00', '2025-01-01 00:00:00');
INSERT INTO product_variants (id, product_id, color_id, size_id, price_id, material_id, season_id, status, created_date, updated_date) VALUES (1881, 144, 10, 10, 1881, 4, 3, 'active', '2025-01-01 00:00:00', '2025-01-01 00:00:00');
INSERT INTO prices (id, base_price, sale_price, status, created_date, updated_date) VALUES (1882, 59.95, 35, 'active', '2025-01-01 00:00:00', '2025-01-01 00:00:00');
INSERT INTO product_variants (id, product_id, color_id, size_id, price_id, material_id, season_id, status, created_date, updated_date) VALUES (1882, 144, 2, 3, 1882, 3, 4, 'active', '2025-01-01 00:00:00', '2025-01-01 00:00:00');
INSERT INTO prices (id, base_price, sale_price, status, created_date, updated_date) VALUES (1883, 59.95, 35, 'active', '2025-01-01 00:00:00', '2025-01-01 00:00:00');
INSERT INTO product_variants (id, product_id, color_id, size_id, price_id, material_id, season_id, status, created_date, updated_date) VALUES (1883, 144, 2, 7, 1883, 2, 3, 'active', '2025-01-01 00:00:00', '2025-01-01 00:00:00');
INSERT INTO prices (id, base_price, sale_price, status, created_date, updated_date) VALUES (1884, 59.95, 35, 'active', '2025-01-01 00:00:00', '2025-01-01 00:00:00');
INSERT INTO product_variants (id, product_id, color_id, size_id, price_id, material_id, season_id, status, created_date, updated_date) VALUES (1884, 144, 2, 6, 1884, 1, 3, 'active', '2025-01-01 00:00:00', '2025-01-01 00:00:00');
INSERT INTO prices (id, base_price, sale_price, status, created_date, updated_date) VALUES (1885, 59.95, 35, 'active', '2025-01-01 00:00:00', '2025-01-01 00:00:00');
INSERT INTO product_variants (id, product_id, color_id, size_id, price_id, material_id, season_id, status, created_date, updated_date) VALUES (1885, 144, 13, 6, 1885, 2, 1, 'active', '2025-01-01 00:00:00', '2025-01-01 00:00:00');
INSERT INTO prices (id, base_price, sale_price, status, created_date, updated_date) VALUES (1886, 59.95, 35, 'active', '2025-01-01 00:00:00', '2025-01-01 00:00:00');
INSERT INTO product_variants (id, product_id, color_id, size_id, price_id, material_id, season_id, status, created_date, updated_date) VALUES (1886, 144, 13, 2, 1886, 6, 2, 'active', '2025-01-01 00:00:00', '2025-01-01 00:00:00');
INSERT INTO prices (id, base_price, sale_price, status, created_date, updated_date) VALUES (1887, 59.95, 35, 'active', '2025-01-01 00:00:00', '2025-01-01 00:00:00');
INSERT INTO product_variants (id, product_id, color_id, size_id, price_id, material_id, season_id, status, created_date, updated_date) VALUES (1887, 144, 13, 4, 1887, 6, 4, 'active', '2025-01-01 00:00:00', '2025-01-01 00:00:00');
INSERT INTO prices (id, base_price, sale_price, status, created_date, updated_date) VALUES (1888, 59.95, 35, 'active', '2025-01-01 00:00:00', '2025-01-01 00:00:00');
INSERT INTO product_variants (id, product_id, color_id, size_id, price_id, material_id, season_id, status, created_date, updated_date) VALUES (1888, 144, 10, 9, 1888, 7, 1, 'active', '2025-01-01 00:00:00', '2025-01-01 00:00:00');
INSERT INTO prices (id, base_price, sale_price, status, created_date, updated_date) VALUES (1889, 59.95, 35, 'active', '2025-01-01 00:00:00', '2025-01-01 00:00:00');
INSERT INTO product_variants (id, product_id, color_id, size_id, price_id, material_id, season_id, status, created_date, updated_date) VALUES (1889, 144, 10, 5, 1889, 5, 4, 'active', '2025-01-01 00:00:00', '2025-01-01 00:00:00');
INSERT INTO prices (id, base_price, sale_price, status, created_date, updated_date) VALUES (1890, 59.95, 35, 'active', '2025-01-01 00:00:00', '2025-01-01 00:00:00');
INSERT INTO product_variants (id, product_id, color_id, size_id, price_id, material_id, season_id, status, created_date, updated_date) VALUES (1890, 144, 10, 2, 1890, 3, 3, 'active', '2025-01-01 00:00:00', '2025-01-01 00:00:00');
INSERT INTO prices (id, base_price, sale_price, status, created_date, updated_date) VALUES (1891, 59.95, 35, 'active', '2025-01-01 00:00:00', '2025-01-01 00:00:00');
INSERT INTO product_variants (id, product_id, color_id, size_id, price_id, material_id, season_id, status, created_date, updated_date) VALUES (1891, 144, 3, 5, 1891, 6, 2, 'active', '2025-01-01 00:00:00', '2025-01-01 00:00:00');
INSERT INTO prices (id, base_price, sale_price, status, created_date, updated_date) VALUES (1892, 59.95, 35, 'active', '2025-01-01 00:00:00', '2025-01-01 00:00:00');
INSERT INTO product_variants (id, product_id, color_id, size_id, price_id, material_id, season_id, status, created_date, updated_date) VALUES (1892, 144, 3, 9, 1892, 1, 1, 'active', '2025-01-01 00:00:00', '2025-01-01 00:00:00');
INSERT INTO prices (id, base_price, sale_price, status, created_date, updated_date) VALUES (1893, 59.95, 35, 'active', '2025-01-01 00:00:00', '2025-01-01 00:00:00');
INSERT INTO product_variants (id, product_id, color_id, size_id, price_id, material_id, season_id, status, created_date, updated_date) VALUES (1893, 144, 3, 2, 1893, 6, 1, 'active', '2025-01-01 00:00:00', '2025-01-01 00:00:00');
INSERT INTO prices (id, base_price, sale_price, status, created_date, updated_date) VALUES (1894, 59.95, 35, 'active', '2025-01-01 00:00:00', '2025-01-01 00:00:00');
INSERT INTO product_variants (id, product_id, color_id, size_id, price_id, material_id, season_id, status, created_date, updated_date) VALUES (1894, 144, 1, 7, 1894, 2, 2, 'active', '2025-01-01 00:00:00', '2025-01-01 00:00:00');
INSERT INTO prices (id, base_price, sale_price, status, created_date, updated_date) VALUES (1895, 59.95, 35, 'active', '2025-01-01 00:00:00', '2025-01-01 00:00:00');
INSERT INTO product_variants (id, product_id, color_id, size_id, price_id, material_id, season_id, status, created_date, updated_date) VALUES (1895, 144, 1, 2, 1895, 6, 4, 'active', '2025-01-01 00:00:00', '2025-01-01 00:00:00');
INSERT INTO prices (id, base_price, sale_price, status, created_date, updated_date) VALUES (1896, 59.95, 35, 'active', '2025-01-01 00:00:00', '2025-01-01 00:00:00');
INSERT INTO product_variants (id, product_id, color_id, size_id, price_id, material_id, season_id, status, created_date, updated_date) VALUES (1896, 144, 3, 4, 1896, 2, 3, 'active', '2025-01-01 00:00:00', '2025-01-01 00:00:00');
INSERT INTO prices (id, base_price, sale_price, status, created_date, updated_date) VALUES (1897, 59.95, 35, 'active', '2025-01-01 00:00:00', '2025-01-01 00:00:00');
INSERT INTO product_variants (id, product_id, color_id, size_id, price_id, material_id, season_id, status, created_date, updated_date) VALUES (1897, 144, 3, 10, 1897, 6, 2, 'active', '2025-01-01 00:00:00', '2025-01-01 00:00:00');
INSERT INTO prices (id, base_price, sale_price, status, created_date, updated_date) VALUES (1898, 59.95, 35, 'active', '2025-01-01 00:00:00', '2025-01-01 00:00:00');
INSERT INTO product_variants (id, product_id, color_id, size_id, price_id, material_id, season_id, status, created_date, updated_date) VALUES (1898, 144, 11, 2, 1898, 4, 2, 'active', '2025-01-01 00:00:00', '2025-01-01 00:00:00');
INSERT INTO prices (id, base_price, sale_price, status, created_date, updated_date) VALUES (1899, 59.95, 35, 'active', '2025-01-01 00:00:00', '2025-01-01 00:00:00');
INSERT INTO product_variants (id, product_id, color_id, size_id, price_id, material_id, season_id, status, created_date, updated_date) VALUES (1899, 144, 11, 9, 1899, 5, 3, 'active', '2025-01-01 00:00:00', '2025-01-01 00:00:00');
INSERT INTO prices (id, base_price, sale_price, status, created_date, updated_date) VALUES (1900, 59.95, 35, 'active', '2025-01-01 00:00:00', '2025-01-01 00:00:00');
INSERT INTO product_variants (id, product_id, color_id, size_id, price_id, material_id, season_id, status, created_date, updated_date) VALUES (1900, 144, 11, 6, 1900, 5, 4, 'active', '2025-01-01 00:00:00', '2025-01-01 00:00:00');
INSERT INTO product (id, name, description, category_id, status, created_date, updated_date, created_by, updated_by) VALUES (145, 'VintageSoft Baggy Wide-Leg Sweatpants', 'Description for VintageSoft Baggy Wide-Leg Sweatpants', 7, 'active', '2025-01-01 00:00:00', '2025-01-01 00:00:00', 1, 1);
INSERT INTO product_image (id, image_url, display_order, is_primary, product_id, created_date, updated_date) VALUES (880, 'https://www1.assets-gap.com/webcontent/0056/601/381/cn56601381.jpg?q=h&w=1152', 0, 1, 145, '2025-01-01 00:00:00', '2025-01-01 00:00:00');
INSERT INTO product_image (id, image_url, display_order, is_primary, product_id, created_date, updated_date) VALUES (881, 'https://www.gap.com/webcontent/0056/601/367/cn56601367.jpg', 1, 0, 145, '2025-01-01 00:00:00', '2025-01-01 00:00:00');
INSERT INTO product_image (id, image_url, display_order, is_primary, product_id, created_date, updated_date) VALUES (882, 'https://www.gap.com/webcontent/0056/600/701/cn56600701.jpg', 2, 0, 145, '2025-01-01 00:00:00', '2025-01-01 00:00:00');
INSERT INTO product_image (id, image_url, display_order, is_primary, product_id, created_date, updated_date) VALUES (883, 'https://www.gap.com/webcontent/0056/600/686/cn56600686.jpg', 3, 0, 145, '2025-01-01 00:00:00', '2025-01-01 00:00:00');
INSERT INTO product_image (id, image_url, display_order, is_primary, product_id, created_date, updated_date) VALUES (884, 'https://www.gap.com/webcontent/0056/600/685/cn56600685.jpg', 4, 0, 145, '2025-01-01 00:00:00', '2025-01-01 00:00:00');
INSERT INTO product_image (id, image_url, display_order, is_primary, product_id, created_date, updated_date) VALUES (885, 'https://www.gap.com/webcontent/0056/548/138/cn56548138.jpg', 5, 0, 145, '2025-01-01 00:00:00', '2025-01-01 00:00:00');
INSERT INTO prices (id, base_price, sale_price, status, created_date, updated_date) VALUES (1901, 59.95, 47, 'active', '2025-01-01 00:00:00', '2025-01-01 00:00:00');
INSERT INTO product_variants (id, product_id, color_id, size_id, price_id, material_id, season_id, status, created_date, updated_date) VALUES (1901, 145, 11, 9, 1901, 2, 3, 'active', '2025-01-01 00:00:00', '2025-01-01 00:00:00');
INSERT INTO prices (id, base_price, sale_price, status, created_date, updated_date) VALUES (1902, 59.95, 47, 'active', '2025-01-01 00:00:00', '2025-01-01 00:00:00');
INSERT INTO product_variants (id, product_id, color_id, size_id, price_id, material_id, season_id, status, created_date, updated_date) VALUES (1902, 145, 11, 8, 1902, 5, 1, 'active', '2025-01-01 00:00:00', '2025-01-01 00:00:00');
INSERT INTO prices (id, base_price, sale_price, status, created_date, updated_date) VALUES (1903, 59.95, 47, 'active', '2025-01-01 00:00:00', '2025-01-01 00:00:00');
INSERT INTO product_variants (id, product_id, color_id, size_id, price_id, material_id, season_id, status, created_date, updated_date) VALUES (1903, 145, 11, 5, 1903, 5, 1, 'active', '2025-01-01 00:00:00', '2025-01-01 00:00:00');
INSERT INTO prices (id, base_price, sale_price, status, created_date, updated_date) VALUES (1904, 59.95, 47, 'active', '2025-01-01 00:00:00', '2025-01-01 00:00:00');
INSERT INTO product_variants (id, product_id, color_id, size_id, price_id, material_id, season_id, status, created_date, updated_date) VALUES (1904, 145, 3, 6, 1904, 4, 2, 'active', '2025-01-01 00:00:00', '2025-01-01 00:00:00');
INSERT INTO prices (id, base_price, sale_price, status, created_date, updated_date) VALUES (1905, 59.95, 47, 'active', '2025-01-01 00:00:00', '2025-01-01 00:00:00');
INSERT INTO product_variants (id, product_id, color_id, size_id, price_id, material_id, season_id, status, created_date, updated_date) VALUES (1905, 145, 2, 4, 1905, 7, 3, 'active', '2025-01-01 00:00:00', '2025-01-01 00:00:00');
INSERT INTO prices (id, base_price, sale_price, status, created_date, updated_date) VALUES (1906, 59.95, 47, 'active', '2025-01-01 00:00:00', '2025-01-01 00:00:00');
INSERT INTO product_variants (id, product_id, color_id, size_id, price_id, material_id, season_id, status, created_date, updated_date) VALUES (1906, 145, 2, 8, 1906, 4, 4, 'active', '2025-01-01 00:00:00', '2025-01-01 00:00:00');
INSERT INTO prices (id, base_price, sale_price, status, created_date, updated_date) VALUES (1907, 59.95, 47, 'active', '2025-01-01 00:00:00', '2025-01-01 00:00:00');
INSERT INTO product_variants (id, product_id, color_id, size_id, price_id, material_id, season_id, status, created_date, updated_date) VALUES (1907, 145, 3, 6, 1907, 3, 2, 'active', '2025-01-01 00:00:00', '2025-01-01 00:00:00');
INSERT INTO prices (id, base_price, sale_price, status, created_date, updated_date) VALUES (1908, 59.95, 47, 'active', '2025-01-01 00:00:00', '2025-01-01 00:00:00');
INSERT INTO product_variants (id, product_id, color_id, size_id, price_id, material_id, season_id, status, created_date, updated_date) VALUES (1908, 145, 3, 2, 1908, 5, 1, 'active', '2025-01-01 00:00:00', '2025-01-01 00:00:00');
INSERT INTO prices (id, base_price, sale_price, status, created_date, updated_date) VALUES (1909, 59.95, 47, 'active', '2025-01-01 00:00:00', '2025-01-01 00:00:00');
INSERT INTO product_variants (id, product_id, color_id, size_id, price_id, material_id, season_id, status, created_date, updated_date) VALUES (1909, 145, 3, 9, 1909, 4, 4, 'active', '2025-01-01 00:00:00', '2025-01-01 00:00:00');
INSERT INTO prices (id, base_price, sale_price, status, created_date, updated_date) VALUES (1910, 59.95, 47, 'active', '2025-01-01 00:00:00', '2025-01-01 00:00:00');
INSERT INTO product_variants (id, product_id, color_id, size_id, price_id, material_id, season_id, status, created_date, updated_date) VALUES (1910, 145, 4, 8, 1910, 3, 1, 'active', '2025-01-01 00:00:00', '2025-01-01 00:00:00');
INSERT INTO prices (id, base_price, sale_price, status, created_date, updated_date) VALUES (1911, 59.95, 47, 'active', '2025-01-01 00:00:00', '2025-01-01 00:00:00');
INSERT INTO product_variants (id, product_id, color_id, size_id, price_id, material_id, season_id, status, created_date, updated_date) VALUES (1911, 145, 4, 1, 1911, 4, 3, 'active', '2025-01-01 00:00:00', '2025-01-01 00:00:00');
INSERT INTO prices (id, base_price, sale_price, status, created_date, updated_date) VALUES (1912, 59.95, 47, 'active', '2025-01-01 00:00:00', '2025-01-01 00:00:00');
INSERT INTO product_variants (id, product_id, color_id, size_id, price_id, material_id, season_id, status, created_date, updated_date) VALUES (1912, 145, 2, 4, 1912, 3, 2, 'active', '2025-01-01 00:00:00', '2025-01-01 00:00:00');
INSERT INTO prices (id, base_price, sale_price, status, created_date, updated_date) VALUES (1913, 59.95, 47, 'active', '2025-01-01 00:00:00', '2025-01-01 00:00:00');
INSERT INTO product_variants (id, product_id, color_id, size_id, price_id, material_id, season_id, status, created_date, updated_date) VALUES (1913, 145, 9, 2, 1913, 7, 4, 'active', '2025-01-01 00:00:00', '2025-01-01 00:00:00');
INSERT INTO prices (id, base_price, sale_price, status, created_date, updated_date) VALUES (1914, 59.95, 47, 'active', '2025-01-01 00:00:00', '2025-01-01 00:00:00');
INSERT INTO product_variants (id, product_id, color_id, size_id, price_id, material_id, season_id, status, created_date, updated_date) VALUES (1914, 145, 9, 4, 1914, 4, 4, 'active', '2025-01-01 00:00:00', '2025-01-01 00:00:00');
INSERT INTO prices (id, base_price, sale_price, status, created_date, updated_date) VALUES (1915, 59.95, 47, 'active', '2025-01-01 00:00:00', '2025-01-01 00:00:00');
INSERT INTO product_variants (id, product_id, color_id, size_id, price_id, material_id, season_id, status, created_date, updated_date) VALUES (1915, 145, 9, 1, 1915, 1, 2, 'active', '2025-01-01 00:00:00', '2025-01-01 00:00:00');
INSERT INTO prices (id, base_price, sale_price, status, created_date, updated_date) VALUES (1916, 59.95, 47, 'active', '2025-01-01 00:00:00', '2025-01-01 00:00:00');
INSERT INTO product_variants (id, product_id, color_id, size_id, price_id, material_id, season_id, status, created_date, updated_date) VALUES (1916, 145, 4, 8, 1916, 5, 3, 'active', '2025-01-01 00:00:00', '2025-01-01 00:00:00');
INSERT INTO prices (id, base_price, sale_price, status, created_date, updated_date) VALUES (1917, 59.95, 47, 'active', '2025-01-01 00:00:00', '2025-01-01 00:00:00');
INSERT INTO product_variants (id, product_id, color_id, size_id, price_id, material_id, season_id, status, created_date, updated_date) VALUES (1917, 145, 4, 3, 1917, 6, 1, 'active', '2025-01-01 00:00:00', '2025-01-01 00:00:00');
INSERT INTO prices (id, base_price, sale_price, status, created_date, updated_date) VALUES (1918, 59.95, 47, 'active', '2025-01-01 00:00:00', '2025-01-01 00:00:00');
INSERT INTO product_variants (id, product_id, color_id, size_id, price_id, material_id, season_id, status, created_date, updated_date) VALUES (1918, 145, 1, 10, 1918, 5, 3, 'active', '2025-01-01 00:00:00', '2025-01-01 00:00:00');
INSERT INTO prices (id, base_price, sale_price, status, created_date, updated_date) VALUES (1919, 59.95, 47, 'active', '2025-01-01 00:00:00', '2025-01-01 00:00:00');
INSERT INTO product_variants (id, product_id, color_id, size_id, price_id, material_id, season_id, status, created_date, updated_date) VALUES (1919, 145, 1, 2, 1919, 6, 2, 'active', '2025-01-01 00:00:00', '2025-01-01 00:00:00');
INSERT INTO prices (id, base_price, sale_price, status, created_date, updated_date) VALUES (1920, 59.95, 47, 'active', '2025-01-01 00:00:00', '2025-01-01 00:00:00');
INSERT INTO product_variants (id, product_id, color_id, size_id, price_id, material_id, season_id, status, created_date, updated_date) VALUES (1920, 145, 3, 4, 1920, 6, 2, 'active', '2025-01-01 00:00:00', '2025-01-01 00:00:00');
INSERT INTO prices (id, base_price, sale_price, status, created_date, updated_date) VALUES (1921, 59.95, 47, 'active', '2025-01-01 00:00:00', '2025-01-01 00:00:00');
INSERT INTO product_variants (id, product_id, color_id, size_id, price_id, material_id, season_id, status, created_date, updated_date) VALUES (1921, 145, 3, 6, 1921, 7, 1, 'active', '2025-01-01 00:00:00', '2025-01-01 00:00:00');
INSERT INTO prices (id, base_price, sale_price, status, created_date, updated_date) VALUES (1922, 59.95, 47, 'active', '2025-01-01 00:00:00', '2025-01-01 00:00:00');
INSERT INTO product_variants (id, product_id, color_id, size_id, price_id, material_id, season_id, status, created_date, updated_date) VALUES (1922, 145, 9, 4, 1922, 7, 2, 'active', '2025-01-01 00:00:00', '2025-01-01 00:00:00');
INSERT INTO prices (id, base_price, sale_price, status, created_date, updated_date) VALUES (1923, 59.95, 47, 'active', '2025-01-01 00:00:00', '2025-01-01 00:00:00');
INSERT INTO product_variants (id, product_id, color_id, size_id, price_id, material_id, season_id, status, created_date, updated_date) VALUES (1923, 145, 7, 3, 1923, 3, 3, 'active', '2025-01-01 00:00:00', '2025-01-01 00:00:00');
INSERT INTO prices (id, base_price, sale_price, status, created_date, updated_date) VALUES (1924, 59.95, 47, 'active', '2025-01-01 00:00:00', '2025-01-01 00:00:00');
INSERT INTO product_variants (id, product_id, color_id, size_id, price_id, material_id, season_id, status, created_date, updated_date) VALUES (1924, 145, 7, 5, 1924, 2, 2, 'active', '2025-01-01 00:00:00', '2025-01-01 00:00:00');
INSERT INTO prices (id, base_price, sale_price, status, created_date, updated_date) VALUES (1925, 59.95, 47, 'active', '2025-01-01 00:00:00', '2025-01-01 00:00:00');
INSERT INTO product_variants (id, product_id, color_id, size_id, price_id, material_id, season_id, status, created_date, updated_date) VALUES (1925, 145, 7, 1, 1925, 4, 2, 'active', '2025-01-01 00:00:00', '2025-01-01 00:00:00');
INSERT INTO product (id, name, description, category_id, status, created_date, updated_date, created_by, updated_by) VALUES (146, 'VintageSoft Baggy Wide-Leg Sweatpants', 'Description for VintageSoft Baggy Wide-Leg Sweatpants', 7, 'active', '2025-01-01 00:00:00', '2025-01-01 00:00:00', 1, 1);
INSERT INTO product_image (id, image_url, display_order, is_primary, product_id, created_date, updated_date) VALUES (886, 'https://www1.assets-gap.com/webcontent/0059/548/622/cn59548622.jpg?q=h&w=1152', 0, 1, 146, '2025-01-01 00:00:00', '2025-01-01 00:00:00');
INSERT INTO product_image (id, image_url, display_order, is_primary, product_id, created_date, updated_date) VALUES (887, 'https://www.gap.com/webcontent/0059/548/612/cn59548612.jpg', 1, 0, 146, '2025-01-01 00:00:00', '2025-01-01 00:00:00');
INSERT INTO product_image (id, image_url, display_order, is_primary, product_id, created_date, updated_date) VALUES (888, 'https://www.gap.com/webcontent/0059/461/145/cn59461145.jpg', 2, 0, 146, '2025-01-01 00:00:00', '2025-01-01 00:00:00');
INSERT INTO product_image (id, image_url, display_order, is_primary, product_id, created_date, updated_date) VALUES (889, 'https://www.gap.com/webcontent/0059/461/139/cn59461139.jpg', 3, 0, 146, '2025-01-01 00:00:00', '2025-01-01 00:00:00');
INSERT INTO product_image (id, image_url, display_order, is_primary, product_id, created_date, updated_date) VALUES (890, 'https://www.gap.com/webcontent/0059/461/130/cn59461130.jpg', 4, 0, 146, '2025-01-01 00:00:00', '2025-01-01 00:00:00');
INSERT INTO product_image (id, image_url, display_order, is_primary, product_id, created_date, updated_date) VALUES (891, 'https://www.gap.com/webcontent/0056/548/126/cn56548126.jpg', 5, 0, 146, '2025-01-01 00:00:00', '2025-01-01 00:00:00');
INSERT INTO prices (id, base_price, sale_price, status, created_date, updated_date) VALUES (1926, 59.95, 47, 'active', '2025-01-01 00:00:00', '2025-01-01 00:00:00');
INSERT INTO product_variants (id, product_id, color_id, size_id, price_id, material_id, season_id, status, created_date, updated_date) VALUES (1926, 146, 11, 9, 1926, 7, 2, 'active', '2025-01-01 00:00:00', '2025-01-01 00:00:00');
INSERT INTO prices (id, base_price, sale_price, status, created_date, updated_date) VALUES (1927, 59.95, 47, 'active', '2025-01-01 00:00:00', '2025-01-01 00:00:00');
INSERT INTO product_variants (id, product_id, color_id, size_id, price_id, material_id, season_id, status, created_date, updated_date) VALUES (1927, 146, 11, 7, 1927, 1, 3, 'active', '2025-01-01 00:00:00', '2025-01-01 00:00:00');
INSERT INTO prices (id, base_price, sale_price, status, created_date, updated_date) VALUES (1928, 59.95, 47, 'active', '2025-01-01 00:00:00', '2025-01-01 00:00:00');
INSERT INTO product_variants (id, product_id, color_id, size_id, price_id, material_id, season_id, status, created_date, updated_date) VALUES (1928, 146, 3, 6, 1928, 6, 3, 'active', '2025-01-01 00:00:00', '2025-01-01 00:00:00');
INSERT INTO prices (id, base_price, sale_price, status, created_date, updated_date) VALUES (1929, 59.95, 47, 'active', '2025-01-01 00:00:00', '2025-01-01 00:00:00');
INSERT INTO product_variants (id, product_id, color_id, size_id, price_id, material_id, season_id, status, created_date, updated_date) VALUES (1929, 146, 3, 7, 1929, 5, 1, 'active', '2025-01-01 00:00:00', '2025-01-01 00:00:00');
INSERT INTO prices (id, base_price, sale_price, status, created_date, updated_date) VALUES (1930, 59.95, 47, 'active', '2025-01-01 00:00:00', '2025-01-01 00:00:00');
INSERT INTO product_variants (id, product_id, color_id, size_id, price_id, material_id, season_id, status, created_date, updated_date) VALUES (1930, 146, 2, 10, 1930, 6, 3, 'active', '2025-01-01 00:00:00', '2025-01-01 00:00:00');
INSERT INTO prices (id, base_price, sale_price, status, created_date, updated_date) VALUES (1931, 59.95, 47, 'active', '2025-01-01 00:00:00', '2025-01-01 00:00:00');
INSERT INTO product_variants (id, product_id, color_id, size_id, price_id, material_id, season_id, status, created_date, updated_date) VALUES (1931, 146, 2, 5, 1931, 5, 2, 'active', '2025-01-01 00:00:00', '2025-01-01 00:00:00');
INSERT INTO prices (id, base_price, sale_price, status, created_date, updated_date) VALUES (1932, 59.95, 47, 'active', '2025-01-01 00:00:00', '2025-01-01 00:00:00');
INSERT INTO product_variants (id, product_id, color_id, size_id, price_id, material_id, season_id, status, created_date, updated_date) VALUES (1932, 146, 2, 3, 1932, 1, 3, 'active', '2025-01-01 00:00:00', '2025-01-01 00:00:00');
INSERT INTO prices (id, base_price, sale_price, status, created_date, updated_date) VALUES (1933, 59.95, 47, 'active', '2025-01-01 00:00:00', '2025-01-01 00:00:00');
INSERT INTO product_variants (id, product_id, color_id, size_id, price_id, material_id, season_id, status, created_date, updated_date) VALUES (1933, 146, 3, 2, 1933, 5, 1, 'active', '2025-01-01 00:00:00', '2025-01-01 00:00:00');
INSERT INTO prices (id, base_price, sale_price, status, created_date, updated_date) VALUES (1934, 59.95, 47, 'active', '2025-01-01 00:00:00', '2025-01-01 00:00:00');
INSERT INTO product_variants (id, product_id, color_id, size_id, price_id, material_id, season_id, status, created_date, updated_date) VALUES (1934, 146, 3, 10, 1934, 5, 2, 'active', '2025-01-01 00:00:00', '2025-01-01 00:00:00');
INSERT INTO prices (id, base_price, sale_price, status, created_date, updated_date) VALUES (1935, 59.95, 47, 'active', '2025-01-01 00:00:00', '2025-01-01 00:00:00');
INSERT INTO product_variants (id, product_id, color_id, size_id, price_id, material_id, season_id, status, created_date, updated_date) VALUES (1935, 146, 3, 7, 1935, 6, 1, 'active', '2025-01-01 00:00:00', '2025-01-01 00:00:00');
INSERT INTO prices (id, base_price, sale_price, status, created_date, updated_date) VALUES (1936, 59.95, 47, 'active', '2025-01-01 00:00:00', '2025-01-01 00:00:00');
INSERT INTO product_variants (id, product_id, color_id, size_id, price_id, material_id, season_id, status, created_date, updated_date) VALUES (1936, 146, 4, 7, 1936, 4, 4, 'active', '2025-01-01 00:00:00', '2025-01-01 00:00:00');
INSERT INTO prices (id, base_price, sale_price, status, created_date, updated_date) VALUES (1937, 59.95, 47, 'active', '2025-01-01 00:00:00', '2025-01-01 00:00:00');
INSERT INTO product_variants (id, product_id, color_id, size_id, price_id, material_id, season_id, status, created_date, updated_date) VALUES (1937, 146, 4, 2, 1937, 5, 4, 'active', '2025-01-01 00:00:00', '2025-01-01 00:00:00');
INSERT INTO prices (id, base_price, sale_price, status, created_date, updated_date) VALUES (1938, 59.95, 47, 'active', '2025-01-01 00:00:00', '2025-01-01 00:00:00');
INSERT INTO product_variants (id, product_id, color_id, size_id, price_id, material_id, season_id, status, created_date, updated_date) VALUES (1938, 146, 2, 2, 1938, 5, 4, 'active', '2025-01-01 00:00:00', '2025-01-01 00:00:00');
INSERT INTO prices (id, base_price, sale_price, status, created_date, updated_date) VALUES (1939, 59.95, 47, 'active', '2025-01-01 00:00:00', '2025-01-01 00:00:00');
INSERT INTO product_variants (id, product_id, color_id, size_id, price_id, material_id, season_id, status, created_date, updated_date) VALUES (1939, 146, 2, 6, 1939, 5, 1, 'active', '2025-01-01 00:00:00', '2025-01-01 00:00:00');
INSERT INTO prices (id, base_price, sale_price, status, created_date, updated_date) VALUES (1940, 59.95, 47, 'active', '2025-01-01 00:00:00', '2025-01-01 00:00:00');
INSERT INTO product_variants (id, product_id, color_id, size_id, price_id, material_id, season_id, status, created_date, updated_date) VALUES (1940, 146, 9, 2, 1940, 4, 1, 'active', '2025-01-01 00:00:00', '2025-01-01 00:00:00');
INSERT INTO prices (id, base_price, sale_price, status, created_date, updated_date) VALUES (1941, 59.95, 47, 'active', '2025-01-01 00:00:00', '2025-01-01 00:00:00');
INSERT INTO product_variants (id, product_id, color_id, size_id, price_id, material_id, season_id, status, created_date, updated_date) VALUES (1941, 146, 9, 3, 1941, 3, 3, 'active', '2025-01-01 00:00:00', '2025-01-01 00:00:00');
INSERT INTO prices (id, base_price, sale_price, status, created_date, updated_date) VALUES (1942, 59.95, 47, 'active', '2025-01-01 00:00:00', '2025-01-01 00:00:00');
INSERT INTO product_variants (id, product_id, color_id, size_id, price_id, material_id, season_id, status, created_date, updated_date) VALUES (1942, 146, 4, 8, 1942, 2, 4, 'active', '2025-01-01 00:00:00', '2025-01-01 00:00:00');
INSERT INTO prices (id, base_price, sale_price, status, created_date, updated_date) VALUES (1943, 59.95, 47, 'active', '2025-01-01 00:00:00', '2025-01-01 00:00:00');
INSERT INTO product_variants (id, product_id, color_id, size_id, price_id, material_id, season_id, status, created_date, updated_date) VALUES (1943, 146, 4, 5, 1943, 2, 3, 'active', '2025-01-01 00:00:00', '2025-01-01 00:00:00');
INSERT INTO prices (id, base_price, sale_price, status, created_date, updated_date) VALUES (1944, 59.95, 47, 'active', '2025-01-01 00:00:00', '2025-01-01 00:00:00');
INSERT INTO product_variants (id, product_id, color_id, size_id, price_id, material_id, season_id, status, created_date, updated_date) VALUES (1944, 146, 1, 5, 1944, 7, 2, 'active', '2025-01-01 00:00:00', '2025-01-01 00:00:00');
INSERT INTO prices (id, base_price, sale_price, status, created_date, updated_date) VALUES (1945, 59.95, 47, 'active', '2025-01-01 00:00:00', '2025-01-01 00:00:00');
INSERT INTO product_variants (id, product_id, color_id, size_id, price_id, material_id, season_id, status, created_date, updated_date) VALUES (1945, 146, 1, 2, 1945, 6, 2, 'active', '2025-01-01 00:00:00', '2025-01-01 00:00:00');
INSERT INTO prices (id, base_price, sale_price, status, created_date, updated_date) VALUES (1946, 59.95, 47, 'active', '2025-01-01 00:00:00', '2025-01-01 00:00:00');
INSERT INTO product_variants (id, product_id, color_id, size_id, price_id, material_id, season_id, status, created_date, updated_date) VALUES (1946, 146, 3, 4, 1946, 4, 2, 'active', '2025-01-01 00:00:00', '2025-01-01 00:00:00');
INSERT INTO prices (id, base_price, sale_price, status, created_date, updated_date) VALUES (1947, 59.95, 47, 'active', '2025-01-01 00:00:00', '2025-01-01 00:00:00');
INSERT INTO product_variants (id, product_id, color_id, size_id, price_id, material_id, season_id, status, created_date, updated_date) VALUES (1947, 146, 9, 4, 1947, 2, 1, 'active', '2025-01-01 00:00:00', '2025-01-01 00:00:00');
INSERT INTO prices (id, base_price, sale_price, status, created_date, updated_date) VALUES (1948, 59.95, 47, 'active', '2025-01-01 00:00:00', '2025-01-01 00:00:00');
INSERT INTO product_variants (id, product_id, color_id, size_id, price_id, material_id, season_id, status, created_date, updated_date) VALUES (1948, 146, 9, 9, 1948, 4, 2, 'active', '2025-01-01 00:00:00', '2025-01-01 00:00:00');
INSERT INTO prices (id, base_price, sale_price, status, created_date, updated_date) VALUES (1949, 59.95, 47, 'active', '2025-01-01 00:00:00', '2025-01-01 00:00:00');
INSERT INTO product_variants (id, product_id, color_id, size_id, price_id, material_id, season_id, status, created_date, updated_date) VALUES (1949, 146, 9, 7, 1949, 4, 2, 'active', '2025-01-01 00:00:00', '2025-01-01 00:00:00');
INSERT INTO prices (id, base_price, sale_price, status, created_date, updated_date) VALUES (1950, 59.95, 47, 'active', '2025-01-01 00:00:00', '2025-01-01 00:00:00');
INSERT INTO product_variants (id, product_id, color_id, size_id, price_id, material_id, season_id, status, created_date, updated_date) VALUES (1950, 146, 7, 10, 1950, 4, 1, 'active', '2025-01-01 00:00:00', '2025-01-01 00:00:00');
INSERT INTO prices (id, base_price, sale_price, status, created_date, updated_date) VALUES (1951, 59.95, 47, 'active', '2025-01-01 00:00:00', '2025-01-01 00:00:00');
INSERT INTO product_variants (id, product_id, color_id, size_id, price_id, material_id, season_id, status, created_date, updated_date) VALUES (1951, 146, 7, 5, 1951, 1, 4, 'active', '2025-01-01 00:00:00', '2025-01-01 00:00:00');
INSERT INTO product (id, name, description, category_id, status, created_date, updated_date, created_by, updated_by) VALUES (147, 'High Rise VintageSoft Relaxed Joggers', 'Description for High Rise VintageSoft Relaxed Joggers', 7, 'active', '2025-01-01 00:00:00', '2025-01-01 00:00:00', 1, 1);
INSERT INTO product_image (id, image_url, display_order, is_primary, product_id, created_date, updated_date) VALUES (892, 'https://www1.assets-gap.com/webcontent/0059/151/338/cn59151338.jpg?q=h&w=1152', 0, 1, 147, '2025-01-01 00:00:00', '2025-01-01 00:00:00');
INSERT INTO product_image (id, image_url, display_order, is_primary, product_id, created_date, updated_date) VALUES (893, 'https://www.gap.com/webcontent/0059/151/311/cn59151311.jpg', 1, 0, 147, '2025-01-01 00:00:00', '2025-01-01 00:00:00');
INSERT INTO product_image (id, image_url, display_order, is_primary, product_id, created_date, updated_date) VALUES (894, 'https://www.gap.com/webcontent/0059/151/387/cn59151387.jpg', 2, 0, 147, '2025-01-01 00:00:00', '2025-01-01 00:00:00');
INSERT INTO product_image (id, image_url, display_order, is_primary, product_id, created_date, updated_date) VALUES (895, 'https://www.gap.com/webcontent/0059/151/074/cn59151074.jpg', 3, 0, 147, '2025-01-01 00:00:00', '2025-01-01 00:00:00');
INSERT INTO product_image (id, image_url, display_order, is_primary, product_id, created_date, updated_date) VALUES (896, 'https://www.gap.com/webcontent/0059/151/339/cn59151339.jpg', 4, 0, 147, '2025-01-01 00:00:00', '2025-01-01 00:00:00');
INSERT INTO product_image (id, image_url, display_order, is_primary, product_id, created_date, updated_date) VALUES (897, 'https://www.gap.com/webcontent/0053/450/970/cn53450970.jpg', 5, 0, 147, '2025-01-01 00:00:00', '2025-01-01 00:00:00');
INSERT INTO product_image (id, image_url, display_order, is_primary, product_id, created_date, updated_date) VALUES (898, 'https://www.gap.com/webcontent/0053/426/050/cn53426050.jpg', 6, 0, 147, '2025-01-01 00:00:00', '2025-01-01 00:00:00');
INSERT INTO product_image (id, image_url, display_order, is_primary, product_id, created_date, updated_date) VALUES (899, 'https://www.gap.com/webcontent/0059/127/143/cn59127143.jpg', 7, 0, 147, '2025-01-01 00:00:00', '2025-01-01 00:00:00');
INSERT INTO product_image (id, image_url, display_order, is_primary, product_id, created_date, updated_date) VALUES (900, 'https://www.gap.com/webcontent/0060/825/655/cn60825655.jpg', 8, 0, 147, '2025-01-01 00:00:00', '2025-01-01 00:00:00');
INSERT INTO prices (id, base_price, sale_price, status, created_date, updated_date) VALUES (1952, 59.95, 35, 'active', '2025-01-01 00:00:00', '2025-01-01 00:00:00');
INSERT INTO product_variants (id, product_id, color_id, size_id, price_id, material_id, season_id, status, created_date, updated_date) VALUES (1952, 147, 1, 4, 1952, 7, 1, 'active', '2025-01-01 00:00:00', '2025-01-01 00:00:00');
INSERT INTO prices (id, base_price, sale_price, status, created_date, updated_date) VALUES (1953, 59.95, 35, 'active', '2025-01-01 00:00:00', '2025-01-01 00:00:00');
INSERT INTO product_variants (id, product_id, color_id, size_id, price_id, material_id, season_id, status, created_date, updated_date) VALUES (1953, 147, 1, 2, 1953, 5, 4, 'active', '2025-01-01 00:00:00', '2025-01-01 00:00:00');
INSERT INTO prices (id, base_price, sale_price, status, created_date, updated_date) VALUES (1954, 59.95, 35, 'active', '2025-01-01 00:00:00', '2025-01-01 00:00:00');
INSERT INTO product_variants (id, product_id, color_id, size_id, price_id, material_id, season_id, status, created_date, updated_date) VALUES (1954, 147, 3, 1, 1954, 7, 4, 'active', '2025-01-01 00:00:00', '2025-01-01 00:00:00');
INSERT INTO prices (id, base_price, sale_price, status, created_date, updated_date) VALUES (1955, 59.95, 35, 'active', '2025-01-01 00:00:00', '2025-01-01 00:00:00');
INSERT INTO product_variants (id, product_id, color_id, size_id, price_id, material_id, season_id, status, created_date, updated_date) VALUES (1955, 147, 3, 3, 1955, 7, 4, 'active', '2025-01-01 00:00:00', '2025-01-01 00:00:00');
INSERT INTO prices (id, base_price, sale_price, status, created_date, updated_date) VALUES (1956, 59.95, 35, 'active', '2025-01-01 00:00:00', '2025-01-01 00:00:00');
INSERT INTO product_variants (id, product_id, color_id, size_id, price_id, material_id, season_id, status, created_date, updated_date) VALUES (1956, 147, 3, 10, 1956, 7, 4, 'active', '2025-01-01 00:00:00', '2025-01-01 00:00:00');
INSERT INTO prices (id, base_price, sale_price, status, created_date, updated_date) VALUES (1957, 59.95, 35, 'active', '2025-01-01 00:00:00', '2025-01-01 00:00:00');
INSERT INTO product_variants (id, product_id, color_id, size_id, price_id, material_id, season_id, status, created_date, updated_date) VALUES (1957, 147, 9, 3, 1957, 5, 2, 'active', '2025-01-01 00:00:00', '2025-01-01 00:00:00');
INSERT INTO prices (id, base_price, sale_price, status, created_date, updated_date) VALUES (1958, 59.95, 35, 'active', '2025-01-01 00:00:00', '2025-01-01 00:00:00');
INSERT INTO product_variants (id, product_id, color_id, size_id, price_id, material_id, season_id, status, created_date, updated_date) VALUES (1958, 147, 9, 7, 1958, 5, 3, 'active', '2025-01-01 00:00:00', '2025-01-01 00:00:00');
INSERT INTO prices (id, base_price, sale_price, status, created_date, updated_date) VALUES (1959, 59.95, 35, 'active', '2025-01-01 00:00:00', '2025-01-01 00:00:00');
INSERT INTO product_variants (id, product_id, color_id, size_id, price_id, material_id, season_id, status, created_date, updated_date) VALUES (1959, 147, 9, 2, 1959, 7, 3, 'active', '2025-01-01 00:00:00', '2025-01-01 00:00:00');
INSERT INTO prices (id, base_price, sale_price, status, created_date, updated_date) VALUES (1960, 59.95, 35, 'active', '2025-01-01 00:00:00', '2025-01-01 00:00:00');
INSERT INTO product_variants (id, product_id, color_id, size_id, price_id, material_id, season_id, status, created_date, updated_date) VALUES (1960, 147, 3, 3, 1960, 5, 2, 'active', '2025-01-01 00:00:00', '2025-01-01 00:00:00');
INSERT INTO prices (id, base_price, sale_price, status, created_date, updated_date) VALUES (1961, 59.95, 35, 'active', '2025-01-01 00:00:00', '2025-01-01 00:00:00');
INSERT INTO product_variants (id, product_id, color_id, size_id, price_id, material_id, season_id, status, created_date, updated_date) VALUES (1961, 147, 3, 7, 1961, 2, 4, 'active', '2025-01-01 00:00:00', '2025-01-01 00:00:00');
INSERT INTO prices (id, base_price, sale_price, status, created_date, updated_date) VALUES (1962, 59.95, 35, 'active', '2025-01-01 00:00:00', '2025-01-01 00:00:00');
INSERT INTO product_variants (id, product_id, color_id, size_id, price_id, material_id, season_id, status, created_date, updated_date) VALUES (1962, 147, 11, 4, 1962, 5, 4, 'active', '2025-01-01 00:00:00', '2025-01-01 00:00:00');
INSERT INTO prices (id, base_price, sale_price, status, created_date, updated_date) VALUES (1963, 59.95, 35, 'active', '2025-01-01 00:00:00', '2025-01-01 00:00:00');
INSERT INTO product_variants (id, product_id, color_id, size_id, price_id, material_id, season_id, status, created_date, updated_date) VALUES (1963, 147, 11, 7, 1963, 4, 1, 'active', '2025-01-01 00:00:00', '2025-01-01 00:00:00');
INSERT INTO prices (id, base_price, sale_price, status, created_date, updated_date) VALUES (1964, 59.95, 35, 'active', '2025-01-01 00:00:00', '2025-01-01 00:00:00');
INSERT INTO product_variants (id, product_id, color_id, size_id, price_id, material_id, season_id, status, created_date, updated_date) VALUES (1964, 147, 11, 1, 1964, 7, 3, 'active', '2025-01-01 00:00:00', '2025-01-01 00:00:00');
INSERT INTO prices (id, base_price, sale_price, status, created_date, updated_date) VALUES (1965, 59.95, 35, 'active', '2025-01-01 00:00:00', '2025-01-01 00:00:00');
INSERT INTO product_variants (id, product_id, color_id, size_id, price_id, material_id, season_id, status, created_date, updated_date) VALUES (1965, 147, 4, 1, 1965, 7, 1, 'active', '2025-01-01 00:00:00', '2025-01-01 00:00:00');
INSERT INTO prices (id, base_price, sale_price, status, created_date, updated_date) VALUES (1966, 59.95, 35, 'active', '2025-01-01 00:00:00', '2025-01-01 00:00:00');
INSERT INTO product_variants (id, product_id, color_id, size_id, price_id, material_id, season_id, status, created_date, updated_date) VALUES (1966, 147, 4, 3, 1966, 5, 3, 'active', '2025-01-01 00:00:00', '2025-01-01 00:00:00');
INSERT INTO prices (id, base_price, sale_price, status, created_date, updated_date) VALUES (1967, 59.95, 35, 'active', '2025-01-01 00:00:00', '2025-01-01 00:00:00');
INSERT INTO product_variants (id, product_id, color_id, size_id, price_id, material_id, season_id, status, created_date, updated_date) VALUES (1967, 147, 4, 3, 1967, 2, 1, 'active', '2025-01-01 00:00:00', '2025-01-01 00:00:00');
INSERT INTO prices (id, base_price, sale_price, status, created_date, updated_date) VALUES (1968, 59.95, 35, 'active', '2025-01-01 00:00:00', '2025-01-01 00:00:00');
INSERT INTO product_variants (id, product_id, color_id, size_id, price_id, material_id, season_id, status, created_date, updated_date) VALUES (1968, 147, 4, 10, 1968, 6, 4, 'active', '2025-01-01 00:00:00', '2025-01-01 00:00:00');
INSERT INTO prices (id, base_price, sale_price, status, created_date, updated_date) VALUES (1969, 59.95, 35, 'active', '2025-01-01 00:00:00', '2025-01-01 00:00:00');
INSERT INTO product_variants (id, product_id, color_id, size_id, price_id, material_id, season_id, status, created_date, updated_date) VALUES (1969, 147, 4, 8, 1969, 1, 3, 'active', '2025-01-01 00:00:00', '2025-01-01 00:00:00');
INSERT INTO prices (id, base_price, sale_price, status, created_date, updated_date) VALUES (1970, 59.95, 35, 'active', '2025-01-01 00:00:00', '2025-01-01 00:00:00');
INSERT INTO product_variants (id, product_id, color_id, size_id, price_id, material_id, season_id, status, created_date, updated_date) VALUES (1970, 147, 2, 10, 1970, 2, 3, 'active', '2025-01-01 00:00:00', '2025-01-01 00:00:00');
INSERT INTO prices (id, base_price, sale_price, status, created_date, updated_date) VALUES (1971, 59.95, 35, 'active', '2025-01-01 00:00:00', '2025-01-01 00:00:00');
INSERT INTO product_variants (id, product_id, color_id, size_id, price_id, material_id, season_id, status, created_date, updated_date) VALUES (1971, 147, 2, 4, 1971, 1, 3, 'active', '2025-01-01 00:00:00', '2025-01-01 00:00:00');
INSERT INTO prices (id, base_price, sale_price, status, created_date, updated_date) VALUES (1972, 59.95, 35, 'active', '2025-01-01 00:00:00', '2025-01-01 00:00:00');
INSERT INTO product_variants (id, product_id, color_id, size_id, price_id, material_id, season_id, status, created_date, updated_date) VALUES (1972, 147, 2, 8, 1972, 6, 4, 'active', '2025-01-01 00:00:00', '2025-01-01 00:00:00');
INSERT INTO prices (id, base_price, sale_price, status, created_date, updated_date) VALUES (1973, 59.95, 35, 'active', '2025-01-01 00:00:00', '2025-01-01 00:00:00');
INSERT INTO product_variants (id, product_id, color_id, size_id, price_id, material_id, season_id, status, created_date, updated_date) VALUES (1973, 147, 10, 9, 1973, 3, 3, 'active', '2025-01-01 00:00:00', '2025-01-01 00:00:00');
INSERT INTO prices (id, base_price, sale_price, status, created_date, updated_date) VALUES (1974, 59.95, 35, 'active', '2025-01-01 00:00:00', '2025-01-01 00:00:00');
INSERT INTO product_variants (id, product_id, color_id, size_id, price_id, material_id, season_id, status, created_date, updated_date) VALUES (1974, 147, 10, 1, 1974, 2, 4, 'active', '2025-01-01 00:00:00', '2025-01-01 00:00:00');
INSERT INTO prices (id, base_price, sale_price, status, created_date, updated_date) VALUES (1975, 59.95, 35, 'active', '2025-01-01 00:00:00', '2025-01-01 00:00:00');
INSERT INTO product_variants (id, product_id, color_id, size_id, price_id, material_id, season_id, status, created_date, updated_date) VALUES (1975, 147, 10, 6, 1975, 1, 1, 'active', '2025-01-01 00:00:00', '2025-01-01 00:00:00');
INSERT INTO prices (id, base_price, sale_price, status, created_date, updated_date) VALUES (1976, 59.95, 35, 'active', '2025-01-01 00:00:00', '2025-01-01 00:00:00');
INSERT INTO product_variants (id, product_id, color_id, size_id, price_id, material_id, season_id, status, created_date, updated_date) VALUES (1976, 147, 3, 4, 1976, 4, 1, 'active', '2025-01-01 00:00:00', '2025-01-01 00:00:00');
INSERT INTO prices (id, base_price, sale_price, status, created_date, updated_date) VALUES (1977, 59.95, 35, 'active', '2025-01-01 00:00:00', '2025-01-01 00:00:00');
INSERT INTO product_variants (id, product_id, color_id, size_id, price_id, material_id, season_id, status, created_date, updated_date) VALUES (1977, 147, 9, 6, 1977, 2, 4, 'active', '2025-01-01 00:00:00', '2025-01-01 00:00:00');
INSERT INTO prices (id, base_price, sale_price, status, created_date, updated_date) VALUES (1978, 59.95, 35, 'active', '2025-01-01 00:00:00', '2025-01-01 00:00:00');
INSERT INTO product_variants (id, product_id, color_id, size_id, price_id, material_id, season_id, status, created_date, updated_date) VALUES (1978, 147, 9, 9, 1978, 7, 1, 'active', '2025-01-01 00:00:00', '2025-01-01 00:00:00');
INSERT INTO prices (id, base_price, sale_price, status, created_date, updated_date) VALUES (1979, 59.95, 35, 'active', '2025-01-01 00:00:00', '2025-01-01 00:00:00');
INSERT INTO product_variants (id, product_id, color_id, size_id, price_id, material_id, season_id, status, created_date, updated_date) VALUES (1979, 147, 2, 5, 1979, 7, 3, 'active', '2025-01-01 00:00:00', '2025-01-01 00:00:00');
INSERT INTO prices (id, base_price, sale_price, status, created_date, updated_date) VALUES (1980, 59.95, 35, 'active', '2025-01-01 00:00:00', '2025-01-01 00:00:00');
INSERT INTO product_variants (id, product_id, color_id, size_id, price_id, material_id, season_id, status, created_date, updated_date) VALUES (1980, 147, 2, 2, 1980, 7, 1, 'active', '2025-01-01 00:00:00', '2025-01-01 00:00:00');
INSERT INTO prices (id, base_price, sale_price, status, created_date, updated_date) VALUES (1981, 59.95, 35, 'active', '2025-01-01 00:00:00', '2025-01-01 00:00:00');
INSERT INTO product_variants (id, product_id, color_id, size_id, price_id, material_id, season_id, status, created_date, updated_date) VALUES (1981, 147, 2, 8, 1981, 6, 2, 'active', '2025-01-01 00:00:00', '2025-01-01 00:00:00');
INSERT INTO prices (id, base_price, sale_price, status, created_date, updated_date) VALUES (1982, 59.95, 35, 'active', '2025-01-01 00:00:00', '2025-01-01 00:00:00');
INSERT INTO product_variants (id, product_id, color_id, size_id, price_id, material_id, season_id, status, created_date, updated_date) VALUES (1982, 147, 3, 9, 1982, 2, 4, 'active', '2025-01-01 00:00:00', '2025-01-01 00:00:00');
INSERT INTO prices (id, base_price, sale_price, status, created_date, updated_date) VALUES (1983, 59.95, 35, 'active', '2025-01-01 00:00:00', '2025-01-01 00:00:00');
INSERT INTO product_variants (id, product_id, color_id, size_id, price_id, material_id, season_id, status, created_date, updated_date) VALUES (1983, 147, 14, 10, 1983, 1, 4, 'active', '2025-01-01 00:00:00', '2025-01-01 00:00:00');
INSERT INTO prices (id, base_price, sale_price, status, created_date, updated_date) VALUES (1984, 59.95, 35, 'active', '2025-01-01 00:00:00', '2025-01-01 00:00:00');
INSERT INTO product_variants (id, product_id, color_id, size_id, price_id, material_id, season_id, status, created_date, updated_date) VALUES (1984, 147, 14, 4, 1984, 4, 3, 'active', '2025-01-01 00:00:00', '2025-01-01 00:00:00');
INSERT INTO prices (id, base_price, sale_price, status, created_date, updated_date) VALUES (1985, 59.95, 35, 'active', '2025-01-01 00:00:00', '2025-01-01 00:00:00');
INSERT INTO product_variants (id, product_id, color_id, size_id, price_id, material_id, season_id, status, created_date, updated_date) VALUES (1985, 147, 11, 4, 1985, 6, 3, 'active', '2025-01-01 00:00:00', '2025-01-01 00:00:00');
INSERT INTO prices (id, base_price, sale_price, status, created_date, updated_date) VALUES (1986, 59.95, 35, 'active', '2025-01-01 00:00:00', '2025-01-01 00:00:00');
INSERT INTO product_variants (id, product_id, color_id, size_id, price_id, material_id, season_id, status, created_date, updated_date) VALUES (1986, 147, 11, 7, 1986, 7, 1, 'active', '2025-01-01 00:00:00', '2025-01-01 00:00:00');
INSERT INTO prices (id, base_price, sale_price, status, created_date, updated_date) VALUES (1987, 59.95, 35, 'active', '2025-01-01 00:00:00', '2025-01-01 00:00:00');
INSERT INTO product_variants (id, product_id, color_id, size_id, price_id, material_id, season_id, status, created_date, updated_date) VALUES (1987, 147, 7, 4, 1987, 3, 3, 'active', '2025-01-01 00:00:00', '2025-01-01 00:00:00');
INSERT INTO prices (id, base_price, sale_price, status, created_date, updated_date) VALUES (1988, 59.95, 35, 'active', '2025-01-01 00:00:00', '2025-01-01 00:00:00');
INSERT INTO product_variants (id, product_id, color_id, size_id, price_id, material_id, season_id, status, created_date, updated_date) VALUES (1988, 147, 7, 6, 1988, 6, 2, 'active', '2025-01-01 00:00:00', '2025-01-01 00:00:00');
INSERT INTO prices (id, base_price, sale_price, status, created_date, updated_date) VALUES (1989, 59.95, 35, 'active', '2025-01-01 00:00:00', '2025-01-01 00:00:00');
INSERT INTO product_variants (id, product_id, color_id, size_id, price_id, material_id, season_id, status, created_date, updated_date) VALUES (1989, 147, 6, 3, 1989, 2, 1, 'active', '2025-01-01 00:00:00', '2025-01-01 00:00:00');
INSERT INTO prices (id, base_price, sale_price, status, created_date, updated_date) VALUES (1990, 59.95, 35, 'active', '2025-01-01 00:00:00', '2025-01-01 00:00:00');
INSERT INTO product_variants (id, product_id, color_id, size_id, price_id, material_id, season_id, status, created_date, updated_date) VALUES (1990, 147, 6, 7, 1990, 4, 3, 'active', '2025-01-01 00:00:00', '2025-01-01 00:00:00');
INSERT INTO prices (id, base_price, sale_price, status, created_date, updated_date) VALUES (1991, 59.95, 35, 'active', '2025-01-01 00:00:00', '2025-01-01 00:00:00');
INSERT INTO product_variants (id, product_id, color_id, size_id, price_id, material_id, season_id, status, created_date, updated_date) VALUES (1991, 147, 6, 10, 1991, 5, 3, 'active', '2025-01-01 00:00:00', '2025-01-01 00:00:00');
INSERT INTO product (id, name, description, category_id, status, created_date, updated_date, created_by, updated_by) VALUES (148, 'VintageSoft Baggy Wide-Leg Sweatpants', 'Description for VintageSoft Baggy Wide-Leg Sweatpants', 7, 'active', '2025-01-01 00:00:00', '2025-01-01 00:00:00', 1, 1);
INSERT INTO product_image (id, image_url, display_order, is_primary, product_id, created_date, updated_date) VALUES (901, 'https://www1.assets-gap.com/webcontent/0060/362/537/cn60362537.jpg?q=h&w=1152', 0, 1, 148, '2025-01-01 00:00:00', '2025-01-01 00:00:00');
INSERT INTO product_image (id, image_url, display_order, is_primary, product_id, created_date, updated_date) VALUES (902, 'https://www.gap.com/webcontent/0060/362/491/cn60362491.jpg', 1, 0, 148, '2025-01-01 00:00:00', '2025-01-01 00:00:00');
INSERT INTO product_image (id, image_url, display_order, is_primary, product_id, created_date, updated_date) VALUES (903, 'https://www.gap.com/webcontent/0060/362/517/cn60362517.jpg', 2, 0, 148, '2025-01-01 00:00:00', '2025-01-01 00:00:00');
INSERT INTO product_image (id, image_url, display_order, is_primary, product_id, created_date, updated_date) VALUES (904, 'https://www.gap.com/webcontent/0060/362/509/cn60362509.jpg', 3, 0, 148, '2025-01-01 00:00:00', '2025-01-01 00:00:00');
INSERT INTO product_image (id, image_url, display_order, is_primary, product_id, created_date, updated_date) VALUES (905, 'https://www.gap.com/webcontent/0060/362/515/cn60362515.jpg', 4, 0, 148, '2025-01-01 00:00:00', '2025-01-01 00:00:00');
INSERT INTO product_image (id, image_url, display_order, is_primary, product_id, created_date, updated_date) VALUES (906, 'https://www.gap.com/webcontent/0060/362/521/cn60362521.jpg', 5, 0, 148, '2025-01-01 00:00:00', '2025-01-01 00:00:00');
INSERT INTO product_image (id, image_url, display_order, is_primary, product_id, created_date, updated_date) VALUES (907, 'https://www.gap.com/webcontent/0060/362/519/cn60362519.jpg', 6, 0, 148, '2025-01-01 00:00:00', '2025-01-01 00:00:00');
INSERT INTO prices (id, base_price, sale_price, status, created_date, updated_date) VALUES (1992, 64.95, 51, 'active', '2025-01-01 00:00:00', '2025-01-01 00:00:00');
INSERT INTO product_variants (id, product_id, color_id, size_id, price_id, material_id, season_id, status, created_date, updated_date) VALUES (1992, 148, 11, 9, 1992, 4, 2, 'active', '2025-01-01 00:00:00', '2025-01-01 00:00:00');
INSERT INTO prices (id, base_price, sale_price, status, created_date, updated_date) VALUES (1993, 64.95, 51, 'active', '2025-01-01 00:00:00', '2025-01-01 00:00:00');
INSERT INTO product_variants (id, product_id, color_id, size_id, price_id, material_id, season_id, status, created_date, updated_date) VALUES (1993, 148, 11, 2, 1993, 5, 2, 'active', '2025-01-01 00:00:00', '2025-01-01 00:00:00');
INSERT INTO prices (id, base_price, sale_price, status, created_date, updated_date) VALUES (1994, 64.95, 51, 'active', '2025-01-01 00:00:00', '2025-01-01 00:00:00');
INSERT INTO product_variants (id, product_id, color_id, size_id, price_id, material_id, season_id, status, created_date, updated_date) VALUES (1994, 148, 3, 3, 1994, 2, 2, 'active', '2025-01-01 00:00:00', '2025-01-01 00:00:00');
INSERT INTO prices (id, base_price, sale_price, status, created_date, updated_date) VALUES (1995, 64.95, 51, 'active', '2025-01-01 00:00:00', '2025-01-01 00:00:00');
INSERT INTO product_variants (id, product_id, color_id, size_id, price_id, material_id, season_id, status, created_date, updated_date) VALUES (1995, 148, 3, 8, 1995, 7, 4, 'active', '2025-01-01 00:00:00', '2025-01-01 00:00:00');
INSERT INTO prices (id, base_price, sale_price, status, created_date, updated_date) VALUES (1996, 64.95, 51, 'active', '2025-01-01 00:00:00', '2025-01-01 00:00:00');
INSERT INTO product_variants (id, product_id, color_id, size_id, price_id, material_id, season_id, status, created_date, updated_date) VALUES (1996, 148, 2, 1, 1996, 2, 4, 'active', '2025-01-01 00:00:00', '2025-01-01 00:00:00');
INSERT INTO prices (id, base_price, sale_price, status, created_date, updated_date) VALUES (1997, 64.95, 51, 'active', '2025-01-01 00:00:00', '2025-01-01 00:00:00');
INSERT INTO product_variants (id, product_id, color_id, size_id, price_id, material_id, season_id, status, created_date, updated_date) VALUES (1997, 148, 2, 2, 1997, 1, 3, 'active', '2025-01-01 00:00:00', '2025-01-01 00:00:00');
INSERT INTO prices (id, base_price, sale_price, status, created_date, updated_date) VALUES (1998, 64.95, 51, 'active', '2025-01-01 00:00:00', '2025-01-01 00:00:00');
INSERT INTO product_variants (id, product_id, color_id, size_id, price_id, material_id, season_id, status, created_date, updated_date) VALUES (1998, 148, 2, 4, 1998, 7, 2, 'active', '2025-01-01 00:00:00', '2025-01-01 00:00:00');
INSERT INTO prices (id, base_price, sale_price, status, created_date, updated_date) VALUES (1999, 64.95, 51, 'active', '2025-01-01 00:00:00', '2025-01-01 00:00:00');
INSERT INTO product_variants (id, product_id, color_id, size_id, price_id, material_id, season_id, status, created_date, updated_date) VALUES (1999, 148, 3, 8, 1999, 5, 3, 'active', '2025-01-01 00:00:00', '2025-01-01 00:00:00');
INSERT INTO prices (id, base_price, sale_price, status, created_date, updated_date) VALUES (2000, 64.95, 51, 'active', '2025-01-01 00:00:00', '2025-01-01 00:00:00');
INSERT INTO product_variants (id, product_id, color_id, size_id, price_id, material_id, season_id, status, created_date, updated_date) VALUES (2000, 148, 3, 1, 2000, 3, 4, 'active', '2025-01-01 00:00:00', '2025-01-01 00:00:00');
INSERT INTO prices (id, base_price, sale_price, status, created_date, updated_date) VALUES (2001, 64.95, 51, 'active', '2025-01-01 00:00:00', '2025-01-01 00:00:00');
INSERT INTO product_variants (id, product_id, color_id, size_id, price_id, material_id, season_id, status, created_date, updated_date) VALUES (2001, 148, 4, 3, 2001, 6, 4, 'active', '2025-01-01 00:00:00', '2025-01-01 00:00:00');
INSERT INTO prices (id, base_price, sale_price, status, created_date, updated_date) VALUES (2002, 64.95, 51, 'active', '2025-01-01 00:00:00', '2025-01-01 00:00:00');
INSERT INTO product_variants (id, product_id, color_id, size_id, price_id, material_id, season_id, status, created_date, updated_date) VALUES (2002, 148, 4, 4, 2002, 2, 2, 'active', '2025-01-01 00:00:00', '2025-01-01 00:00:00');
INSERT INTO prices (id, base_price, sale_price, status, created_date, updated_date) VALUES (2003, 64.95, 51, 'active', '2025-01-01 00:00:00', '2025-01-01 00:00:00');
INSERT INTO product_variants (id, product_id, color_id, size_id, price_id, material_id, season_id, status, created_date, updated_date) VALUES (2003, 148, 4, 10, 2003, 1, 3, 'active', '2025-01-01 00:00:00', '2025-01-01 00:00:00');
INSERT INTO prices (id, base_price, sale_price, status, created_date, updated_date) VALUES (2004, 64.95, 51, 'active', '2025-01-01 00:00:00', '2025-01-01 00:00:00');
INSERT INTO product_variants (id, product_id, color_id, size_id, price_id, material_id, season_id, status, created_date, updated_date) VALUES (2004, 148, 2, 5, 2004, 6, 4, 'active', '2025-01-01 00:00:00', '2025-01-01 00:00:00');
INSERT INTO prices (id, base_price, sale_price, status, created_date, updated_date) VALUES (2005, 64.95, 51, 'active', '2025-01-01 00:00:00', '2025-01-01 00:00:00');
INSERT INTO product_variants (id, product_id, color_id, size_id, price_id, material_id, season_id, status, created_date, updated_date) VALUES (2005, 148, 2, 9, 2005, 1, 2, 'active', '2025-01-01 00:00:00', '2025-01-01 00:00:00');
INSERT INTO prices (id, base_price, sale_price, status, created_date, updated_date) VALUES (2006, 64.95, 51, 'active', '2025-01-01 00:00:00', '2025-01-01 00:00:00');
INSERT INTO product_variants (id, product_id, color_id, size_id, price_id, material_id, season_id, status, created_date, updated_date) VALUES (2006, 148, 9, 10, 2006, 7, 3, 'active', '2025-01-01 00:00:00', '2025-01-01 00:00:00');
INSERT INTO prices (id, base_price, sale_price, status, created_date, updated_date) VALUES (2007, 64.95, 51, 'active', '2025-01-01 00:00:00', '2025-01-01 00:00:00');
INSERT INTO product_variants (id, product_id, color_id, size_id, price_id, material_id, season_id, status, created_date, updated_date) VALUES (2007, 148, 9, 1, 2007, 3, 4, 'active', '2025-01-01 00:00:00', '2025-01-01 00:00:00');
INSERT INTO prices (id, base_price, sale_price, status, created_date, updated_date) VALUES (2008, 64.95, 51, 'active', '2025-01-01 00:00:00', '2025-01-01 00:00:00');
INSERT INTO product_variants (id, product_id, color_id, size_id, price_id, material_id, season_id, status, created_date, updated_date) VALUES (2008, 148, 9, 5, 2008, 4, 1, 'active', '2025-01-01 00:00:00', '2025-01-01 00:00:00');
INSERT INTO prices (id, base_price, sale_price, status, created_date, updated_date) VALUES (2009, 64.95, 51, 'active', '2025-01-01 00:00:00', '2025-01-01 00:00:00');
INSERT INTO product_variants (id, product_id, color_id, size_id, price_id, material_id, season_id, status, created_date, updated_date) VALUES (2009, 148, 4, 4, 2009, 4, 2, 'active', '2025-01-01 00:00:00', '2025-01-01 00:00:00');
INSERT INTO prices (id, base_price, sale_price, status, created_date, updated_date) VALUES (2010, 64.95, 51, 'active', '2025-01-01 00:00:00', '2025-01-01 00:00:00');
INSERT INTO product_variants (id, product_id, color_id, size_id, price_id, material_id, season_id, status, created_date, updated_date) VALUES (2010, 148, 4, 10, 2010, 1, 3, 'active', '2025-01-01 00:00:00', '2025-01-01 00:00:00');
INSERT INTO prices (id, base_price, sale_price, status, created_date, updated_date) VALUES (2011, 64.95, 51, 'active', '2025-01-01 00:00:00', '2025-01-01 00:00:00');
INSERT INTO product_variants (id, product_id, color_id, size_id, price_id, material_id, season_id, status, created_date, updated_date) VALUES (2011, 148, 1, 7, 2011, 7, 4, 'active', '2025-01-01 00:00:00', '2025-01-01 00:00:00');
INSERT INTO prices (id, base_price, sale_price, status, created_date, updated_date) VALUES (2012, 64.95, 51, 'active', '2025-01-01 00:00:00', '2025-01-01 00:00:00');
INSERT INTO product_variants (id, product_id, color_id, size_id, price_id, material_id, season_id, status, created_date, updated_date) VALUES (2012, 148, 1, 8, 2012, 2, 3, 'active', '2025-01-01 00:00:00', '2025-01-01 00:00:00');
INSERT INTO prices (id, base_price, sale_price, status, created_date, updated_date) VALUES (2013, 64.95, 51, 'active', '2025-01-01 00:00:00', '2025-01-01 00:00:00');
INSERT INTO product_variants (id, product_id, color_id, size_id, price_id, material_id, season_id, status, created_date, updated_date) VALUES (2013, 148, 3, 8, 2013, 3, 4, 'active', '2025-01-01 00:00:00', '2025-01-01 00:00:00');
INSERT INTO prices (id, base_price, sale_price, status, created_date, updated_date) VALUES (2014, 64.95, 51, 'active', '2025-01-01 00:00:00', '2025-01-01 00:00:00');
INSERT INTO product_variants (id, product_id, color_id, size_id, price_id, material_id, season_id, status, created_date, updated_date) VALUES (2014, 148, 9, 9, 2014, 1, 4, 'active', '2025-01-01 00:00:00', '2025-01-01 00:00:00');
INSERT INTO prices (id, base_price, sale_price, status, created_date, updated_date) VALUES (2015, 64.95, 51, 'active', '2025-01-01 00:00:00', '2025-01-01 00:00:00');
INSERT INTO product_variants (id, product_id, color_id, size_id, price_id, material_id, season_id, status, created_date, updated_date) VALUES (2015, 148, 9, 10, 2015, 7, 3, 'active', '2025-01-01 00:00:00', '2025-01-01 00:00:00');
INSERT INTO prices (id, base_price, sale_price, status, created_date, updated_date) VALUES (2016, 64.95, 51, 'active', '2025-01-01 00:00:00', '2025-01-01 00:00:00');
INSERT INTO product_variants (id, product_id, color_id, size_id, price_id, material_id, season_id, status, created_date, updated_date) VALUES (2016, 148, 9, 2, 2016, 1, 2, 'active', '2025-01-01 00:00:00', '2025-01-01 00:00:00');
INSERT INTO prices (id, base_price, sale_price, status, created_date, updated_date) VALUES (2017, 64.95, 51, 'active', '2025-01-01 00:00:00', '2025-01-01 00:00:00');
INSERT INTO product_variants (id, product_id, color_id, size_id, price_id, material_id, season_id, status, created_date, updated_date) VALUES (2017, 148, 7, 9, 2017, 4, 3, 'active', '2025-01-01 00:00:00', '2025-01-01 00:00:00');
INSERT INTO prices (id, base_price, sale_price, status, created_date, updated_date) VALUES (2018, 64.95, 51, 'active', '2025-01-01 00:00:00', '2025-01-01 00:00:00');
INSERT INTO product_variants (id, product_id, color_id, size_id, price_id, material_id, season_id, status, created_date, updated_date) VALUES (2018, 148, 7, 5, 2018, 2, 3, 'active', '2025-01-01 00:00:00', '2025-01-01 00:00:00');
INSERT INTO prices (id, base_price, sale_price, status, created_date, updated_date) VALUES (2019, 64.95, 51, 'active', '2025-01-01 00:00:00', '2025-01-01 00:00:00');
INSERT INTO product_variants (id, product_id, color_id, size_id, price_id, material_id, season_id, status, created_date, updated_date) VALUES (2019, 148, 7, 1, 2019, 1, 2, 'active', '2025-01-01 00:00:00', '2025-01-01 00:00:00');
INSERT INTO product (id, name, description, category_id, status, created_date, updated_date, created_by, updated_by) VALUES (149, 'Organic Cotton VintageSoft T-Shirt', 'Description for Organic Cotton VintageSoft T-Shirt', 7, 'active', '2025-01-01 00:00:00', '2025-01-01 00:00:00', 1, 1);
INSERT INTO product_image (id, image_url, display_order, is_primary, product_id, created_date, updated_date) VALUES (908, 'https://www1.assets-gap.com/webcontent/0057/796/475/cn57796475.jpg?q=h&w=1152', 0, 1, 149, '2025-01-01 00:00:00', '2025-01-01 00:00:00');
INSERT INTO product_image (id, image_url, display_order, is_primary, product_id, created_date, updated_date) VALUES (909, 'https://www.gap.com/webcontent/0057/796/433/cn57796433.jpg', 1, 0, 149, '2025-01-01 00:00:00', '2025-01-01 00:00:00');
INSERT INTO product_image (id, image_url, display_order, is_primary, product_id, created_date, updated_date) VALUES (910, 'https://www.gap.com/webcontent/0057/796/468/cn57796468.jpg', 2, 0, 149, '2025-01-01 00:00:00', '2025-01-01 00:00:00');
INSERT INTO product_image (id, image_url, display_order, is_primary, product_id, created_date, updated_date) VALUES (911, 'https://www.gap.com/webcontent/0057/796/474/cn57796474.jpg', 3, 0, 149, '2025-01-01 00:00:00', '2025-01-01 00:00:00');
INSERT INTO product_image (id, image_url, display_order, is_primary, product_id, created_date, updated_date) VALUES (912, 'https://www.gap.com/webcontent/0057/860/144/cn57860144.jpg', 4, 0, 149, '2025-01-01 00:00:00', '2025-01-01 00:00:00');
INSERT INTO product_image (id, image_url, display_order, is_primary, product_id, created_date, updated_date) VALUES (913, 'https://www.gap.com/webcontent/0057/860/130/cn57860130.jpg', 5, 0, 149, '2025-01-01 00:00:00', '2025-01-01 00:00:00');
INSERT INTO prices (id, base_price, sale_price, status, created_date, updated_date) VALUES (2020, 24.95, 22, 'active', '2025-01-01 00:00:00', '2025-01-01 00:00:00');
INSERT INTO product_variants (id, product_id, color_id, size_id, price_id, material_id, season_id, status, created_date, updated_date) VALUES (2020, 149, 1, 3, 2020, 3, 1, 'active', '2025-01-01 00:00:00', '2025-01-01 00:00:00');
INSERT INTO prices (id, base_price, sale_price, status, created_date, updated_date) VALUES (2021, 24.95, 22, 'active', '2025-01-01 00:00:00', '2025-01-01 00:00:00');
INSERT INTO product_variants (id, product_id, color_id, size_id, price_id, material_id, season_id, status, created_date, updated_date) VALUES (2021, 149, 1, 7, 2021, 7, 1, 'active', '2025-01-01 00:00:00', '2025-01-01 00:00:00');
INSERT INTO prices (id, base_price, sale_price, status, created_date, updated_date) VALUES (2022, 24.95, 22, 'active', '2025-01-01 00:00:00', '2025-01-01 00:00:00');
INSERT INTO product_variants (id, product_id, color_id, size_id, price_id, material_id, season_id, status, created_date, updated_date) VALUES (2022, 149, 1, 5, 2022, 5, 1, 'active', '2025-01-01 00:00:00', '2025-01-01 00:00:00');
INSERT INTO prices (id, base_price, sale_price, status, created_date, updated_date) VALUES (2023, 24.95, 22, 'active', '2025-01-01 00:00:00', '2025-01-01 00:00:00');
INSERT INTO product_variants (id, product_id, color_id, size_id, price_id, material_id, season_id, status, created_date, updated_date) VALUES (2023, 149, 4, 10, 2023, 7, 1, 'active', '2025-01-01 00:00:00', '2025-01-01 00:00:00');
INSERT INTO prices (id, base_price, sale_price, status, created_date, updated_date) VALUES (2024, 24.95, 22, 'active', '2025-01-01 00:00:00', '2025-01-01 00:00:00');
INSERT INTO product_variants (id, product_id, color_id, size_id, price_id, material_id, season_id, status, created_date, updated_date) VALUES (2024, 149, 4, 8, 2024, 1, 2, 'active', '2025-01-01 00:00:00', '2025-01-01 00:00:00');
INSERT INTO prices (id, base_price, sale_price, status, created_date, updated_date) VALUES (2025, 24.95, 22, 'active', '2025-01-01 00:00:00', '2025-01-01 00:00:00');
INSERT INTO product_variants (id, product_id, color_id, size_id, price_id, material_id, season_id, status, created_date, updated_date) VALUES (2025, 149, 11, 4, 2025, 3, 2, 'active', '2025-01-01 00:00:00', '2025-01-01 00:00:00');
INSERT INTO prices (id, base_price, sale_price, status, created_date, updated_date) VALUES (2026, 24.95, 22, 'active', '2025-01-01 00:00:00', '2025-01-01 00:00:00');
INSERT INTO product_variants (id, product_id, color_id, size_id, price_id, material_id, season_id, status, created_date, updated_date) VALUES (2026, 149, 11, 5, 2026, 5, 4, 'active', '2025-01-01 00:00:00', '2025-01-01 00:00:00');
INSERT INTO prices (id, base_price, sale_price, status, created_date, updated_date) VALUES (2027, 24.95, 22, 'active', '2025-01-01 00:00:00', '2025-01-01 00:00:00');
INSERT INTO product_variants (id, product_id, color_id, size_id, price_id, material_id, season_id, status, created_date, updated_date) VALUES (2027, 149, 1, 10, 2027, 4, 2, 'active', '2025-01-01 00:00:00', '2025-01-01 00:00:00');
INSERT INTO prices (id, base_price, sale_price, status, created_date, updated_date) VALUES (2028, 24.95, 22, 'active', '2025-01-01 00:00:00', '2025-01-01 00:00:00');
INSERT INTO product_variants (id, product_id, color_id, size_id, price_id, material_id, season_id, status, created_date, updated_date) VALUES (2028, 149, 1, 5, 2028, 1, 2, 'active', '2025-01-01 00:00:00', '2025-01-01 00:00:00');
INSERT INTO prices (id, base_price, sale_price, status, created_date, updated_date) VALUES (2029, 24.95, 22, 'active', '2025-01-01 00:00:00', '2025-01-01 00:00:00');
INSERT INTO product_variants (id, product_id, color_id, size_id, price_id, material_id, season_id, status, created_date, updated_date) VALUES (2029, 149, 1, 9, 2029, 6, 2, 'active', '2025-01-01 00:00:00', '2025-01-01 00:00:00');
INSERT INTO prices (id, base_price, sale_price, status, created_date, updated_date) VALUES (2030, 24.95, 22, 'active', '2025-01-01 00:00:00', '2025-01-01 00:00:00');
INSERT INTO product_variants (id, product_id, color_id, size_id, price_id, material_id, season_id, status, created_date, updated_date) VALUES (2030, 149, 3, 1, 2030, 7, 2, 'active', '2025-01-01 00:00:00', '2025-01-01 00:00:00');
INSERT INTO prices (id, base_price, sale_price, status, created_date, updated_date) VALUES (2031, 24.95, 22, 'active', '2025-01-01 00:00:00', '2025-01-01 00:00:00');
INSERT INTO product_variants (id, product_id, color_id, size_id, price_id, material_id, season_id, status, created_date, updated_date) VALUES (2031, 149, 3, 10, 2031, 7, 4, 'active', '2025-01-01 00:00:00', '2025-01-01 00:00:00');
INSERT INTO prices (id, base_price, sale_price, status, created_date, updated_date) VALUES (2032, 24.95, 22, 'active', '2025-01-01 00:00:00', '2025-01-01 00:00:00');
INSERT INTO product_variants (id, product_id, color_id, size_id, price_id, material_id, season_id, status, created_date, updated_date) VALUES (2032, 149, 3, 3, 2032, 6, 4, 'active', '2025-01-01 00:00:00', '2025-01-01 00:00:00');
INSERT INTO prices (id, base_price, sale_price, status, created_date, updated_date) VALUES (2033, 24.95, 22, 'active', '2025-01-01 00:00:00', '2025-01-01 00:00:00');
INSERT INTO product_variants (id, product_id, color_id, size_id, price_id, material_id, season_id, status, created_date, updated_date) VALUES (2033, 149, 9, 8, 2033, 5, 2, 'active', '2025-01-01 00:00:00', '2025-01-01 00:00:00');
INSERT INTO prices (id, base_price, sale_price, status, created_date, updated_date) VALUES (2034, 24.95, 22, 'active', '2025-01-01 00:00:00', '2025-01-01 00:00:00');
INSERT INTO product_variants (id, product_id, color_id, size_id, price_id, material_id, season_id, status, created_date, updated_date) VALUES (2034, 149, 9, 4, 2034, 1, 3, 'active', '2025-01-01 00:00:00', '2025-01-01 00:00:00');
INSERT INTO prices (id, base_price, sale_price, status, created_date, updated_date) VALUES (2035, 24.95, 22, 'active', '2025-01-01 00:00:00', '2025-01-01 00:00:00');
INSERT INTO product_variants (id, product_id, color_id, size_id, price_id, material_id, season_id, status, created_date, updated_date) VALUES (2035, 149, 9, 3, 2035, 1, 1, 'active', '2025-01-01 00:00:00', '2025-01-01 00:00:00');
INSERT INTO prices (id, base_price, sale_price, status, created_date, updated_date) VALUES (2036, 24.95, 22, 'active', '2025-01-01 00:00:00', '2025-01-01 00:00:00');
INSERT INTO product_variants (id, product_id, color_id, size_id, price_id, material_id, season_id, status, created_date, updated_date) VALUES (2036, 149, 2, 4, 2036, 3, 4, 'active', '2025-01-01 00:00:00', '2025-01-01 00:00:00');
INSERT INTO prices (id, base_price, sale_price, status, created_date, updated_date) VALUES (2037, 24.95, 22, 'active', '2025-01-01 00:00:00', '2025-01-01 00:00:00');
INSERT INTO product_variants (id, product_id, color_id, size_id, price_id, material_id, season_id, status, created_date, updated_date) VALUES (2037, 149, 2, 7, 2037, 2, 3, 'active', '2025-01-01 00:00:00', '2025-01-01 00:00:00');
INSERT INTO prices (id, base_price, sale_price, status, created_date, updated_date) VALUES (2038, 24.95, 22, 'active', '2025-01-01 00:00:00', '2025-01-01 00:00:00');
INSERT INTO product_variants (id, product_id, color_id, size_id, price_id, material_id, season_id, status, created_date, updated_date) VALUES (2038, 149, 2, 8, 2038, 5, 2, 'active', '2025-01-01 00:00:00', '2025-01-01 00:00:00');
INSERT INTO prices (id, base_price, sale_price, status, created_date, updated_date) VALUES (2039, 24.95, 22, 'active', '2025-01-01 00:00:00', '2025-01-01 00:00:00');
INSERT INTO product_variants (id, product_id, color_id, size_id, price_id, material_id, season_id, status, created_date, updated_date) VALUES (2039, 149, 11, 2, 2039, 2, 4, 'active', '2025-01-01 00:00:00', '2025-01-01 00:00:00');
INSERT INTO prices (id, base_price, sale_price, status, created_date, updated_date) VALUES (2040, 24.95, 22, 'active', '2025-01-01 00:00:00', '2025-01-01 00:00:00');
INSERT INTO product_variants (id, product_id, color_id, size_id, price_id, material_id, season_id, status, created_date, updated_date) VALUES (2040, 149, 11, 3, 2040, 5, 1, 'active', '2025-01-01 00:00:00', '2025-01-01 00:00:00');
INSERT INTO prices (id, base_price, sale_price, status, created_date, updated_date) VALUES (2041, 24.95, 22, 'active', '2025-01-01 00:00:00', '2025-01-01 00:00:00');
INSERT INTO product_variants (id, product_id, color_id, size_id, price_id, material_id, season_id, status, created_date, updated_date) VALUES (2041, 149, 11, 6, 2041, 5, 2, 'active', '2025-01-01 00:00:00', '2025-01-01 00:00:00');
INSERT INTO prices (id, base_price, sale_price, status, created_date, updated_date) VALUES (2042, 24.95, 22, 'active', '2025-01-01 00:00:00', '2025-01-01 00:00:00');
INSERT INTO product_variants (id, product_id, color_id, size_id, price_id, material_id, season_id, status, created_date, updated_date) VALUES (2042, 149, 6, 7, 2042, 5, 1, 'active', '2025-01-01 00:00:00', '2025-01-01 00:00:00');
INSERT INTO prices (id, base_price, sale_price, status, created_date, updated_date) VALUES (2043, 24.95, 22, 'active', '2025-01-01 00:00:00', '2025-01-01 00:00:00');
INSERT INTO product_variants (id, product_id, color_id, size_id, price_id, material_id, season_id, status, created_date, updated_date) VALUES (2043, 149, 6, 8, 2043, 6, 2, 'active', '2025-01-01 00:00:00', '2025-01-01 00:00:00');
INSERT INTO prices (id, base_price, sale_price, status, created_date, updated_date) VALUES (2044, 24.95, 22, 'active', '2025-01-01 00:00:00', '2025-01-01 00:00:00');
INSERT INTO product_variants (id, product_id, color_id, size_id, price_id, material_id, season_id, status, created_date, updated_date) VALUES (2044, 149, 6, 1, 2044, 4, 3, 'active', '2025-01-01 00:00:00', '2025-01-01 00:00:00');
INSERT INTO product (id, name, description, category_id, status, created_date, updated_date, created_by, updated_by) VALUES (150, 'VintageSoft Baggy Wide-Leg Sweatpants', 'Description for VintageSoft Baggy Wide-Leg Sweatpants', 7, 'active', '2025-01-01 00:00:00', '2025-01-01 00:00:00', 1, 1);
INSERT INTO product_image (id, image_url, display_order, is_primary, product_id, created_date, updated_date) VALUES (914, 'https://www1.assets-gap.com/webcontent/0060/275/075/cn60275075.jpg?q=h&w=1152', 0, 1, 150, '2025-01-01 00:00:00', '2025-01-01 00:00:00');
INSERT INTO product_image (id, image_url, display_order, is_primary, product_id, created_date, updated_date) VALUES (915, 'https://www.gap.com/webcontent/0060/275/065/cn60275065.jpg', 1, 0, 150, '2025-01-01 00:00:00', '2025-01-01 00:00:00');
INSERT INTO product_image (id, image_url, display_order, is_primary, product_id, created_date, updated_date) VALUES (916, 'https://www.gap.com/webcontent/0060/275/089/cn60275089.jpg', 2, 0, 150, '2025-01-01 00:00:00', '2025-01-01 00:00:00');
INSERT INTO product_image (id, image_url, display_order, is_primary, product_id, created_date, updated_date) VALUES (917, 'https://www.gap.com/webcontent/0060/275/105/cn60275105.jpg', 3, 0, 150, '2025-01-01 00:00:00', '2025-01-01 00:00:00');
INSERT INTO product_image (id, image_url, display_order, is_primary, product_id, created_date, updated_date) VALUES (918, 'https://www.gap.com/webcontent/0060/275/113/cn60275113.jpg', 4, 0, 150, '2025-01-01 00:00:00', '2025-01-01 00:00:00');
INSERT INTO product_image (id, image_url, display_order, is_primary, product_id, created_date, updated_date) VALUES (919, 'https://www.gap.com/webcontent/0059/725/563/cn59725563.jpg', 5, 0, 150, '2025-01-01 00:00:00', '2025-01-01 00:00:00');
INSERT INTO product_image (id, image_url, display_order, is_primary, product_id, created_date, updated_date) VALUES (920, 'https://www.gap.com/webcontent/0059/725/581/cn59725581.jpg', 6, 0, 150, '2025-01-01 00:00:00', '2025-01-01 00:00:00');
INSERT INTO prices (id, base_price, sale_price, status, created_date, updated_date) VALUES (2045, 59.95, 47, 'active', '2025-01-01 00:00:00', '2025-01-01 00:00:00');
INSERT INTO product_variants (id, product_id, color_id, size_id, price_id, material_id, season_id, status, created_date, updated_date) VALUES (2045, 150, 11, 8, 2045, 2, 3, 'active', '2025-01-01 00:00:00', '2025-01-01 00:00:00');
INSERT INTO prices (id, base_price, sale_price, status, created_date, updated_date) VALUES (2046, 59.95, 47, 'active', '2025-01-01 00:00:00', '2025-01-01 00:00:00');
INSERT INTO product_variants (id, product_id, color_id, size_id, price_id, material_id, season_id, status, created_date, updated_date) VALUES (2046, 150, 11, 5, 2046, 4, 3, 'active', '2025-01-01 00:00:00', '2025-01-01 00:00:00');
INSERT INTO prices (id, base_price, sale_price, status, created_date, updated_date) VALUES (2047, 59.95, 47, 'active', '2025-01-01 00:00:00', '2025-01-01 00:00:00');
INSERT INTO product_variants (id, product_id, color_id, size_id, price_id, material_id, season_id, status, created_date, updated_date) VALUES (2047, 150, 3, 7, 2047, 1, 1, 'active', '2025-01-01 00:00:00', '2025-01-01 00:00:00');
INSERT INTO prices (id, base_price, sale_price, status, created_date, updated_date) VALUES (2048, 59.95, 47, 'active', '2025-01-01 00:00:00', '2025-01-01 00:00:00');
INSERT INTO product_variants (id, product_id, color_id, size_id, price_id, material_id, season_id, status, created_date, updated_date) VALUES (2048, 150, 3, 10, 2048, 1, 3, 'active', '2025-01-01 00:00:00', '2025-01-01 00:00:00');
INSERT INTO prices (id, base_price, sale_price, status, created_date, updated_date) VALUES (2049, 59.95, 47, 'active', '2025-01-01 00:00:00', '2025-01-01 00:00:00');
INSERT INTO product_variants (id, product_id, color_id, size_id, price_id, material_id, season_id, status, created_date, updated_date) VALUES (2049, 150, 3, 2, 2049, 4, 2, 'active', '2025-01-01 00:00:00', '2025-01-01 00:00:00');
INSERT INTO prices (id, base_price, sale_price, status, created_date, updated_date) VALUES (2050, 59.95, 47, 'active', '2025-01-01 00:00:00', '2025-01-01 00:00:00');
INSERT INTO product_variants (id, product_id, color_id, size_id, price_id, material_id, season_id, status, created_date, updated_date) VALUES (2050, 150, 2, 4, 2050, 6, 1, 'active', '2025-01-01 00:00:00', '2025-01-01 00:00:00');
INSERT INTO prices (id, base_price, sale_price, status, created_date, updated_date) VALUES (2051, 59.95, 47, 'active', '2025-01-01 00:00:00', '2025-01-01 00:00:00');
INSERT INTO product_variants (id, product_id, color_id, size_id, price_id, material_id, season_id, status, created_date, updated_date) VALUES (2051, 150, 2, 2, 2051, 1, 3, 'active', '2025-01-01 00:00:00', '2025-01-01 00:00:00');
INSERT INTO prices (id, base_price, sale_price, status, created_date, updated_date) VALUES (2052, 59.95, 47, 'active', '2025-01-01 00:00:00', '2025-01-01 00:00:00');
INSERT INTO product_variants (id, product_id, color_id, size_id, price_id, material_id, season_id, status, created_date, updated_date) VALUES (2052, 150, 3, 10, 2052, 1, 2, 'active', '2025-01-01 00:00:00', '2025-01-01 00:00:00');
INSERT INTO prices (id, base_price, sale_price, status, created_date, updated_date) VALUES (2053, 59.95, 47, 'active', '2025-01-01 00:00:00', '2025-01-01 00:00:00');
INSERT INTO product_variants (id, product_id, color_id, size_id, price_id, material_id, season_id, status, created_date, updated_date) VALUES (2053, 150, 3, 1, 2053, 1, 4, 'active', '2025-01-01 00:00:00', '2025-01-01 00:00:00');
INSERT INTO prices (id, base_price, sale_price, status, created_date, updated_date) VALUES (2054, 59.95, 47, 'active', '2025-01-01 00:00:00', '2025-01-01 00:00:00');
INSERT INTO product_variants (id, product_id, color_id, size_id, price_id, material_id, season_id, status, created_date, updated_date) VALUES (2054, 150, 3, 8, 2054, 2, 4, 'active', '2025-01-01 00:00:00', '2025-01-01 00:00:00');
INSERT INTO prices (id, base_price, sale_price, status, created_date, updated_date) VALUES (2055, 59.95, 47, 'active', '2025-01-01 00:00:00', '2025-01-01 00:00:00');
INSERT INTO product_variants (id, product_id, color_id, size_id, price_id, material_id, season_id, status, created_date, updated_date) VALUES (2055, 150, 6, 2, 2055, 4, 2, 'active', '2025-01-01 00:00:00', '2025-01-01 00:00:00');
INSERT INTO prices (id, base_price, sale_price, status, created_date, updated_date) VALUES (2056, 59.95, 47, 'active', '2025-01-01 00:00:00', '2025-01-01 00:00:00');
INSERT INTO product_variants (id, product_id, color_id, size_id, price_id, material_id, season_id, status, created_date, updated_date) VALUES (2056, 150, 6, 10, 2056, 3, 1, 'active', '2025-01-01 00:00:00', '2025-01-01 00:00:00');
INSERT INTO prices (id, base_price, sale_price, status, created_date, updated_date) VALUES (2057, 59.95, 47, 'active', '2025-01-01 00:00:00', '2025-01-01 00:00:00');
INSERT INTO product_variants (id, product_id, color_id, size_id, price_id, material_id, season_id, status, created_date, updated_date) VALUES (2057, 150, 4, 4, 2057, 5, 1, 'active', '2025-01-01 00:00:00', '2025-01-01 00:00:00');
INSERT INTO prices (id, base_price, sale_price, status, created_date, updated_date) VALUES (2058, 59.95, 47, 'active', '2025-01-01 00:00:00', '2025-01-01 00:00:00');
INSERT INTO product_variants (id, product_id, color_id, size_id, price_id, material_id, season_id, status, created_date, updated_date) VALUES (2058, 150, 4, 7, 2058, 5, 3, 'active', '2025-01-01 00:00:00', '2025-01-01 00:00:00');
INSERT INTO prices (id, base_price, sale_price, status, created_date, updated_date) VALUES (2059, 59.95, 47, 'active', '2025-01-01 00:00:00', '2025-01-01 00:00:00');
INSERT INTO product_variants (id, product_id, color_id, size_id, price_id, material_id, season_id, status, created_date, updated_date) VALUES (2059, 150, 2, 8, 2059, 7, 1, 'active', '2025-01-01 00:00:00', '2025-01-01 00:00:00');
INSERT INTO prices (id, base_price, sale_price, status, created_date, updated_date) VALUES (2060, 59.95, 47, 'active', '2025-01-01 00:00:00', '2025-01-01 00:00:00');
INSERT INTO product_variants (id, product_id, color_id, size_id, price_id, material_id, season_id, status, created_date, updated_date) VALUES (2060, 150, 2, 4, 2060, 3, 3, 'active', '2025-01-01 00:00:00', '2025-01-01 00:00:00');
INSERT INTO prices (id, base_price, sale_price, status, created_date, updated_date) VALUES (2061, 59.95, 47, 'active', '2025-01-01 00:00:00', '2025-01-01 00:00:00');
INSERT INTO product_variants (id, product_id, color_id, size_id, price_id, material_id, season_id, status, created_date, updated_date) VALUES (2061, 150, 9, 5, 2061, 6, 1, 'active', '2025-01-01 00:00:00', '2025-01-01 00:00:00');
INSERT INTO prices (id, base_price, sale_price, status, created_date, updated_date) VALUES (2062, 59.95, 47, 'active', '2025-01-01 00:00:00', '2025-01-01 00:00:00');
INSERT INTO product_variants (id, product_id, color_id, size_id, price_id, material_id, season_id, status, created_date, updated_date) VALUES (2062, 150, 9, 4, 2062, 5, 2, 'active', '2025-01-01 00:00:00', '2025-01-01 00:00:00');
INSERT INTO prices (id, base_price, sale_price, status, created_date, updated_date) VALUES (2063, 59.95, 47, 'active', '2025-01-01 00:00:00', '2025-01-01 00:00:00');
INSERT INTO product_variants (id, product_id, color_id, size_id, price_id, material_id, season_id, status, created_date, updated_date) VALUES (2063, 150, 4, 5, 2063, 7, 3, 'active', '2025-01-01 00:00:00', '2025-01-01 00:00:00');
INSERT INTO prices (id, base_price, sale_price, status, created_date, updated_date) VALUES (2064, 59.95, 47, 'active', '2025-01-01 00:00:00', '2025-01-01 00:00:00');
INSERT INTO product_variants (id, product_id, color_id, size_id, price_id, material_id, season_id, status, created_date, updated_date) VALUES (2064, 150, 4, 6, 2064, 2, 3, 'active', '2025-01-01 00:00:00', '2025-01-01 00:00:00');
INSERT INTO prices (id, base_price, sale_price, status, created_date, updated_date) VALUES (2065, 59.95, 47, 'active', '2025-01-01 00:00:00', '2025-01-01 00:00:00');
INSERT INTO product_variants (id, product_id, color_id, size_id, price_id, material_id, season_id, status, created_date, updated_date) VALUES (2065, 150, 1, 10, 2065, 6, 3, 'active', '2025-01-01 00:00:00', '2025-01-01 00:00:00');
INSERT INTO prices (id, base_price, sale_price, status, created_date, updated_date) VALUES (2066, 59.95, 47, 'active', '2025-01-01 00:00:00', '2025-01-01 00:00:00');
INSERT INTO product_variants (id, product_id, color_id, size_id, price_id, material_id, season_id, status, created_date, updated_date) VALUES (2066, 150, 1, 6, 2066, 7, 3, 'active', '2025-01-01 00:00:00', '2025-01-01 00:00:00');
INSERT INTO prices (id, base_price, sale_price, status, created_date, updated_date) VALUES (2067, 59.95, 47, 'active', '2025-01-01 00:00:00', '2025-01-01 00:00:00');
INSERT INTO product_variants (id, product_id, color_id, size_id, price_id, material_id, season_id, status, created_date, updated_date) VALUES (2067, 150, 3, 10, 2067, 1, 3, 'active', '2025-01-01 00:00:00', '2025-01-01 00:00:00');
INSERT INTO prices (id, base_price, sale_price, status, created_date, updated_date) VALUES (2068, 59.95, 47, 'active', '2025-01-01 00:00:00', '2025-01-01 00:00:00');
INSERT INTO product_variants (id, product_id, color_id, size_id, price_id, material_id, season_id, status, created_date, updated_date) VALUES (2068, 150, 3, 4, 2068, 7, 3, 'active', '2025-01-01 00:00:00', '2025-01-01 00:00:00');
INSERT INTO prices (id, base_price, sale_price, status, created_date, updated_date) VALUES (2069, 59.95, 47, 'active', '2025-01-01 00:00:00', '2025-01-01 00:00:00');
INSERT INTO product_variants (id, product_id, color_id, size_id, price_id, material_id, season_id, status, created_date, updated_date) VALUES (2069, 150, 9, 2, 2069, 4, 1, 'active', '2025-01-01 00:00:00', '2025-01-01 00:00:00');
INSERT INTO prices (id, base_price, sale_price, status, created_date, updated_date) VALUES (2070, 59.95, 47, 'active', '2025-01-01 00:00:00', '2025-01-01 00:00:00');
INSERT INTO product_variants (id, product_id, color_id, size_id, price_id, material_id, season_id, status, created_date, updated_date) VALUES (2070, 150, 9, 5, 2070, 3, 4, 'active', '2025-01-01 00:00:00', '2025-01-01 00:00:00');
INSERT INTO prices (id, base_price, sale_price, status, created_date, updated_date) VALUES (2071, 59.95, 47, 'active', '2025-01-01 00:00:00', '2025-01-01 00:00:00');
INSERT INTO product_variants (id, product_id, color_id, size_id, price_id, material_id, season_id, status, created_date, updated_date) VALUES (2071, 150, 19, 8, 2071, 2, 1, 'active', '2025-01-01 00:00:00', '2025-01-01 00:00:00');
INSERT INTO prices (id, base_price, sale_price, status, created_date, updated_date) VALUES (2072, 59.95, 47, 'active', '2025-01-01 00:00:00', '2025-01-01 00:00:00');
INSERT INTO product_variants (id, product_id, color_id, size_id, price_id, material_id, season_id, status, created_date, updated_date) VALUES (2072, 150, 19, 9, 2072, 5, 4, 'active', '2025-01-01 00:00:00', '2025-01-01 00:00:00');
INSERT INTO prices (id, base_price, sale_price, status, created_date, updated_date) VALUES (2073, 59.95, 47, 'active', '2025-01-01 00:00:00', '2025-01-01 00:00:00');
INSERT INTO product_variants (id, product_id, color_id, size_id, price_id, material_id, season_id, status, created_date, updated_date) VALUES (2073, 150, 7, 8, 2073, 2, 3, 'active', '2025-01-01 00:00:00', '2025-01-01 00:00:00');
INSERT INTO prices (id, base_price, sale_price, status, created_date, updated_date) VALUES (2074, 59.95, 47, 'active', '2025-01-01 00:00:00', '2025-01-01 00:00:00');
INSERT INTO product_variants (id, product_id, color_id, size_id, price_id, material_id, season_id, status, created_date, updated_date) VALUES (2074, 150, 7, 3, 2074, 7, 1, 'active', '2025-01-01 00:00:00', '2025-01-01 00:00:00');
INSERT INTO prices (id, base_price, sale_price, status, created_date, updated_date) VALUES (2075, 59.95, 47, 'active', '2025-01-01 00:00:00', '2025-01-01 00:00:00');
INSERT INTO product_variants (id, product_id, color_id, size_id, price_id, material_id, season_id, status, created_date, updated_date) VALUES (2075, 150, 7, 4, 2075, 1, 2, 'active', '2025-01-01 00:00:00', '2025-01-01 00:00:00');
INSERT INTO product (id, name, description, category_id, status, created_date, updated_date, created_by, updated_by) VALUES (151, 'High Rise Stride Wide-Leg Jeans', 'Description for High Rise Stride Wide-Leg Jeans', 7, 'active', '2025-01-01 00:00:00', '2025-01-01 00:00:00', 1, 1);
INSERT INTO product_image (id, image_url, display_order, is_primary, product_id, created_date, updated_date) VALUES (921, 'https://www1.assets-gap.com/webcontent/0061/136/262/cn61136262.jpg?q=h&w=1152', 0, 1, 151, '2025-01-01 00:00:00', '2025-01-01 00:00:00');
INSERT INTO product_image (id, image_url, display_order, is_primary, product_id, created_date, updated_date) VALUES (922, 'https://www.gap.com/webcontent/0061/136/247/cn61136247.jpg', 1, 0, 151, '2025-01-01 00:00:00', '2025-01-01 00:00:00');
INSERT INTO product_image (id, image_url, display_order, is_primary, product_id, created_date, updated_date) VALUES (923, 'https://www.gap.com/webcontent/0061/136/250/cn61136250.jpg', 2, 0, 151, '2025-01-01 00:00:00', '2025-01-01 00:00:00');
INSERT INTO product_image (id, image_url, display_order, is_primary, product_id, created_date, updated_date) VALUES (924, 'https://www.gap.com/webcontent/0061/136/264/cn61136264.jpg', 3, 0, 151, '2025-01-01 00:00:00', '2025-01-01 00:00:00');
INSERT INTO product_image (id, image_url, display_order, is_primary, product_id, created_date, updated_date) VALUES (925, 'https://www.gap.com/webcontent/0061/136/258/cn61136258.jpg', 4, 0, 151, '2025-01-01 00:00:00', '2025-01-01 00:00:00');
INSERT INTO product_image (id, image_url, display_order, is_primary, product_id, created_date, updated_date) VALUES (926, 'https://www.gap.com/webcontent/0061/106/392/cn61106392.jpg', 5, 0, 151, '2025-01-01 00:00:00', '2025-01-01 00:00:00');
INSERT INTO product_image (id, image_url, display_order, is_primary, product_id, created_date, updated_date) VALUES (927, 'https://www.gap.com/webcontent/0061/136/275/cn61136275.jpg', 6, 0, 151, '2025-01-01 00:00:00', '2025-01-01 00:00:00');
INSERT INTO product_image (id, image_url, display_order, is_primary, product_id, created_date, updated_date) VALUES (928, 'https://www.gap.com/webcontent/0061/040/106/cn61040106.jpg', 7, 0, 151, '2025-01-01 00:00:00', '2025-01-01 00:00:00');
INSERT INTO product_image (id, image_url, display_order, is_primary, product_id, created_date, updated_date) VALUES (929, 'https://www.gap.com/webcontent/0061/255/278/cn61255278.jpg', 8, 0, 151, '2025-01-01 00:00:00', '2025-01-01 00:00:00');
INSERT INTO prices (id, base_price, sale_price, status, created_date, updated_date) VALUES (2076, 89.95, 71, 'active', '2025-01-01 00:00:00', '2025-01-01 00:00:00');
INSERT INTO product_variants (id, product_id, color_id, size_id, price_id, material_id, season_id, status, created_date, updated_date) VALUES (2076, 151, 5, 7, 2076, 2, 4, 'active', '2025-01-01 00:00:00', '2025-01-01 00:00:00');
INSERT INTO prices (id, base_price, sale_price, status, created_date, updated_date) VALUES (2077, 89.95, 71, 'active', '2025-01-01 00:00:00', '2025-01-01 00:00:00');
INSERT INTO product_variants (id, product_id, color_id, size_id, price_id, material_id, season_id, status, created_date, updated_date) VALUES (2077, 151, 5, 4, 2077, 2, 4, 'active', '2025-01-01 00:00:00', '2025-01-01 00:00:00');
INSERT INTO prices (id, base_price, sale_price, status, created_date, updated_date) VALUES (2078, 89.95, 71, 'active', '2025-01-01 00:00:00', '2025-01-01 00:00:00');
INSERT INTO product_variants (id, product_id, color_id, size_id, price_id, material_id, season_id, status, created_date, updated_date) VALUES (2078, 151, 5, 8, 2078, 7, 3, 'active', '2025-01-01 00:00:00', '2025-01-01 00:00:00');
INSERT INTO prices (id, base_price, sale_price, status, created_date, updated_date) VALUES (2079, 89.95, 71, 'active', '2025-01-01 00:00:00', '2025-01-01 00:00:00');
INSERT INTO product_variants (id, product_id, color_id, size_id, price_id, material_id, season_id, status, created_date, updated_date) VALUES (2079, 151, 8, 1, 2079, 6, 1, 'active', '2025-01-01 00:00:00', '2025-01-01 00:00:00');
INSERT INTO prices (id, base_price, sale_price, status, created_date, updated_date) VALUES (2080, 89.95, 71, 'active', '2025-01-01 00:00:00', '2025-01-01 00:00:00');
INSERT INTO product_variants (id, product_id, color_id, size_id, price_id, material_id, season_id, status, created_date, updated_date) VALUES (2080, 151, 8, 7, 2080, 5, 3, 'active', '2025-01-01 00:00:00', '2025-01-01 00:00:00');
INSERT INTO prices (id, base_price, sale_price, status, created_date, updated_date) VALUES (2081, 89.95, 71, 'active', '2025-01-01 00:00:00', '2025-01-01 00:00:00');
INSERT INTO product_variants (id, product_id, color_id, size_id, price_id, material_id, season_id, status, created_date, updated_date) VALUES (2081, 151, 8, 8, 2081, 1, 4, 'active', '2025-01-01 00:00:00', '2025-01-01 00:00:00');
INSERT INTO prices (id, base_price, sale_price, status, created_date, updated_date) VALUES (2082, 89.95, 71, 'active', '2025-01-01 00:00:00', '2025-01-01 00:00:00');
INSERT INTO product_variants (id, product_id, color_id, size_id, price_id, material_id, season_id, status, created_date, updated_date) VALUES (2082, 151, 5, 9, 2082, 7, 4, 'active', '2025-01-01 00:00:00', '2025-01-01 00:00:00');
INSERT INTO prices (id, base_price, sale_price, status, created_date, updated_date) VALUES (2083, 89.95, 71, 'active', '2025-01-01 00:00:00', '2025-01-01 00:00:00');
INSERT INTO product_variants (id, product_id, color_id, size_id, price_id, material_id, season_id, status, created_date, updated_date) VALUES (2083, 151, 5, 5, 2083, 1, 3, 'active', '2025-01-01 00:00:00', '2025-01-01 00:00:00');
INSERT INTO prices (id, base_price, sale_price, status, created_date, updated_date) VALUES (2084, 89.95, 71, 'active', '2025-01-01 00:00:00', '2025-01-01 00:00:00');
INSERT INTO product_variants (id, product_id, color_id, size_id, price_id, material_id, season_id, status, created_date, updated_date) VALUES (2084, 151, 4, 10, 2084, 5, 3, 'active', '2025-01-01 00:00:00', '2025-01-01 00:00:00');
INSERT INTO prices (id, base_price, sale_price, status, created_date, updated_date) VALUES (2085, 89.95, 71, 'active', '2025-01-01 00:00:00', '2025-01-01 00:00:00');
INSERT INTO product_variants (id, product_id, color_id, size_id, price_id, material_id, season_id, status, created_date, updated_date) VALUES (2085, 151, 4, 1, 2085, 5, 4, 'active', '2025-01-01 00:00:00', '2025-01-01 00:00:00');
INSERT INTO prices (id, base_price, sale_price, status, created_date, updated_date) VALUES (2086, 89.95, 71, 'active', '2025-01-01 00:00:00', '2025-01-01 00:00:00');
INSERT INTO product_variants (id, product_id, color_id, size_id, price_id, material_id, season_id, status, created_date, updated_date) VALUES (2086, 151, 8, 3, 2086, 1, 4, 'active', '2025-01-01 00:00:00', '2025-01-01 00:00:00');
INSERT INTO prices (id, base_price, sale_price, status, created_date, updated_date) VALUES (2087, 89.95, 71, 'active', '2025-01-01 00:00:00', '2025-01-01 00:00:00');
INSERT INTO product_variants (id, product_id, color_id, size_id, price_id, material_id, season_id, status, created_date, updated_date) VALUES (2087, 151, 8, 4, 2087, 4, 1, 'active', '2025-01-01 00:00:00', '2025-01-01 00:00:00');
INSERT INTO prices (id, base_price, sale_price, status, created_date, updated_date) VALUES (2088, 89.95, 71, 'active', '2025-01-01 00:00:00', '2025-01-01 00:00:00');
INSERT INTO product_variants (id, product_id, color_id, size_id, price_id, material_id, season_id, status, created_date, updated_date) VALUES (2088, 151, 8, 2, 2088, 2, 2, 'active', '2025-01-01 00:00:00', '2025-01-01 00:00:00');
INSERT INTO prices (id, base_price, sale_price, status, created_date, updated_date) VALUES (2089, 89.95, 71, 'active', '2025-01-01 00:00:00', '2025-01-01 00:00:00');
INSERT INTO product_variants (id, product_id, color_id, size_id, price_id, material_id, season_id, status, created_date, updated_date) VALUES (2089, 151, 5, 2, 2089, 6, 2, 'active', '2025-01-01 00:00:00', '2025-01-01 00:00:00');
INSERT INTO prices (id, base_price, sale_price, status, created_date, updated_date) VALUES (2090, 89.95, 71, 'active', '2025-01-01 00:00:00', '2025-01-01 00:00:00');
INSERT INTO product_variants (id, product_id, color_id, size_id, price_id, material_id, season_id, status, created_date, updated_date) VALUES (2090, 151, 5, 4, 2090, 2, 2, 'active', '2025-01-01 00:00:00', '2025-01-01 00:00:00');
INSERT INTO prices (id, base_price, sale_price, status, created_date, updated_date) VALUES (2091, 89.95, 71, 'active', '2025-01-01 00:00:00', '2025-01-01 00:00:00');
INSERT INTO product_variants (id, product_id, color_id, size_id, price_id, material_id, season_id, status, created_date, updated_date) VALUES (2091, 151, 5, 1, 2091, 3, 4, 'active', '2025-01-01 00:00:00', '2025-01-01 00:00:00');
INSERT INTO prices (id, base_price, sale_price, status, created_date, updated_date) VALUES (2092, 89.95, 71, 'active', '2025-01-01 00:00:00', '2025-01-01 00:00:00');
INSERT INTO product_variants (id, product_id, color_id, size_id, price_id, material_id, season_id, status, created_date, updated_date) VALUES (2092, 151, 2, 5, 2092, 4, 1, 'active', '2025-01-01 00:00:00', '2025-01-01 00:00:00');
INSERT INTO prices (id, base_price, sale_price, status, created_date, updated_date) VALUES (2093, 89.95, 71, 'active', '2025-01-01 00:00:00', '2025-01-01 00:00:00');
INSERT INTO product_variants (id, product_id, color_id, size_id, price_id, material_id, season_id, status, created_date, updated_date) VALUES (2093, 151, 2, 10, 2093, 3, 3, 'active', '2025-01-01 00:00:00', '2025-01-01 00:00:00');
INSERT INTO prices (id, base_price, sale_price, status, created_date, updated_date) VALUES (2094, 89.95, 71, 'active', '2025-01-01 00:00:00', '2025-01-01 00:00:00');
INSERT INTO product_variants (id, product_id, color_id, size_id, price_id, material_id, season_id, status, created_date, updated_date) VALUES (2094, 151, 5, 6, 2094, 2, 1, 'active', '2025-01-01 00:00:00', '2025-01-01 00:00:00');
INSERT INTO prices (id, base_price, sale_price, status, created_date, updated_date) VALUES (2095, 89.95, 71, 'active', '2025-01-01 00:00:00', '2025-01-01 00:00:00');
INSERT INTO product_variants (id, product_id, color_id, size_id, price_id, material_id, season_id, status, created_date, updated_date) VALUES (2095, 151, 5, 9, 2095, 2, 1, 'active', '2025-01-01 00:00:00', '2025-01-01 00:00:00');
INSERT INTO prices (id, base_price, sale_price, status, created_date, updated_date) VALUES (2096, 89.95, 71, 'active', '2025-01-01 00:00:00', '2025-01-01 00:00:00');
INSERT INTO product_variants (id, product_id, color_id, size_id, price_id, material_id, season_id, status, created_date, updated_date) VALUES (2096, 151, 4, 9, 2096, 7, 2, 'active', '2025-01-01 00:00:00', '2025-01-01 00:00:00');
INSERT INTO prices (id, base_price, sale_price, status, created_date, updated_date) VALUES (2097, 89.95, 71, 'active', '2025-01-01 00:00:00', '2025-01-01 00:00:00');
INSERT INTO product_variants (id, product_id, color_id, size_id, price_id, material_id, season_id, status, created_date, updated_date) VALUES (2097, 151, 4, 1, 2097, 3, 4, 'active', '2025-01-01 00:00:00', '2025-01-01 00:00:00');
INSERT INTO prices (id, base_price, sale_price, status, created_date, updated_date) VALUES (2098, 89.95, 71, 'active', '2025-01-01 00:00:00', '2025-01-01 00:00:00');
INSERT INTO product_variants (id, product_id, color_id, size_id, price_id, material_id, season_id, status, created_date, updated_date) VALUES (2098, 151, 4, 6, 2098, 2, 3, 'active', '2025-01-01 00:00:00', '2025-01-01 00:00:00');
INSERT INTO prices (id, base_price, sale_price, status, created_date, updated_date) VALUES (2099, 89.95, 71, 'active', '2025-01-01 00:00:00', '2025-01-01 00:00:00');
INSERT INTO product_variants (id, product_id, color_id, size_id, price_id, material_id, season_id, status, created_date, updated_date) VALUES (2099, 151, 2, 5, 2099, 6, 3, 'active', '2025-01-01 00:00:00', '2025-01-01 00:00:00');
INSERT INTO prices (id, base_price, sale_price, status, created_date, updated_date) VALUES (2100, 89.95, 71, 'active', '2025-01-01 00:00:00', '2025-01-01 00:00:00');
INSERT INTO product_variants (id, product_id, color_id, size_id, price_id, material_id, season_id, status, created_date, updated_date) VALUES (2100, 151, 2, 10, 2100, 5, 4, 'active', '2025-01-01 00:00:00', '2025-01-01 00:00:00');
INSERT INTO prices (id, base_price, sale_price, status, created_date, updated_date) VALUES (2101, 89.95, 71, 'active', '2025-01-01 00:00:00', '2025-01-01 00:00:00');
INSERT INTO product_variants (id, product_id, color_id, size_id, price_id, material_id, season_id, status, created_date, updated_date) VALUES (2101, 151, 5, 9, 2101, 3, 4, 'active', '2025-01-01 00:00:00', '2025-01-01 00:00:00');
INSERT INTO prices (id, base_price, sale_price, status, created_date, updated_date) VALUES (2102, 89.95, 71, 'active', '2025-01-01 00:00:00', '2025-01-01 00:00:00');
INSERT INTO product_variants (id, product_id, color_id, size_id, price_id, material_id, season_id, status, created_date, updated_date) VALUES (2102, 151, 8, 10, 2102, 2, 1, 'active', '2025-01-01 00:00:00', '2025-01-01 00:00:00');
INSERT INTO prices (id, base_price, sale_price, status, created_date, updated_date) VALUES (2103, 89.95, 71, 'active', '2025-01-01 00:00:00', '2025-01-01 00:00:00');
INSERT INTO product_variants (id, product_id, color_id, size_id, price_id, material_id, season_id, status, created_date, updated_date) VALUES (2103, 151, 8, 4, 2103, 4, 1, 'active', '2025-01-01 00:00:00', '2025-01-01 00:00:00');
INSERT INTO prices (id, base_price, sale_price, status, created_date, updated_date) VALUES (2104, 89.95, 71, 'active', '2025-01-01 00:00:00', '2025-01-01 00:00:00');
INSERT INTO product_variants (id, product_id, color_id, size_id, price_id, material_id, season_id, status, created_date, updated_date) VALUES (2104, 151, 6, 7, 2104, 5, 1, 'active', '2025-01-01 00:00:00', '2025-01-01 00:00:00');
INSERT INTO prices (id, base_price, sale_price, status, created_date, updated_date) VALUES (2105, 89.95, 71, 'active', '2025-01-01 00:00:00', '2025-01-01 00:00:00');
INSERT INTO product_variants (id, product_id, color_id, size_id, price_id, material_id, season_id, status, created_date, updated_date) VALUES (2105, 151, 6, 6, 2105, 2, 3, 'active', '2025-01-01 00:00:00', '2025-01-01 00:00:00');
INSERT INTO prices (id, base_price, sale_price, status, created_date, updated_date) VALUES (2106, 89.95, 71, 'active', '2025-01-01 00:00:00', '2025-01-01 00:00:00');
INSERT INTO product_variants (id, product_id, color_id, size_id, price_id, material_id, season_id, status, created_date, updated_date) VALUES (2106, 151, 8, 4, 2106, 4, 1, 'active', '2025-01-01 00:00:00', '2025-01-01 00:00:00');
INSERT INTO prices (id, base_price, sale_price, status, created_date, updated_date) VALUES (2107, 89.95, 71, 'active', '2025-01-01 00:00:00', '2025-01-01 00:00:00');
INSERT INTO product_variants (id, product_id, color_id, size_id, price_id, material_id, season_id, status, created_date, updated_date) VALUES (2107, 151, 8, 2, 2107, 3, 4, 'active', '2025-01-01 00:00:00', '2025-01-01 00:00:00');
INSERT INTO prices (id, base_price, sale_price, status, created_date, updated_date) VALUES (2108, 89.95, 71, 'active', '2025-01-01 00:00:00', '2025-01-01 00:00:00');
INSERT INTO product_variants (id, product_id, color_id, size_id, price_id, material_id, season_id, status, created_date, updated_date) VALUES (2108, 151, 5, 8, 2108, 4, 1, 'active', '2025-01-01 00:00:00', '2025-01-01 00:00:00');
INSERT INTO prices (id, base_price, sale_price, status, created_date, updated_date) VALUES (2109, 89.95, 71, 'active', '2025-01-01 00:00:00', '2025-01-01 00:00:00');
INSERT INTO product_variants (id, product_id, color_id, size_id, price_id, material_id, season_id, status, created_date, updated_date) VALUES (2109, 151, 5, 1, 2109, 5, 3, 'active', '2025-01-01 00:00:00', '2025-01-01 00:00:00');
INSERT INTO prices (id, base_price, sale_price, status, created_date, updated_date) VALUES (2110, 89.95, 71, 'active', '2025-01-01 00:00:00', '2025-01-01 00:00:00');
INSERT INTO product_variants (id, product_id, color_id, size_id, price_id, material_id, season_id, status, created_date, updated_date) VALUES (2110, 151, 2, 2, 2110, 6, 1, 'active', '2025-01-01 00:00:00', '2025-01-01 00:00:00');
INSERT INTO prices (id, base_price, sale_price, status, created_date, updated_date) VALUES (2111, 89.95, 71, 'active', '2025-01-01 00:00:00', '2025-01-01 00:00:00');
INSERT INTO product_variants (id, product_id, color_id, size_id, price_id, material_id, season_id, status, created_date, updated_date) VALUES (2111, 151, 2, 7, 2111, 7, 1, 'active', '2025-01-01 00:00:00', '2025-01-01 00:00:00');
INSERT INTO prices (id, base_price, sale_price, status, created_date, updated_date) VALUES (2112, 89.95, 71, 'active', '2025-01-01 00:00:00', '2025-01-01 00:00:00');
INSERT INTO product_variants (id, product_id, color_id, size_id, price_id, material_id, season_id, status, created_date, updated_date) VALUES (2112, 151, 2, 9, 2112, 2, 4, 'active', '2025-01-01 00:00:00', '2025-01-01 00:00:00');
INSERT INTO product (id, name, description, category_id, status, created_date, updated_date, created_by, updated_by) VALUES (152, 'VintageSoft Baggy Wide-Leg Sweatpants', 'Description for VintageSoft Baggy Wide-Leg Sweatpants', 7, 'active', '2025-01-01 00:00:00', '2025-01-01 00:00:00', 1, 1);
INSERT INTO product_image (id, image_url, display_order, is_primary, product_id, created_date, updated_date) VALUES (930, 'https://www1.assets-gap.com/webcontent/0060/760/878/cn60760878.jpg?q=h&w=1152', 0, 1, 152, '2025-01-01 00:00:00', '2025-01-01 00:00:00');
INSERT INTO product_image (id, image_url, display_order, is_primary, product_id, created_date, updated_date) VALUES (931, 'https://www.gap.com/webcontent/0060/760/864/cn60760864.jpg', 1, 0, 152, '2025-01-01 00:00:00', '2025-01-01 00:00:00');
INSERT INTO product_image (id, image_url, display_order, is_primary, product_id, created_date, updated_date) VALUES (932, 'https://www.gap.com/webcontent/0060/760/882/cn60760882.jpg', 2, 0, 152, '2025-01-01 00:00:00', '2025-01-01 00:00:00');
INSERT INTO product_image (id, image_url, display_order, is_primary, product_id, created_date, updated_date) VALUES (933, 'https://www.gap.com/webcontent/0060/760/896/cn60760896.jpg', 3, 0, 152, '2025-01-01 00:00:00', '2025-01-01 00:00:00');
INSERT INTO product_image (id, image_url, display_order, is_primary, product_id, created_date, updated_date) VALUES (934, 'https://www.gap.com/webcontent/0060/760/908/cn60760908.jpg', 4, 0, 152, '2025-01-01 00:00:00', '2025-01-01 00:00:00');
INSERT INTO product_image (id, image_url, display_order, is_primary, product_id, created_date, updated_date) VALUES (935, 'https://www.gap.com/webcontent/0060/760/947/cn60760947.jpg', 5, 0, 152, '2025-01-01 00:00:00', '2025-01-01 00:00:00');
INSERT INTO product_image (id, image_url, display_order, is_primary, product_id, created_date, updated_date) VALUES (936, 'https://www.gap.com/webcontent/0060/760/928/cn60760928.jpg', 6, 0, 152, '2025-01-01 00:00:00', '2025-01-01 00:00:00');
INSERT INTO prices (id, base_price, sale_price, status, created_date, updated_date) VALUES (2113, 64.95, 51, 'active', '2025-01-01 00:00:00', '2025-01-01 00:00:00');
INSERT INTO product_variants (id, product_id, color_id, size_id, price_id, material_id, season_id, status, created_date, updated_date) VALUES (2113, 152, 11, 9, 2113, 4, 4, 'active', '2025-01-01 00:00:00', '2025-01-01 00:00:00');
INSERT INTO prices (id, base_price, sale_price, status, created_date, updated_date) VALUES (2114, 64.95, 51, 'active', '2025-01-01 00:00:00', '2025-01-01 00:00:00');
INSERT INTO product_variants (id, product_id, color_id, size_id, price_id, material_id, season_id, status, created_date, updated_date) VALUES (2114, 152, 11, 4, 2114, 6, 4, 'active', '2025-01-01 00:00:00', '2025-01-01 00:00:00');
INSERT INTO prices (id, base_price, sale_price, status, created_date, updated_date) VALUES (2115, 64.95, 51, 'active', '2025-01-01 00:00:00', '2025-01-01 00:00:00');
INSERT INTO product_variants (id, product_id, color_id, size_id, price_id, material_id, season_id, status, created_date, updated_date) VALUES (2115, 152, 3, 3, 2115, 2, 2, 'active', '2025-01-01 00:00:00', '2025-01-01 00:00:00');
INSERT INTO prices (id, base_price, sale_price, status, created_date, updated_date) VALUES (2116, 64.95, 51, 'active', '2025-01-01 00:00:00', '2025-01-01 00:00:00');
INSERT INTO product_variants (id, product_id, color_id, size_id, price_id, material_id, season_id, status, created_date, updated_date) VALUES (2116, 152, 3, 9, 2116, 4, 4, 'active', '2025-01-01 00:00:00', '2025-01-01 00:00:00');
INSERT INTO prices (id, base_price, sale_price, status, created_date, updated_date) VALUES (2117, 64.95, 51, 'active', '2025-01-01 00:00:00', '2025-01-01 00:00:00');
INSERT INTO product_variants (id, product_id, color_id, size_id, price_id, material_id, season_id, status, created_date, updated_date) VALUES (2117, 152, 2, 1, 2117, 3, 2, 'active', '2025-01-01 00:00:00', '2025-01-01 00:00:00');
INSERT INTO prices (id, base_price, sale_price, status, created_date, updated_date) VALUES (2118, 64.95, 51, 'active', '2025-01-01 00:00:00', '2025-01-01 00:00:00');
INSERT INTO product_variants (id, product_id, color_id, size_id, price_id, material_id, season_id, status, created_date, updated_date) VALUES (2118, 152, 2, 4, 2118, 3, 2, 'active', '2025-01-01 00:00:00', '2025-01-01 00:00:00');
INSERT INTO prices (id, base_price, sale_price, status, created_date, updated_date) VALUES (2119, 64.95, 51, 'active', '2025-01-01 00:00:00', '2025-01-01 00:00:00');
INSERT INTO product_variants (id, product_id, color_id, size_id, price_id, material_id, season_id, status, created_date, updated_date) VALUES (2119, 152, 3, 5, 2119, 4, 3, 'active', '2025-01-01 00:00:00', '2025-01-01 00:00:00');
INSERT INTO prices (id, base_price, sale_price, status, created_date, updated_date) VALUES (2120, 64.95, 51, 'active', '2025-01-01 00:00:00', '2025-01-01 00:00:00');
INSERT INTO product_variants (id, product_id, color_id, size_id, price_id, material_id, season_id, status, created_date, updated_date) VALUES (2120, 152, 3, 4, 2120, 3, 2, 'active', '2025-01-01 00:00:00', '2025-01-01 00:00:00');
INSERT INTO prices (id, base_price, sale_price, status, created_date, updated_date) VALUES (2121, 64.95, 51, 'active', '2025-01-01 00:00:00', '2025-01-01 00:00:00');
INSERT INTO product_variants (id, product_id, color_id, size_id, price_id, material_id, season_id, status, created_date, updated_date) VALUES (2121, 152, 4, 5, 2121, 5, 4, 'active', '2025-01-01 00:00:00', '2025-01-01 00:00:00');
INSERT INTO prices (id, base_price, sale_price, status, created_date, updated_date) VALUES (2122, 64.95, 51, 'active', '2025-01-01 00:00:00', '2025-01-01 00:00:00');
INSERT INTO product_variants (id, product_id, color_id, size_id, price_id, material_id, season_id, status, created_date, updated_date) VALUES (2122, 152, 4, 7, 2122, 3, 2, 'active', '2025-01-01 00:00:00', '2025-01-01 00:00:00');
INSERT INTO prices (id, base_price, sale_price, status, created_date, updated_date) VALUES (2123, 64.95, 51, 'active', '2025-01-01 00:00:00', '2025-01-01 00:00:00');
INSERT INTO product_variants (id, product_id, color_id, size_id, price_id, material_id, season_id, status, created_date, updated_date) VALUES (2123, 152, 2, 1, 2123, 3, 2, 'active', '2025-01-01 00:00:00', '2025-01-01 00:00:00');
INSERT INTO prices (id, base_price, sale_price, status, created_date, updated_date) VALUES (2124, 64.95, 51, 'active', '2025-01-01 00:00:00', '2025-01-01 00:00:00');
INSERT INTO product_variants (id, product_id, color_id, size_id, price_id, material_id, season_id, status, created_date, updated_date) VALUES (2124, 152, 2, 5, 2124, 6, 4, 'active', '2025-01-01 00:00:00', '2025-01-01 00:00:00');
INSERT INTO prices (id, base_price, sale_price, status, created_date, updated_date) VALUES (2125, 64.95, 51, 'active', '2025-01-01 00:00:00', '2025-01-01 00:00:00');
INSERT INTO product_variants (id, product_id, color_id, size_id, price_id, material_id, season_id, status, created_date, updated_date) VALUES (2125, 152, 9, 10, 2125, 5, 2, 'active', '2025-01-01 00:00:00', '2025-01-01 00:00:00');
INSERT INTO prices (id, base_price, sale_price, status, created_date, updated_date) VALUES (2126, 64.95, 51, 'active', '2025-01-01 00:00:00', '2025-01-01 00:00:00');
INSERT INTO product_variants (id, product_id, color_id, size_id, price_id, material_id, season_id, status, created_date, updated_date) VALUES (2126, 152, 9, 2, 2126, 2, 3, 'active', '2025-01-01 00:00:00', '2025-01-01 00:00:00');
INSERT INTO prices (id, base_price, sale_price, status, created_date, updated_date) VALUES (2127, 64.95, 51, 'active', '2025-01-01 00:00:00', '2025-01-01 00:00:00');
INSERT INTO product_variants (id, product_id, color_id, size_id, price_id, material_id, season_id, status, created_date, updated_date) VALUES (2127, 152, 9, 1, 2127, 1, 2, 'active', '2025-01-01 00:00:00', '2025-01-01 00:00:00');
INSERT INTO prices (id, base_price, sale_price, status, created_date, updated_date) VALUES (2128, 64.95, 51, 'active', '2025-01-01 00:00:00', '2025-01-01 00:00:00');
INSERT INTO product_variants (id, product_id, color_id, size_id, price_id, material_id, season_id, status, created_date, updated_date) VALUES (2128, 152, 4, 7, 2128, 4, 1, 'active', '2025-01-01 00:00:00', '2025-01-01 00:00:00');
INSERT INTO prices (id, base_price, sale_price, status, created_date, updated_date) VALUES (2129, 64.95, 51, 'active', '2025-01-01 00:00:00', '2025-01-01 00:00:00');
INSERT INTO product_variants (id, product_id, color_id, size_id, price_id, material_id, season_id, status, created_date, updated_date) VALUES (2129, 152, 4, 6, 2129, 6, 2, 'active', '2025-01-01 00:00:00', '2025-01-01 00:00:00');
INSERT INTO prices (id, base_price, sale_price, status, created_date, updated_date) VALUES (2130, 64.95, 51, 'active', '2025-01-01 00:00:00', '2025-01-01 00:00:00');
INSERT INTO product_variants (id, product_id, color_id, size_id, price_id, material_id, season_id, status, created_date, updated_date) VALUES (2130, 152, 1, 7, 2130, 1, 3, 'active', '2025-01-01 00:00:00', '2025-01-01 00:00:00');
INSERT INTO prices (id, base_price, sale_price, status, created_date, updated_date) VALUES (2131, 64.95, 51, 'active', '2025-01-01 00:00:00', '2025-01-01 00:00:00');
INSERT INTO product_variants (id, product_id, color_id, size_id, price_id, material_id, season_id, status, created_date, updated_date) VALUES (2131, 152, 1, 2, 2131, 4, 3, 'active', '2025-01-01 00:00:00', '2025-01-01 00:00:00');
INSERT INTO prices (id, base_price, sale_price, status, created_date, updated_date) VALUES (2132, 64.95, 51, 'active', '2025-01-01 00:00:00', '2025-01-01 00:00:00');
INSERT INTO product_variants (id, product_id, color_id, size_id, price_id, material_id, season_id, status, created_date, updated_date) VALUES (2132, 152, 3, 10, 2132, 3, 2, 'active', '2025-01-01 00:00:00', '2025-01-01 00:00:00');
INSERT INTO prices (id, base_price, sale_price, status, created_date, updated_date) VALUES (2133, 64.95, 51, 'active', '2025-01-01 00:00:00', '2025-01-01 00:00:00');
INSERT INTO product_variants (id, product_id, color_id, size_id, price_id, material_id, season_id, status, created_date, updated_date) VALUES (2133, 152, 3, 7, 2133, 5, 1, 'active', '2025-01-01 00:00:00', '2025-01-01 00:00:00');
INSERT INTO prices (id, base_price, sale_price, status, created_date, updated_date) VALUES (2134, 64.95, 51, 'active', '2025-01-01 00:00:00', '2025-01-01 00:00:00');
INSERT INTO product_variants (id, product_id, color_id, size_id, price_id, material_id, season_id, status, created_date, updated_date) VALUES (2134, 152, 9, 7, 2134, 4, 1, 'active', '2025-01-01 00:00:00', '2025-01-01 00:00:00');
INSERT INTO prices (id, base_price, sale_price, status, created_date, updated_date) VALUES (2135, 64.95, 51, 'active', '2025-01-01 00:00:00', '2025-01-01 00:00:00');
INSERT INTO product_variants (id, product_id, color_id, size_id, price_id, material_id, season_id, status, created_date, updated_date) VALUES (2135, 152, 9, 2, 2135, 5, 2, 'active', '2025-01-01 00:00:00', '2025-01-01 00:00:00');
INSERT INTO prices (id, base_price, sale_price, status, created_date, updated_date) VALUES (2136, 64.95, 51, 'active', '2025-01-01 00:00:00', '2025-01-01 00:00:00');
INSERT INTO product_variants (id, product_id, color_id, size_id, price_id, material_id, season_id, status, created_date, updated_date) VALUES (2136, 152, 9, 1, 2136, 1, 4, 'active', '2025-01-01 00:00:00', '2025-01-01 00:00:00');
INSERT INTO prices (id, base_price, sale_price, status, created_date, updated_date) VALUES (2137, 64.95, 51, 'active', '2025-01-01 00:00:00', '2025-01-01 00:00:00');
INSERT INTO product_variants (id, product_id, color_id, size_id, price_id, material_id, season_id, status, created_date, updated_date) VALUES (2137, 152, 7, 8, 2137, 2, 4, 'active', '2025-01-01 00:00:00', '2025-01-01 00:00:00');
INSERT INTO prices (id, base_price, sale_price, status, created_date, updated_date) VALUES (2138, 64.95, 51, 'active', '2025-01-01 00:00:00', '2025-01-01 00:00:00');
INSERT INTO product_variants (id, product_id, color_id, size_id, price_id, material_id, season_id, status, created_date, updated_date) VALUES (2138, 152, 7, 5, 2138, 6, 2, 'active', '2025-01-01 00:00:00', '2025-01-01 00:00:00');